title;wikiname;Critical Review;Flowers of Literature;La Belle Assembl√©e;Monthly Review;Athenaeum;sum_reviews;binary;id
NA;A_BELEAGUERED_CITY;0;0;0;0;0;0;0;NA
a child of the jago;A_CHILD_OF_THE_JAGO;0;0;0;0;1;1;1;10450
NA;A_CHRISTMAS_CAROL;0;0;0;0;0;0;0;NA
NA;A_COMPLETE_COLLECTION_OF_GENTEEL_AND_INGENIOUS_CONVERSATION;0;0;0;0;0;0;0;NA
NA;A_CRYSTAL_AGE;0;0;0;0;0;0;0;NA
NA;A_DARK_NIGHT'S_WORK;0;0;0;0;1;1;1;NA
a drama in muslin;A_DRAMA_IN_MUSLIN;0;0;0;0;1;1;1;10441
NA;A_DREAM_OF_JOHN_BALL;0;0;0;0;0;0;0;NA
NA;A_HOLIDAY_ROMANCE;0;0;0;0;0;0;0;NA
NA;A_HOUSE_TO_LET;0;0;0;0;0;0;0;NA
NA;A_JOURNAL_OF_THE_PLAGUE_YEAR;0;0;0;0;0;0;0;NA
NA;A_JOURNEY_FROM_THIS_WORLD_TO_THE_NEXT;0;0;0;0;0;0;0;NA
NA;A_LADY'S_LIFE_IN_THE_ROCKY_MOUNTAINS;0;0;0;0;0;0;0;NA
NA;A_LAODICEAN;0;0;0;0;0;0;0;NA
NA;A_LEGEND_OF_MONTROSE;0;0;0;0;0;0;0;NA
NA;A_LITTLE_PRINCESS;0;0;0;0;0;0;0;NA
NA;A_MERE_ACCIDENT;0;0;0;0;0;0;0;NA
a modern utopia;A_MODERN_UTOPIA;0;0;0;0;1;1;1;10582
NA;A_MODEST_PROPOSAL;0;0;0;0;0;0;0;NA
a pair of blue eyes;A_PAIR_OF_BLUE_EYES;0;0;0;0;1;1;1;10265
NA;A_PATCH-WORK_SCREEN_FOR_THE_LADIES;0;0;0;0;0;0;0;NA
NA;A_POLITICAL_ROMANCE;0;0;0;0;0;0;0;NA
NA;A_RIDE_ACROSS_PALESTINE;0;0;0;0;0;0;0;NA
NA;A_ROMANCE_OF_TWO_WORLDS;0;0;0;0;0;0;0;NA
NA;A_ROOM_WITH_A_VIEW;0;0;0;0;0;0;0;NA
NA;A_SENTIMENTAL_JOURNEY_THROUGH_FRANCE_AND_ITALY;0;0;0;0;0;0;0;NA
NA;A_SICILIAN_ROMANCE;0;0;0;0;0;0;0;NA
a simple story;A_SIMPLE_STORY;1;0;0;1;0;2;1;10294
NA;A_SON_OF_THE_SOIL;0;0;0;0;1;1;1;NA
NA;A_SPORTSMAN'S_SKETCHES;0;0;0;0;1;1;1;NA
NA;A_STORY_OF_THE_STONE_AGE;0;0;0;0;0;0;0;NA
NA;A_STUDY_IN_SCARLET;0;0;0;0;0;0;0;NA
NA;A_TALE_OF_A_TUB;0;0;0;0;0;0;0;NA
NA;A_TALE_OF_TWO_CITIES;0;0;0;0;0;0;0;NA
a window in thrums;A_WINDOW_IN_THRUMS;0;0;0;0;1;1;1;10030
NA;A_WORLD_OF_GIRLS;0;0;0;0;0;0;0;NA
NA;ACROSS_THE_ZODIAC;0;0;0;0;0;0;0;NA
NA;ACTIONS_AND_REACTIONS;0;0;0;0;0;0;0;NA
adam bede;ADAM_BEDE;0;0;0;0;1;1;1;10200
adela cathcart;ADELA_CATHCART;0;0;0;0;1;1;1;10416
adeline mowbray, or, the mother and daughter;ADELINE_MOWBRAY;1;3;0;1;0;5;1;10470
NA;ADVENTURES_OF_A_PINCUSHION;0;0;0;0;0;0;0;NA
NA;AFTER_DARK;0;0;0;0;1;1;1;NA
NA;"AFTER_LONDON;_OR,_WILD_ENGLAND";0;0;0;0;0;0;0;NA
agnes grey, a novel;AGNES_GREY;0;0;0;0;1;1;1;10048
alec forbes of howglen;ALEC_FORBES_OF_HOWGLEN;0;0;0;0;1;1;1;10417
alice's adventures in wonderland;ALICE'S_ADVENTURES_IN_WONDERLAND;0;0;0;0;1;1;1;10093
NA;ALL_SORTS_AND_CONDITIONS_OF_MEN;0;0;0;0;0;0;0;NA
NA;ALLAN_QUATERMAIN_(NOVEL);0;0;0;0;0;0;0;NA
almayer's folly;ALMAYER'S_FOLLY;0;0;0;0;1;1;1;10106
alton locke;ALTON_LOCKE;0;0;0;0;1;1;1;10321
NA;AMY_FOSTER;0;0;0;0;0;0;0;NA
NA;AN_APOLOGY_FOR_THE_LIFE_OF_MRS._SHAMELA_ANDREWS;0;0;0;0;0;0;0;NA
an irish cousin;AN_IRISH_COUSIN;0;0;0;0;1;1;1;10545
NA;AN_OUTCAST_OF_THE_ISLANDS;0;0;0;0;0;0;0;NA
ann veronica;ANN_VERONICA;0;0;0;0;1;1;1;10583
anna st. ives;ANNA_ST_IVES;1;0;0;1;0;2;1;10290
NA;ANNALS_OF_THE_PARISH;0;0;0;1;0;1;1;NA
NA;ANTAR;0;0;0;0;0;0;0;NA
armadale;ARMADALE;0;0;0;0;1;1;1;10100
NA;ARTHUR_MERVYN;1;0;0;0;0;1;1;NA
NA;AT_THE_BACK_OF_THE_NORTH_WIND;0;0;0;0;1;1;1;NA
NA;AT_THE_END_OF_THE_PASSAGE;0;0;0;0;0;0;0;NA
auld licht idylls;AULD_LICHT_IDYLLS;0;0;0;0;1;1;1;10029
NA;AURORA_FLOYD;0;0;0;0;1;1;1;NA
NA;AYESHA_(NOVEL);0;0;0;0;1;1;1;NA
barchester towers;BARCHESTER_TOWERS;0;0;0;0;1;1;1;10574
NA;BASIL;0;0;0;0;1;1;1;NA
NA;BELINDA;1;2;0;1;1;5;1;NA
NA;BLACK_BEAUTY;0;0;0;0;0;0;0;NA
NA;BLEAK_HOUSE;0;0;0;0;1;1;1;NA
NA;BLIND_LOVE;0;0;0;0;0;0;0;NA
NA;BORN_IN_EXILE;0;0;0;0;0;0;0;NA
NA;BROKEN_TO_HARNESS;0;0;0;0;1;1;1;NA
things as they are, or the adventures of caleb williams;CALEB_WILLIAMS;1;0;0;1;0;2;1;10253
NA;CALLISTA_(NOVEL);0;0;0;0;0;0;0;NA
camilla, a picture of youth;CAMILLA;1;0;0;1;0;2;1;10065
NA;CAPTAIN_SINGLETON;0;0;0;0;0;0;0;NA
NA;CAPTAINS_COURAGEOUS;0;0;0;0;0;0;0;NA
NA;CARMILLA;0;0;0;0;0;0;0;NA
NA;CARNIVAL;0;0;0;0;0;0;0;NA
NA;CARROTS;0;0;0;0;0;0;0;NA
NA;CASTLE_RACKRENT;0;0;0;1;0;1;1;NA
NA;CASTLE_RICHMOND;0;0;0;0;1;1;1;NA
NA;CATHERINE,_A_STORY;0;0;0;0;0;0;0;NA
NA;CATRIONA;0;0;0;0;0;0;0;NA
NA;CECILIA;1;0;0;1;0;2;1;NA
celestina;CELESTINA;1;0;0;1;0;2;1;10537
NA;CELIBATES;0;0;0;0;0;0;0;NA
NA;CHANCE;0;0;0;0;0;0;0;NA
NA;CHARLOTTE_TEMPLE;0;0;0;0;0;0;0;NA
NA;CHILDREN_OF_THE_GHETTO;0;0;0;0;0;0;0;NA
NA;CHRONICLES_OF_THE_CANONGATE;0;0;0;0;0;0;0;NA
NA;CITY_SCENES;0;0;0;0;0;0;0;NA
NA;CLARISSA;0;0;0;0;1;1;1;NA
cleg kelly, arab of the city: his progress and adventures;CLEG_KELLY;0;0;0;0;1;1;1;10118
NA;COCK_AND_ANCHOR;0;0;0;0;1;1;1;NA
coelebs in search of a wife;COELEBS_IN_SEARCH_OF_A_WIFE;1;0;0;2;0;3;1;10447
cometh up as a flower;COMETH_UP_AS_A_FLOWER;0;0;0;0;1;1;1;10056
NA;CONFESSIONS_OF_A_THUG_(NOVEL);0;0;0;0;1;1;1;NA
confessions of a young man;CONFESSIONS_OF_A_YOUNG_MAN;0;0;0;0;1;1;1;10443
NA;CONFESSIONS_OF_AN_ENGLISH_OPIUM-EATER;0;0;0;0;1;1;1;NA
NA;CONINGSBY;0;0;0;0;0;0;0;NA
the coral island: a tale of the pacific ocean;CORAL_ISLAND;0;0;0;0;1;1;1;10024
NA;COUNT_ROBERT_OF_PARIS;0;0;0;0;0;0;0;NA
NA;COUSIN_PHILLIS;0;0;0;0;0;0;0;NA
NA;CRANFORD_(NOVEL);0;0;0;0;1;1;1;NA
crotchet castle;CROTCHET_CASTLE;0;0;0;0;1;1;1;10473
daniel deronda;DANIEL_DERONDA;0;0;0;0;7;7;1;10201
NA;DAUGHTERS_OF_MEN;0;0;0;0;0;0;0;NA
NA;DAVID_COPPERFIELD;0;0;0;0;0;0;0;NA
david elginbrod;DAVID_ELGINBROD;0;0;0;0;1;1;1;10418
NA;DE_PROFUNDIS_(LETTER);0;0;0;0;0;0;0;NA
deerbrook;DEERBROOK;0;0;0;0;1;1;1;10435
demos: a story of english socialism;DEMOS;0;0;0;0;1;1;1;10247
desperate remedies;DESPERATE_REMEDIES;0;0;0;0;1;1;1;10266
NA;DIANA_OF_THE_CROSSWAYS;0;0;0;0;0;0;0;NA
NA;DISCIPLINE;0;0;0;1;0;1;1;NA
NA;DOCTOR_THORNE;0;0;0;0;1;1;1;NA
dombey and son;DOMBEY_AND_SON;0;0;0;0;1;1;1;10129
NA;DR_JEKYLL_AND_MR_HYDE;0;0;0;0;0;0;0;NA
dracula;DRACULA;0;0;0;0;1;1;1;10562
NA;DREAMERS_OF_THE_GHETTO;0;0;0;0;0;0;0;NA
NA;DUBLINERS;0;0;0;0;0;0;0;NA
NA;EAST_LYNNE;0;0;0;0;0;0;0;NA
NA;EMMA_(NOVEL);0;0;0;0;0;0;0;NA
NA;EMMA_OR_THE_UNFORTUNATE_ATTACHMENT;1;0;0;0;0;1;1;NA
NA;EMMELINE;0;0;0;1;0;1;1;NA
NA;ENNUI;0;0;0;0;0;0;0;NA
erewhon: or, over the range;EREWHON;0;0;0;0;1;1;1;10069
NA;EREWHON_REVISITED;0;0;0;0;0;0;0;NA
NA;ERIC_OR_LITTLE_BY_LITTLE;0;0;0;0;0;0;0;NA
NA;ESTHER;0;0;0;0;0;0;0;NA
esther waters;ESTHER_WATERS;0;0;0;0;1;1;1;10444
NA;EUGENE_ARAM_(NOVEL);0;0;0;0;1;1;1;NA
NA;EVELINA;1;0;0;1;0;2;1;NA
NA;EVENINGS_AT_HOME;0;0;0;0;0;0;0;NA
NA;EXILUS;0;0;0;0;0;0;0;NA
NA;FANNY_HILL;0;0;0;0;0;0;0;NA
NA;FANTOMINA;0;0;0;0;0;0;0;NA
far from the madding crowd;FAR_FROM_THE_MADDING_CROWD;0;0;0;0;1;1;1;10267
NA;FARDOROUGHA_THE_MISER;0;0;0;0;1;1;1;NA
felix holt, the radical;FELIX_HOLT_THE_RADICAL;0;0;0;0;1;1;1;10202
NA;FIVE_CHILDREN_AND_IT;0;0;0;0;0;0;0;NA
NA;FLATLAND;0;0;0;0;0;0;0;NA
NA;FOR_THE_TERM_OF_HIS_NATURAL_LIFE;0;0;0;0;0;0;0;NA
NA;FORTUNATE_FOUNDLINGS;0;0;0;0;0;0;0;NA
NA;FRANKENSTEIN;0;0;0;1;0;1;1;NA
NA;GHETTO_TRAGEDIES;0;0;0;0;0;0;0;NA
NA;GLENARVON;0;0;0;1;0;1;1;NA
NA;GOING_TO_MAYNOOTH;0;0;0;0;0;0;0;NA
NA;GRANNY'S_WONDERFUL_CHAIR;0;0;0;0;1;1;1;NA
NA;GREAT_EXPECTATIONS;0;0;0;0;1;1;1;NA
NA;GULLIVER'S_TRAVELS;0;0;0;0;1;1;1;NA
guy mannering;GUY_MANNERING;1;0;1;1;0;3;1;10501
NA;HALF_A_LIFE-TIME_AGO;0;0;0;0;0;0;0;NA
hard cash;HARD_CASH_(NOVEL);0;0;0;0;1;1;1;10486
NA;HARD_TIMES_(NOVEL);0;0;0;0;1;1;1;NA
NA;HARRINGTON;0;0;0;0;0;0;0;NA
NA;HAUNTINGS;0;0;0;0;0;0;0;NA
NA;HE_KNEW_HE_WAS_RIGHT;0;0;0;0;0;0;0;NA
headlong hall;HEADLONG_HALL;1;0;1;1;0;3;1;10474
NA;HEART_AND_SCIENCE;0;0;0;0;0;0;0;NA
NA;HEART_OF_DARKNESS;0;0;0;0;0;0;0;NA
NA;HELBECK_OF_BANNISDALE;0;0;0;0;0;0;0;NA
helen;HELEN;0;0;0;0;2;2;1;10180
NA;HENRY_DUNBAR;0;0;0;0;0;0;0;NA
NA;HEREWARD_THE_WAKE_(NOVEL);0;0;0;0;1;1;1;NA
NA;HERMSPRONG;1;0;0;1;0;2;1;NA
NA;HESTER;0;0;0;0;0;0;0;NA
NA;HIDE_AND_SEEK;0;0;0;0;0;0;0;NA
NA;HISTORY_OF_JOHN_BULL;0;0;0;0;0;0;0;NA
NA;HOLIDAY_HOUSE;0;0;0;0;2;2;1;NA
howards end;HOWARDS_END;0;0;0;0;1;1;1;10223
NA;HYMNS_IN_PROSE_FOR_CHILDREN;0;0;0;0;1;1;1;NA
NA;IMAGINARY_PORTRAITS;0;0;0;0;0;0;0;NA
NA;IMPRESSIONS_OF_THEOPHRASTUS_SUCH;0;0;0;0;0;0;0;NA
NA;IN_A_GLASS_DARKLY;0;0;0;0;0;0;0;NA
NA;IN_THE_YEAR_OF_JUBILEE;0;0;0;0;0;0;0;NA
it is never too late to mend;IT_IS_NEVER_TOO_LATE_TO_MEND_(NOVEL);0;0;0;0;1;1;1;10487
NA;IVANHOE;0;0;1;1;1;3;1;NA
NA;JACK_SHEPPARD;0;0;0;0;1;1;1;NA
jane eyre: an autobiography;JANE_EYRE;0;0;0;0;1;1;1;10050
NA;JESSICA'S_FIRST_PRAYER;0;0;0;0;0;0;0;NA
NA;JEZEBEL'S_DAUGHTER;0;0;0;0;0;0;0;NA
NA;JOHN_BURNET_OF_BARNS;0;0;0;0;0;0;0;NA
john halifax, gentleman;JOHN_HALIFAX_GENTLEMAN;0;0;0;0;1;1;1;10117
NA;JONATHAN_WILD;0;0;0;0;0;0;0;NA
NA;JORROCK'S_JAUNTS_AND_JOLLITIES;0;0;0;0;0;0;0;NA
NA;JOSEPH_ANDREWS;0;0;0;0;0;0;0;NA
jude the obscure;JUDE_THE_OBSCURE;0;0;0;0;1;1;1;10270
NA;JUST_SO_STORIES;0;0;0;0;0;0;0;NA
NA;KENILWORTH;0;0;0;1;0;1;1;NA
kidnapped;KIDNAPPED_(NOVEL);0;0;0;0;1;1;1;10553
kim;KIM_(NOVEL);0;0;0;0;1;1;1;10344
king solomon's mines;KING_SOLOMON'S_MINES;0;0;0;0;1;1;1;10262
NA;KIPPS;0;0;0;0;0;0;0;NA
NA;KNOCKNAGOW;0;0;0;0;0;0;0;NA
lady audley's secret;LADY_AUDLEY'S_SECRET;0;0;0;0;1;1;1;10046
NA;LEVER'S_LORD_KILGOBBIN;0;0;0;0;0;0;0;NA
NA;LIBER_AMORIS;0;0;0;0;0;0;0;NA
NA;LIFE_AND_ADVENTURES_OF_PETER_WILKINS;0;0;0;0;0;0;0;NA
NA;LIFE_AND_PERAMBULATIONS_OF_A_MOUSE;0;0;0;0;0;0;0;NA
NA;LIFE'S_LITTLE_IRONIES;0;0;0;0;0;0;0;NA
NA;LILITH;0;0;0;0;0;0;0;NA
little dorrit;LITTLE_DORRIT;0;0;0;0;1;1;1;10133
NA;LITTLE_LORD_FAUNTLEROY;0;0;0;0;0;0;0;NA
NA;LONGSWORD_(NOVEL);0;0;0;0;0;0;0;NA
NA;LORD_JIM;0;0;0;0;0;0;0;NA
NA;LORNA_DOONE;0;0;0;0;2;2;1;NA
NA;LOSS_AND_GAIN;0;0;0;0;0;0;0;NA
NA;LOST_DIARIES;0;0;0;0;0;0;0;NA
NA;LOVE_AMONG_THE_RUINS;0;0;0;0;0;0;0;NA
NA;LOVE_AND_MADNESS;0;0;0;1;0;1;1;NA
NA;LOVE_AND_MR_LEWISHAM;0;0;0;0;0;0;0;NA
NA;"LOVE_IN_EXCESS;_OR_THE_FATAL_ENQUIRY";0;0;0;0;0;0;0;NA
NA;LOVE_INTRIGUES;0;0;0;0;0;0;0;NA
NA;MADAM_HOW_AND_LADY_WHY;0;0;0;0;0;0;0;NA
man and wife;MAN_AND_WIFE_(NOVEL);0;0;0;0;1;1;1;10101
NA;MANSFIELD_PARK;0;0;0;0;0;0;0;NA
NA;MARIA_OR_THE_WRONGS_OF_WOMAN;0;0;0;0;1;1;1;NA
NA;MARIUS_THE_EPICUREAN;0;0;0;0;0;0;0;NA
NA;MARRIAGE;0;0;0;1;1;2;1;NA
the life and adventures of martin chuzzlewit;MARTIN_CHUZZLEWIT;0;0;0;0;1;1;1;10134
mary: a fiction;MARY_A_FICTION;1;0;0;1;0;2;1;10602
mary barton: a tale of manchester life;MARY_BARTON;0;0;0;0;1;1;1;10240
NA;MASTERMAN_READY_OR_THE_WRECK_OF_THE_PACIFIC;0;0;0;0;0;0;0;NA
NA;MATHILDA;0;0;1;1;0;2;1;NA
NA;MAX;0;0;0;0;0;0;0;NA
NA;MAZEPPA;0;0;0;0;0;0;0;NA
NA;MELMOTH_THE_WANDERER;0;0;0;1;0;1;1;NA
NA;MEMOIRS_OF_A_CAVALIER;0;0;0;0;0;0;0;NA
NA;MEMOIRS_OF_A_MAGDALEN;0;0;0;0;0;0;0;NA
NA;MEMOIRS_OF_CARWIN_THE_BILOQUIST;0;0;0;0;0;0;0;NA
memoirs of emma courtney;MEMOIRS_OF_EMMA_COURTNEY;1;0;0;1;0;2;1;10280
micah clarke;MICAH_CLARKE;0;0;0;0;1;1;1;10148
middlemarch, a study of provincial life;MIDDLEMARCH;0;0;0;0;1;1;1;10204
NA;MILLENIUM_HALL;0;0;0;0;0;0;0;NA
NA;MOLL_FLANDERS;0;0;0;0;0;0;0;NA
NA;MOPSA_THE_FAIRY;0;0;0;0;1;1;1;NA
NA;MORAL_TALES;0;0;0;0;0;0;0;NA
NA;MR_MIDSHIPMAN_EASY;0;0;0;0;0;0;0;NA
NA;MY_KALULU_PRINCE,_KING,_AND_SLAVE;0;0;0;0;0;0;0;NA
NA;MY_LADY_LUDLOW;0;0;0;0;0;0;0;NA
NA;MY_NEW_CURATE;0;0;0;0;0;0;0;NA
nature and art;NATURE_AND_ART;1;0;0;1;0;2;1;10295
NA;NEW_ARABIAN_NIGHTS;0;0;0;0;0;0;0;NA
new grub street;NEW_GRUB_STREET;0;0;0;0;1;1;1;10249
NA;NEWS_FROM_NOWHERE;0;0;0;0;0;0;0;NA
NA;NIGHT_AND_MORNING;0;0;0;0;1;1;1;NA
NA;NIGHTMARE_ABBEY;0;0;1;1;0;2;1;NA
no name;NO_NAME_(NOVEL);0;0;0;0;1;1;1;10102
NA;NO_THOROUGHFARE;0;0;0;0;0;0;0;NA
north and south;NORTH_AND_SOUTH_(GASKELL_NOVEL);0;0;0;0;1;1;1;10241
NA;NORTHANGER_ABBEY;0;0;0;0;0;0;0;NA
nostromo: a tale of the seaboard;NOSTROMO;0;0;0;0;1;1;1;10110
NA;NOUGHTS_&_CROSSES;0;0;0;0;0;0;0;NA
NA;ODD_MAN_OUT;0;0;0;0;0;0;0;NA
NA;ODOUR_OF_CHRYSANTHEMUMS;0;0;0;0;0;0;0;NA
the tale of old mortality;OLD_MORTALITY;1;0;1;1;0;3;1;10505
NA;OLIVER_TWIST;0;0;0;0;0;0;0;NA
NA;ON_THE_FACE_OF_THE_WATERS;0;0;0;0;0;0;0;NA
NA;ORIGINAL_STORIES_FROM_REAL_LIFE;0;0;0;0;0;0;0;NA
NA;ORLEY_FARM_(NOVEL);0;0;0;0;1;1;1;NA
NA;OROONOKO;0;0;0;0;0;0;0;NA
our mutual friend;OUR_MUTUAL_FRIEND;0;0;0;0;1;1;1;10137
NA;OUR_VILLAGE;0;0;0;0;1;1;1;NA
NA;OUT_ON_THE_PAMPAS;0;0;0;0;1;1;1;NA
NA;PAMELA_OR_VIRTUE_REWARDED;0;0;0;0;0;0;0;NA
NA;PANDORA;0;0;0;0;0;0;0;NA
patronage;PATRONAGE_(NOVEL);3;0;1;1;0;5;1;10186
NA;PENDENNIS;0;0;0;0;0;0;0;NA
NA;PERSUASION_(NOVEL);0;0;0;0;0;0;0;NA
NA;PETER_AND_WENDY;0;0;0;0;0;0;0;NA
NA;PETER_THE_WHALER;0;0;0;0;1;1;1;NA
NA;PETER'S_PENCE;0;0;0;0;0;0;0;NA
phantastes: a faerie romance for men and women;PHANTASTES;0;0;0;0;1;1;1;10420
NA;PHILISTIA;0;0;0;0;0;0;0;NA
NA;PHINEAS_REDUX;0;0;0;0;0;0;0;NA
NA;PLAIN_TALES_FROM_THE_HILLS;0;0;0;0;0;0;0;NA
NA;PLATTNER_STORY;0;0;0;0;0;0;0;NA
NA;POPULAR_TALES;0;1;0;1;0;2;1;NA
pride and prejudice;PRIDE_AND_PREJUDICE;1;0;0;0;0;1;1;10012
NA;PRINCE_RICARDO_OF_PANTOUFLIA;0;0;0;0;0;0;0;NA
NA;PUCK_OF_POOK'S_HILL;0;0;0;0;0;0;0;NA
NA;QUENTIN_DURWARD;0;0;1;1;0;2;1;NA
NA;RECOLLECTIONS_OF_A_DETECTIVE_POLICE_OFFICER;0;0;0;0;0;0;0;NA
NA;RECORDS_OF_A_GIRLHOOD;0;0;0;0;0;0;0;NA
red pottage;RED_POTTAGE;0;0;0;0;1;1;1;10098
NA;REDGAUNTLET;0;0;1;1;0;2;1;NA
NA;RINGAN_GILHAIZE;0;0;0;0;0;0;0;NA
NA;ROB_ROY;0;0;0;2;0;2;1;NA
robert elsmere;ROBERT_ELSMERE;0;0;0;0;1;1;1;10581
robert falconer;ROBERT_FALCONER;0;0;0;0;1;1;1;10421
NA;ROBINSON_CRUSOE;0;0;0;0;0;0;0;NA
romola;ROMOLA;0;0;0;0;1;1;1;10206
NA;ROOKWOOD_(NOVEL);0;0;0;0;1;1;1;NA
NA;ROXANA;0;0;0;0;1;1;1;NA
NA;RUJUB_THE_JUGGLER;0;0;0;0;0;0;0;NA
ruth;RUTH;0;0;0;0;1;1;1;10242
NA;SAINT_RONAN'S_WELL;0;0;1;1;0;2;1;NA
NA;SALEM_CHAPEL;0;0;0;0;0;0;0;NA
NA;SANDERS_OF_THE_RIVER;0;0;0;0;0;0;0;NA
NA;SANDITON;0;0;0;0;0;0;0;NA
NA;SARTOR_RESARTUS;0;0;0;0;0;0;0;NA
NA;SCENES_OF_CLERICAL_LIFE;0;0;0;0;0;0;0;NA
secresy, or the ruin of the rock;SECRESY;1;0;0;1;0;2;1;10212
self-control;SELF-CONTROL_(NOVEL);1;0;0;1;0;2;1;10059
sense and sensibility;SENSE_AND_SENSIBILITY;1;0;0;0;0;1;1;10013
sentimental tommy: the story of his boyhood;SENTIMENTAL_TOMMY;0;0;0;0;1;1;1;10032
NA;SEVEN_LITTLE_AUSTRALIANS;0;0;0;0;0;0;0;NA
NA;SHE_A_HISTORY_OF_ADVENTURE;0;0;0;0;0;0;0;NA
NA;SHIRLEY_(NOVEL);0;0;0;0;0;0;0;NA
silas marner: the weaver of raveloe;SILAS_MARNER;0;0;0;0;1;1;1;10208
NA;SING_A_SONG_OF_SIXPENCE;0;0;0;0;0;0;0;NA
sir gibbie;SIR_GIBBIE;0;0;0;0;1;1;1;10422
NA;SIR_NIGEL;0;0;0;0;0;0;0;NA
NA;SKETCHES_BY_BOZ;0;0;0;0;1;1;1;NA
NA;SOME_EXPERIENCES_OF_AN_IRISH_R.M.;0;0;0;0;0;0;0;NA
NA;SON_OF_MARS;0;0;0;0;0;0;0;NA
sons and lovers;SONS_AND_LOVERS;0;0;0;0;1;1;1;10389
NA;SPIES_OF_THE_KAISER;0;0;0;0;0;0;0;NA
NA;ST_IVES;0;0;0;0;0;0;0;NA
NA;ST_LEON;0;0;0;0;0;0;0;NA
NA;ST_MARTIN'S_EVE;0;0;0;0;1;1;1;NA
NA;STALKY_&_CO.;0;0;0;0;0;0;0;NA
NA;STELLA_MARIS;0;0;0;0;0;0;0;NA
NA;STORIES_OF_RED_HANRAHAN;0;0;0;0;0;0;0;NA
NA;SUNRISE;0;0;0;0;0;0;0;NA
NA;SUSPIRIA_DE_PROFUNDIS;0;0;0;0;0;0;0;NA
sybil, or the two nations;SYBIL;0;0;0;0;1;1;1;10142
NA;SYLVIAS_LOVERS;0;0;0;0;1;1;1;NA
NA;SYLVIE_AND_BRUNO;0;0;0;0;0;0;0;NA
NA;TALE_OF_TWO_BAD_MICE;0;0;0;0;0;0;0;NA
NA;TALES_FROM_SHAKESPEARE;0;0;0;0;0;0;0;NA
tales of a fashionable life;TALES_OF_FASHIONABLE_LIFE;2;1;0;2;0;5;1;10188
tales of mean streets;TALES_OF_MEAN_STREETS;0;0;0;0;1;1;1;10451
NA;TALES_OF_UNREST;0;0;0;0;0;0;0;NA
NA;TANCRED_(NOVEL);0;0;0;0;1;1;1;NA
tess of the d'urbervilles: a pure woman faithfully presented;TESS_OF_THE_D'URBERVILLES;0;0;0;0;1;1;1;10272
NA;THE_ABBOT;0;0;1;1;0;2;1;NA
NA;THE_ABSENTEE;0;0;0;0;0;0;0;NA
NA;THE_ADVENTURES_OF_A_BROWNIE;0;0;0;0;0;0;0;NA
the adventures of anthony varnish;THE_ADVENTURES_OF_ANTHONY_VARNISH;1;0;0;1;0;2;1;10003
NA;THE_ADVENTURES_OF_DAVID_SIMPLE;0;0;0;0;0;0;0;NA
NA;THE_ADVENTURES_OF_HAJJI_BABA;0;0;1;1;0;2;1;NA
the adventures of hugh trevor;THE_ADVENTURES_OF_HUGH_TREVOR;1;0;0;1;0;2;1;10291
NA;THE_ADVENTURES_OF_PEREGRINE_PICKLE;0;0;0;0;0;0;0;NA
NA;THE_ADVENTURES_OF_RIVELLA;0;0;0;0;0;0;0;NA
NA;THE_ADVENTURES_OF_RODERICK_RANDOM;0;0;0;0;0;0;0;NA
NA;THE_ADVENTURES_OF_SHERLOCK_HOLMES;0;0;0;0;0;0;0;NA
NA;THE_ALTAR_OF_THE_DEAD;0;0;0;0;0;0;0;NA
the ambassadors;THE_AMBASSADORS;0;0;0;0;1;1;1;10297
NA;THE_AMERICAN;0;0;0;0;0;0;0;NA
NA;THE_ANTI-PAMELA;0;0;0;0;0;0;0;NA
the antiquary;THE_ANTIQUARY;1;0;0;1;0;2;1;10511
NA;THE_ASPERN_PAPERS;0;0;0;0;0;0;0;NA
NA;THE_AUTOBIOGRAPHY_OF_MARK_RUTHERFORD;0;0;0;0;0;0;0;NA
NA;THE_AWKWARD_AGE;0;0;0;0;0;0;0;NA
NA;THE_AYRSHIRE_LEGATEES;0;0;0;1;0;1;1;NA
NA;THE_BATTLE_OF_DORKING;0;0;0;0;0;0;0;NA
NA;THE_BATTLE_OF_THE_BOOKS;0;0;0;0;0;0;0;NA
NA;THE_BEACH_OF_FALESA;0;0;0;0;0;0;0;NA
NA;THE_BEETLE_(NOVEL);0;0;0;0;0;0;0;NA
the beth book;THE_BETH_BOOK;0;0;0;0;1;1;1;10259
NA;THE_BICKERSTAFF_PAPERS;0;0;0;0;0;0;0;NA
NA;THE_BLACK_ARROW;0;0;0;0;0;0;0;NA
the black dwarf;THE_BLACK_DWARF;1;0;1;1;0;3;1;10513
the black prophet: a tale of irish famine;THE_BLACK_PROPHET;0;0;0;0;1;1;1;10079
NA;THE_BODY-SNATCHER;0;0;0;0;0;0;0;NA
NA;THE_BOOK_OF_WONDER;0;0;0;0;0;0;0;NA
NA;THE_BRIDE_OF_LAMMERMOOR;0;0;0;0;0;0;0;NA
NA;THE_BRITISH_BARBARIANS;0;0;0;0;0;0;0;NA
NA;THE_BROWNIE_OF_BODSBECK;0;0;0;0;0;0;0;NA
NA;THE_CANTERVILLE_GHOST;0;0;0;0;0;0;0;NA
NA;THE_CARVED_LIONS;0;0;0;0;0;0;0;NA
NA;THE_CASTLE_OF_OTRANTO;0;0;0;0;0;0;0;NA
the castle of wolfenbach;THE_CASTLE_OF_WOLFENBACH;1;0;0;0;0;1;1;10472
NA;THE_CASTLES_OF_ATHLIN_AND_DUNBAYNE;1;0;0;1;0;2;1;NA
NA;THE_CAXTONS;0;0;0;0;1;1;1;NA
NA;THE_CHANGELING;0;0;0;0;1;1;1;NA
NA;THE_CHANNINGS_(NOVEL);0;0;0;0;1;1;1;NA
NA;THE_CHILDREN_OF_THE_ABBEY;0;0;0;0;0;0;0;NA
NA;THE_CHILDREN_OF_THE_NEW_FOREST;0;0;0;0;0;0;0;NA
NA;THE_CHIMES;0;0;0;0;0;0;0;NA
clayhanger;THE_CLAYHANGER;0;0;0;0;1;1;1;10039
NA;THE_CLEVER_WOMAN_OF_THE_FAMILY;0;0;0;0;0;0;0;NA
NA;THE_CLOISTER_AND_THE_HEARTH;0;0;0;0;1;1;1;NA
NA;THE_COMING_OF_CUCULAIN;0;0;0;0;0;0;0;NA
NA;THE_CONFESSIONS_OF_HARRY_LORREQUER;0;0;0;0;0;0;0;NA
NA;THE_CONSOLIDATOR;0;0;0;0;0;0;0;NA
NA;THE_COUNTRY_OF_THE_BLIND;0;0;0;0;0;0;0;NA
NA;THE_CRICKET_ON_THE_HEARTH;0;0;0;0;1;1;1;NA
the crock of gold;THE_CROCK_OF_GOLD_(NOVEL);0;0;0;0;1;1;1;10549
NA;THE_CROWN_OF_SUCCESS;0;0;0;0;1;1;1;NA
NA;THE_DARK_FLOWER;0;0;0;0;0;0;0;NA
the days of auld lang syne;THE_DAYS_OF_AULD_LANGSYNE;0;0;0;0;1;1;1;10432
NA;THE_DEAD_SECRET;0;0;0;0;1;1;1;NA
NA;THE_DEMI-GODS;0;0;0;0;0;0;0;NA
NA;THE_DIARY_OF_A_NOBODY;0;0;0;0;0;0;0;NA
NA;THE_DOCTOR'S_WIFE_(MOORE_NOVEL);0;0;0;0;1;1;1;NA
NA;THE_DUKE'S_CHILDREN;0;0;0;0;0;0;0;NA
the dynamiter;THE_DYNAMITER;0;0;0;0;1;1;1;10560
the ebb-tide;THE_EBB-TIDE;0;0;0;0;1;1;1;10561
the egoist;THE_EGOIST_(NOVEL);0;0;0;0;1;1;1;10439
the emigrants of ahadarra;THE_EMIGRANTS_OF_AHADARRA;0;0;0;0;1;1;1;10081
NA;THE_ENCHANTED_CASTLE;0;0;0;0;0;0;0;NA
NA;THE_ENTAIL;0;0;0;0;0;0;0;NA
the eustace diamonds;THE_EUSTACE_DIAMONDS;0;0;0;0;1;1;1;10577
NA;THE_EVIL_GUEST;0;0;0;0;0;0;0;NA
NA;THE_EXECUTOR;0;0;0;0;0;0;0;NA
the expedition of humphry clinker;THE_EXPEDITION_OF_HUMPHRY_CLINKER;1;0;0;1;0;2;1;10541
NA;THE_EXPERIENCES_OF_LOVEDAY_BROOKE,_LADY_DETECTIVE;0;0;0;0;0;0;0;NA
NA;THE_FAIR_JILT;0;0;0;0;0;0;0;NA
NA;THE_FAIR_MAID_OF_PERTH;0;0;0;0;0;0;0;NA
NA;THE_FAIRCHILD_FAMILY;0;0;0;0;0;0;0;NA
NA;THE_FALLEN_LEAVES_(BOOK);0;0;0;0;0;0;0;NA
father and daughter;THE_FATHER_AND_DAUGHTER;1;1;0;1;1;4;1;10471
NA;THE_FEMALE_QUIXOTE;0;0;0;0;0;0;0;NA
NA;THE_FIDDLER_OF_THE_REELS;0;0;0;0;0;0;0;NA
NA;THE_FIGURE_IN_THE_CARPET;0;0;0;0;0;0;0;NA
the first man in the moon;THE_FIRST_MEN_IN_THE_MOON;0;0;0;0;1;1;1;10589
NA;THE_FIXED_PERIOD;0;0;0;0;0;0;0;NA
NA;THE_FOOD_OF_THE_GODS_AND_HOW_IT_CAME_TO_EARTH;0;0;0;0;0;0;0;NA
NA;THE_FOOL_OF_QUALITY;1;0;0;1;0;2;1;NA
NA;THE_FORSYTE_SAGA;0;0;0;0;0;0;0;NA
NA;THE_FORTUNES_OF_NIGEL;0;0;1;1;0;2;1;NA
NA;THE_FROZEN_DEEP;0;0;0;0;0;0;0;NA
NA;THE_GENTLEMAN;0;0;0;0;0;0;0;NA
NA;THE_GOLDEN_AGE;0;0;0;0;0;0;0;NA
NA;THE_GOLDEN_BOWL;0;0;0;0;0;0;0;NA
NA;THE_GORILLA_HUNTERS;0;0;0;0;1;1;1;NA
NA;"THE_GOVERNESS;_OR,_THE_LITTLE_FEMALE_ACADEMY";0;0;0;0;0;0;0;NA
NA;THE_GREAT_GOD_PAN;0;0;0;0;0;0;0;NA
NA;THE_GREAT_TABOO;0;0;0;0;0;0;0;NA
NA;THE_GREAT_WAR_IN_ENGLAND_IN_1897;0;0;0;0;0;0;0;NA
NA;THE_GREEN_CARNATION;0;0;0;0;0;0;0;NA
NA;THE_GRIM_SMILE_OF_THE_FIVE_TOWNS;0;0;0;0;0;0;0;NA
NA;THE_HAPPY_PRINCE_AND_OTHER_TALES;0;0;0;0;0;0;0;NA
NA;THE_HAUNTED_HOUSE;0;0;0;0;1;1;1;NA
NA;THE_HAUNTED_MAN_AND_THE_GHOST'S_BARGAIN;0;0;0;0;1;1;1;NA
NA;THE_HEART_OF_MIDLOTHIAN;0;0;0;0;0;0;0;NA
NA;THE_HEAVENLY_TWINS;0;0;0;0;0;0;0;NA
NA;THE_HEIR_OF_REDCLYFFE;0;0;0;0;0;0;0;NA
NA;THE_HERO;0;0;0;0;0;0;0;NA
NA;THE_HEROINE;1;0;0;1;0;2;1;NA
NA;THE_HILL;0;0;0;0;0;0;0;NA
NA;THE_HILL_OF_DREAMS;0;0;0;0;0;0;0;NA
NA;THE_HISTORY_AND_REMARKABLE_LIFE_OF_THE_TRULY_HONOURABLE_COL;0;0;0;0;0;0;0;NA
NA;THE_HISTORY_OF_EMILY_MONTAGUE;0;0;0;0;0;0;0;NA
NA;THE_HISTORY_OF_JACK_CONNOR;0;0;0;0;0;0;0;NA
NA;THE_HISTORY_OF_LITTLE_GOODY_TWO-SHOES;0;0;0;0;0;0;0;NA
NA;THE_HISTORY_OF_MISS_BETSY_THOUGHTLESS;0;0;0;0;0;0;0;NA
NA;THE_HISTORY_OF_MR_POLLY;0;0;0;0;0;0;0;NA
NA;THE_HISTORY_OF_RASSELAS,_PRINCE_OF_ABYSSINIA;0;0;0;0;1;1;1;NA
NA;THE_HISTORY_OF_SANDFORD_AND_MERTON;0;0;0;0;0;0;0;NA
NA;THE_HISTORY_OF_SIR_CHARLES_GRANDISON;0;0;0;0;0;0;0;NA
NA;THE_HISTORY_OF_THE_COUNTESS_OF_DELLWYN;0;0;0;0;0;0;0;NA
NA;THE_HISTORY_OF_THE_FAIRCHILD_FAMILY;0;0;0;0;1;1;1;NA
NA;THE_HISTORY_OF_THE_NUN;0;0;0;0;0;0;0;NA
NA;THE_HISTORY_OF_TOM_JONES,_A_FOUNDLING;0;0;0;0;0;0;0;NA
NA;THE_HORRORS_OF_OAKENDALE_ABBEY;0;0;0;0;0;0;0;NA
NA;THE_HOUND_OF_THE_BASKERVILLES;0;0;0;0;0;0;0;NA
NA;THE_HOUSE_BY_THE_CHURCHYARD;0;0;0;0;1;1;1;NA
NA;THE_HOUSE_ON_THE_BORDERLAND;0;0;0;0;0;0;0;NA
NA;THE_HOUSE_WITH_THE_GREEN_SHUTTERS;0;0;0;0;0;0;0;NA
NA;THE_INHERITORS_(CONRAD_AND_FORD_NOVEL);0;0;0;0;0;0;0;NA
NA;THE_INTERESTING_NARRATIVE_OF_THE_LIFE_OF_OLAUDAH_EQUIANO;0;0;0;0;0;0;0;NA
NA;THE_INTERPRETERS;0;0;0;0;0;0;0;NA
NA;THE_INVISIBLE_MAN;0;0;0;0;0;0;0;NA
the island of dr moreau;THE_ISLAND_OF_DOCTOR_MOREAU;0;0;0;0;1;1;1;10592
NA;THE_ITALIAN_(RADCLIFFE_NOVEL);0;0;0;0;0;0;0;NA
NA;THE_JOLLY_CORNER;0;0;0;0;0;0;0;NA
the jungle book;THE_JUNGLE_BOOK;0;0;0;0;1;1;1;10361
NA;THE_KELLYS_AND_THE_O'KELLYS;0;0;0;0;1;1;1;NA
NA;THE_KING_AND_QUEEN_OF_HEARTS;0;0;0;0;0;0;0;NA
NA;THE_KING_OF_THE_GOLDEN_RIVER;0;0;0;0;1;1;1;NA
NA;THE_KING_OF_THE_PIRATES;0;0;0;0;0;0;0;NA
NA;THE_KING'S_OWN;0;0;0;0;0;0;0;NA
NA;THE_LANCASHIRE_WITCHES;0;0;0;0;1;1;1;NA
NA;THE_LAND_IRONCLADS;0;0;0;0;0;0;0;NA
NA;THE_LANDLEAGUERS;0;0;0;0;0;0;0;NA
the last days of pompeii;THE_LAST_DAYS_OF_POMPEII;0;0;0;0;1;1;1;10063
NA;THE_LAST_MAN;1;0;0;2;1;4;1;NA
the law and the lady;THE_LAW_AND_THE_LADY_(NOVEL);0;0;0;0;1;1;1;10103
NA;THE_LIFE_AND_OPINIONS_OF_TRISTRAM_SHANDY_GENTLEMAN;0;0;0;0;0;0;0;NA
NA;THE_LIFE_OF_HARRIOT_STUART;0;0;0;0;0;0;0;NA
NA;THE_LIFE_OF_JOHN_BUNCLE;0;0;0;0;0;0;0;NA
NA;THE_LIFTED_VEIL_(NOVELLA);0;0;0;0;0;0;0;NA
NA;THE_LIGHT_PRINCESS;0;0;0;0;0;0;0;NA
NA;THE_LIGHTHOUSE;0;0;0;0;1;1;1;NA
NA;THE_LITTLE_LAME_PRINCE_AND_HIS_TRAVELLING_CLOAK;0;0;0;0;0;0;0;NA
NA;THE_LITTLE_MINISTER;0;0;0;0;0;0;0;NA
the longest journey;THE_LONGEST_JOURNEY;0;0;0;0;1;1;1;10224
NA;THE_LOUGH_DERG_PILGRIM;0;0;0;0;0;0;0;NA
NA;THE_LUCK_OF_BARRY_LYNDON;0;0;0;0;0;0;0;NA
NA;THE_MACDERMOTS_OF_BALLYCORAN;0;0;0;0;1;1;1;NA
NA;THE_MAN;0;0;0;0;0;0;0;NA
the man of feeling;THE_MAN_OF_FEELING;1;0;0;1;0;2;1;10425
NA;THE_MAN_WHO_COULD_WORK_MIRACLES_(SHORT_STORY);0;0;0;0;0;0;0;NA
the man who was thursday: a nightmare;THE_MAN_WHO_WAS_THURSDAY;0;0;0;0;1;1;1;10096
NA;THE_MAN_WHO_WOULD_BE_KING;0;0;0;0;0;0;0;NA
NA;THE_MANXMAN;0;0;0;0;0;0;0;NA
NA;THE_MARTIAN;0;0;0;0;0;0;0;NA
the master of ballantrae: a winter's tale;THE_MASTER_OF_BALLANTRAE;0;0;0;0;1;1;1;10556
the mayor of casterbridge: the life and death of a man of character;THE_MAYOR_OF_CASTERBRIDGE;0;0;0;0;1;1;1;10274
NA;THE_MEMOIRS_OF_MISS_SIDNEY_BIDULPH;0;0;0;0;0;0;0;NA
NA;THE_MERCENARY_LOVER;0;0;0;0;0;0;0;NA
the mill on the floss;THE_MILL_ON_THE_FLOSS;0;0;0;0;1;1;1;10210
NA;THE_MIRROR_OF_THE_SEA;0;0;0;0;0;0;0;NA
NA;THE_MISFORTUNES_OF_ELPHIN;0;0;1;1;0;2;1;NA
NA;THE_MONASTERY;0;0;1;1;0;2;1;NA
the monk;THE_MONK;1;0;0;1;0;2;1;10415
the moonstone;THE_MOONSTONE;0;0;0;0;1;1;1;10104
NA;THE_MUDFOG_PAPERS;0;0;0;0;0;0;0;NA
NA;THE_MUMMER'S_WIFE;0;0;0;0;0;0;0;NA
NA;THE_MURDERED_COUSIN;0;0;0;0;0;0;0;NA
NA;THE_MYSTERIES_OF_LONDON;0;0;0;0;0;0;0;NA
the mysteries of udolpho;THE_MYSTERIES_OF_UDOLPHO;1;0;0;1;0;2;1;10485
NA;THE_MYSTERY_OF_A_HANSOM_CAB;0;0;0;0;0;0;0;NA
the mystery of edwin drood;THE_MYSTERY_OF_EDWIN_DROOD;0;0;0;0;1;1;1;10130
the nether world;THE_NETHER_WORLD;0;0;0;0;1;1;1;10250
NA;THE_NEW_ACCELERATOR;0;0;0;0;0;0;0;NA
the new machiavelli;THE_NEW_MACHIAVELLI;0;0;0;0;1;1;1;10594
NA;THE_NEW_MAGDALEN;0;0;0;0;0;0;0;NA
the new road;THE_NEW_ROAD;0;0;0;0;1;1;1;10453
NA;THE_NEWCOMES;0;0;0;0;0;0;0;NA
NA;THE_NIGGER_OF_THE_NARCISSUS;0;0;0;0;0;0;0;NA
NA;THE_NOTTING_HILL_MYSTERY;0;0;0;0;1;1;1;NA
the odd women;THE_ODD_WOMEN;0;0;0;0;1;1;1;10251
NA;THE_O'DONOGHUE;0;0;0;0;1;1;1;NA
NA;THE_OLD_CURIOSITY_SHOP;0;0;0;0;0;0;0;NA
NA;THE_OLD_ENGLISH_BARON;0;0;0;0;0;0;0;NA
the old manor house;THE_OLD_MANOR_HOUSE;1;0;0;1;0;2;1;10539
NA;THE_OLD_WIVES'_TALE;0;0;0;0;0;0;0;NA
NA;THE_ORDEAL_OF_RICHARD_FEVEREL;0;0;0;0;1;1;1;NA
NA;THE_OUTCAST;0;0;0;0;0;0;0;NA
NA;THE_PARASITE;0;0;0;0;0;0;0;NA
NA;THE_PARENT'S_ASSISTANT;0;0;0;0;0;0;0;NA
NA;THE_PERILS_OF_CERTAIN_ENGLISH_PRISONERS;0;0;0;0;0;0;0;NA
NA;THE_PHANTOM_COACH;0;0;0;0;0;0;0;NA
NA;THE_PHOENIX_AND_THE_CARPET;0;0;0;0;0;0;0;NA
NA;THE_PICKWICK_PAPERS;0;0;0;0;0;0;0;NA
the picture of dorian gray;THE_PICTURE_OF_DORIAN_GRAY;0;0;0;0;1;1;1;10601
NA;THE_PIRATE_(NOVEL);0;0;0;0;0;0;0;NA
NA;THE_POINT_OF_VIEW;0;0;0;0;0;0;0;NA
NA;THE_PORTRAIT_OF_A_LADY;0;0;0;0;0;0;0;NA
NA;THE_PORTRAIT_OF_MR._W._H.;0;0;0;0;0;0;0;NA
NA;THE_PRIME_MINISTER;0;0;0;0;1;1;1;NA
NA;THE_PRINCESS_AND_THE_GOBLIN;0;0;0;0;1;1;1;NA
NA;THE_PRINCESS_CASAMASSIMA;0;0;0;0;0;0;0;NA
NA;THE_PRIVATE_MEMOIRS_AND_CONFESSIONS_OF_A_JUSTIFIED_SINNER;0;0;1;0;0;1;1;NA
NA;THE_PRIVATE_PAPERS_OF_HENRY_RYECROFT;0;0;0;0;0;0;0;NA
NA;THE_PROFESSOR_(NOVEL);0;0;0;0;1;1;1;NA
NA;THE_PROVOST;0;0;0;1;0;1;1;NA
NA;THE_PURCELL_PAPERS;0;0;0;0;0;0;0;NA
NA;THE_QUADROON;0;0;0;0;1;1;1;NA
NA;THE_QUIET_HEART;0;0;0;0;0;0;0;NA
NA;THE_RAGGED-TROUSERED_PHILANTHROPISTS;0;0;0;0;0;0;0;NA
the real charlotte;THE_REAL_CHARLOTTE;0;0;0;0;1;1;1;10547
NA;THE_RECOLLECTIONS_OF_GEOFFREY_HAMLYN;0;0;0;0;1;1;1;NA
NA;THE_REFORM'D_COQUET;0;0;0;0;0;0;0;NA
the return of the native;THE_RETURN_OF_THE_NATIVE;0;0;0;0;1;1;1;10275
NA;THE_REVOLUTION_IN_TANNER'S_LANE;0;0;0;0;0;0;0;NA
the riddle of the sands;THE_RIDDLE_OF_THE_SANDS;0;0;0;0;1;1;1;10097
NA;THE_ROMANCE_OF_A_SHOP;0;0;0;0;0;0;0;NA
the romance of the forest;THE_ROMANCE_OF_THE_FOREST;1;0;0;1;0;2;1;10484
NA;THE_ROMANY_RYE;0;0;0;0;1;1;1;NA
NA;THE_ROSARY;0;0;0;0;0;0;0;NA
NA;THE_ROSE_AND_THE_RING;0;0;0;0;1;1;1;NA
NA;THE_SCOTTISH_CHIEFS;0;0;0;0;0;0;0;NA
NA;THE_SEAFARER;0;0;0;0;0;0;0;NA
NA;THE_SECOND_JUNGLE_BOOK;0;0;0;0;0;0;0;NA
NA;THE_SECRET_AGENT;0;0;0;0;0;0;0;NA
the secret garden;THE_SECRET_GARDEN;0;0;0;0;1;1;1;10064
NA;THE_SECRET_ROSE;0;0;0;0;0;0;0;NA
NA;THE_SECRET_SHARER;0;0;0;0;0;0;0;NA
NA;THE_SETTLERS_IN_CANADA;0;0;0;0;0;0;0;NA
NA;THE_SHADOW_OF_A_CRIME_1885;0;0;0;0;0;0;0;NA
NA;THE_SHADOW_OF_ASHLYDYAT;0;0;0;0;1;1;1;NA
NA;THE_SIGNAL-MAN;0;0;0;0;0;0;0;NA
the silverado squatters;THE_SILVERADO_SQUATTERS;0;0;0;0;1;1;1;10557
NA;THE_SLEEPER_AWAKES;0;0;0;0;0;0;0;NA
NA;THE_SMALL_HOUSE_AT_ALLINGTON;0;0;0;0;1;1;1;NA
NA;THE_SORROWS_OF_SATAN;0;0;0;0;0;0;0;NA
NA;THE_SPOILS_OF_POYNTON;0;0;0;0;0;0;0;NA
NA;THE_STICKIT_MINISTER;0;0;0;0;0;0;0;NA
NA;THE_STORY_OF_A_MODERN_WOMAN;0;0;0;0;0;0;0;NA
NA;THE_STORY_OF_MY_HEART;0;0;0;0;0;0;0;NA
the story of the amulet;THE_STORY_OF_THE_AMULET;0;0;0;0;1;1;1;10455
the story of the treasure seekers;THE_STORY_OF_THE_TREASURE_SEEKERS;0;0;0;0;1;1;1;10456
NA;THE_STRING_OF_PEARLS;0;0;0;0;0;0;0;NA
NA;THE_TAILOR_OF_GLOUCESTER;0;0;0;0;0;0;0;NA
NA;THE_TALE_OF_MR_JEREMY_FISHER;0;0;0;0;0;0;0;NA
NA;THE_TALE_OF_PETER_RABBIT;0;0;0;0;0;0;0;NA
NA;THE_TALISMAN_(SCOTT_NOVEL);0;0;0;0;0;0;0;NA
the tenant of wildfell hall;THE_TENANT_OF_WILDFELL_HALL;0;0;0;0;1;1;1;10049
NA;THE_TENANTS_OF_MALORY;0;0;0;0;1;1;1;NA
NA;THE_THORN_IN_THE_FLESH;0;0;0;0;0;0;0;NA
NA;THE_THREE_BROTHERS;0;0;0;0;1;1;1;NA
NA;THE_THREE_MIDSHIPMEN;0;0;0;0;0;0;0;NA
NA;THE_THREE_PERILS_OF_MAN;0;0;1;1;0;2;1;NA
NA;THE_TIME_MACHINE;0;0;0;0;0;0;0;NA
NA;THE_TITHE_PROCTOR;0;0;0;0;1;1;1;NA
NA;THE_TOWER_OF_LONDON_(NOVEL);0;0;0;0;1;1;1;NA
NA;THE_TRAIL_OF_THE_SERPENT;0;0;0;0;1;1;1;NA
NA;THE_TRIUMPH_OF_PRUDENCE_OVER_PASSION;0;0;0;0;0;0;0;NA
NA;THE_TRUMPET;0;0;0;0;0;0;0;NA
NA;THE_TURN_OF_THE_SCREW;0;0;0;0;0;0;0;NA
the unclassed;THE_UNCLASSED;0;0;0;0;1;1;1;10252
the untilled field;THE_UNTILLED_FIELD;0;0;0;0;1;1;1;10446
NA;THE_VAMPYRE;0;0;1;1;0;2;1;NA
NA;THE_VICAR_OF_WAKEFIELD;0;0;0;0;1;1;1;NA
NA;THE_VICAR_OF_WREXHILL;0;0;0;0;0;0;0;NA
NA;THE_VILLAGE_IN_THE_JUNGLE;0;0;0;0;0;0;0;NA
NA;THE_VIRGINIANS;0;0;0;0;0;0;0;NA
NA;THE_WAR_IN_THE_AIR;0;0;0;0;0;0;0;NA
the warden;THE_WARDEN;0;0;0;0;1;1;1;10578
NA;THE_WATER-BABIES_A_FAIRY_TALE_FOR_A_LAND_BABY;0;0;0;0;0;0;0;NA
the way of all flesh;THE_WAY_OF_ALL_FLESH;0;0;0;0;1;1;1;10070
the way we live now;THE_WAY_WE_LIVE_NOW;0;0;0;0;1;1;1;10579
NA;THE_WELL_AT_THE_WORLD'S_END;0;0;0;0;0;0;0;NA
NA;THE_WELL-BELOVED;0;0;0;0;0;0;0;NA
NA;THE_WHIRLPOOL;0;0;0;0;0;0;0;NA
the white company;THE_WHITE_COMPANY;0;0;0;0;1;1;1;10176
the white peacock;THE_WHITE_PEACOCK;0;0;0;0;1;1;1;10396
NA;THE_WHITE_ROOM;0;0;0;0;0;0;0;NA
NA;THE_WIDOW_BARNABY;0;0;0;0;1;1;1;NA
NA;THE_WILD_IRISH_GIRL;1;3;0;0;1;5;1;NA
NA;THE_WIND_IN_THE_WILLOWS;0;0;0;0;0;0;0;NA
the wings of a dove;THE_WINGS_OF_A_DOVE;0;0;0;0;1;1;1;10302
NA;THE_WOMAN_IN_WHITE_(NOVEL);0;0;0;0;0;0;0;NA
NA;THE_WOODLANDERS;0;0;0;0;0;0;0;NA
the world set free;THE_WORLD_SET_FREE;0;0;0;0;1;1;1;10599
the wouldbegoods;THE_WOULDBEGOODS;0;0;0;0;1;1;1;10457
NA;THE_WRECKER;0;0;0;0;0;0;0;NA
NA;THE_YOUNG_BUGLERS;0;0;0;0;0;0;0;NA
NA;THE_YOUNG_DUKE;0;0;0;0;1;1;1;NA
NA;THE_YOUNG_FUR_TRADERS;0;0;0;0;0;0;0;NA
NA;THREE_WEEKS;0;0;0;0;0;0;0;NA
through the looking-glass, and what alice found there;THROUGH_THE_LOOKING-GLASS;0;0;0;0;1;1;1;10094
NA;THYRZA;0;0;0;0;0;0;0;NA
NA;TIME_AND_THE_GODS;0;0;0;0;0;0;0;NA
NA;TOM_BROWN'S_SCHOOL_DAYS;0;0;0;0;0;0;0;NA
tommy and grizel;TOMMY_AND_GRIZEL;0;0;0;0;1;1;1;10033
tono-bungay;TONO-BUNGAY;0;0;0;0;1;1;1;10600
treasure island;TREASURE_ISLAND;0;0;0;0;1;1;1;10559
trilby;TRILBY_(NOVEL);0;0;0;0;1;1;1;10437
NA;TWO_LITTLE_SAVAGES;0;0;0;0;0;0;0;NA
NA;TWO_ON_A_TOWER;0;0;0;0;0;0;0;NA
typhoon;TYPHOON;0;0;0;0;1;1;1;10114
uncle silas;UNCLE_SILAS;0;0;0;0;1;1;1;10410
under the greenwood tree: a rural painting of the dutch school;UNDER_THE_GREENWOOD_TREE;0;0;0;0;1;1;1;10279
under western eyes;UNDER_WESTERN_EYES_(NOVEL);0;0;0;0;1;1;1;10115
NA;UNKNOWN_TO_HISTORY;0;0;0;0;0;0;0;NA
NA;VALPERGA;0;0;1;1;0;2;1;NA
vanity fair;VANITY_FAIR_(NOVEL);0;0;0;0;1;1;1;10570
NA;VARNEY_THE_VAMPIRE;0;0;0;0;0;0;0;NA
vathek;VATHEK;1;0;0;1;0;2;1;10034
NA;VERTUE_REWARDED;0;0;0;0;0;0;0;NA
NA;VILLETTE_(NOVEL);0;0;0;0;1;1;1;NA
NA;VIVIAN_GREY;0;0;2;2;0;4;1;NA
NA;VRIL;0;0;0;0;0;0;0;NA
NA;WAVERLEY;1;0;0;1;0;2;1;NA
NA;WAYFARERS;0;0;0;0;1;1;1;NA
the weir of hermiston;WEIR_OF_HERMISTON;0;0;0;0;1;1;1;10558
westward ho!;WESTWARD_HO;0;0;0;0;1;1;1;10323
NA;WET_MAGIC;0;0;0;0;0;0;0;NA
NA;WHAT_MAISIE_KNEW;0;0;0;0;0;0;0;NA
NA;WILD_ANIMALS_I_HAVE_KNOWN;0;0;0;0;0;0;0;NA
NA;WILLING_TO_DIE;0;0;0;0;0;0;0;NA
NA;WINTER_EVENING_TALES;0;0;0;0;0;0;0;NA
NA;WITH_THE_NIGHT_MAIL;0;0;0;0;0;0;0;NA
wives and daughters, an every-day story;WIVES_AND_DAUGHTERS;0;0;0;0;1;1;1;10244
wuthering heights;WUTHERING_HEIGHTS;0;0;0;0;1;1;1;10053
NA;YEAST;0;0;0;0;0;0;0;NA
NA;ZASTROZZI;1;0;0;0;0;1;1;NA
NA;ZOE;0;0;0;0;2;2;1;NA
zuleika dobson, an oxford love story;ZULEIKA_DOBSON;0;0;0;0;1;1;1;10035
