title;wikiname;ALZ;BLU;DL;MGS;sum_reviews;binary;id
NA;ABDALLAH;0;0;0;0;0;0;NA
abu telfan;ABU_TELFAN;0;1;0;0;1;1;20375
NA;ADAMS_ERSTES_ERWACHEN_UND_ERSTE_SEELIGE_NAECHTE;0;0;0;0;0;0;NA
addrich im moos;ADDRICH_IM_MOOS;0;1;0;0;1;1;20544
NA;ADELE;0;0;0;0;0;0;NA
aesthetische feldzüge;AESTHETISCHE_FELDZUEGE;0;1;0;1;2;1;20534
NA;AGATHODAEMON;0;0;0;0;0;0;NA
NA;AGNES_VON_LILIEN;0;0;0;0;0;0;NA
ahnung und gegenwart;AHNUNG_UND_GEGENWART;1;1;0;0;2;1;20088
also sprach zarathustra;ALSO_SPRACH_ZARATHUSTRA;0;1;1;0;2;1;20343
alte nester;ALTE_NESTER;0;2;0;0;2;1;20363
NA;ALTERSHAUSEN;0;0;0;0;0;0;NA
NA;AMANDA_UND_EDUARD;0;0;0;0;0;0;NA
NA;AMAZONENSCHLACHT;0;0;0;0;0;0;NA
an heiligen wassern;AN_HEILIGEN_WASSERN;0;1;0;0;1;1;20170
andrea delfin;ANDREA_DELFIN;0;1;0;0;1;1;20185
NA;ANDROGYNE;0;0;0;0;0;0;NA
angela borgia;ANGELA_BORGIA;0;1;0;0;1;1;20308
NA;ANNA;0;0;0;0;0;0;NA
anton reiser;ANTON_REISER;1;0;1;0;2;1;20322
aquis submersus;AQUIS_SUBMERSUS;0;1;0;0;1;1;20472
NA;ARBEIT;0;0;0;0;0;0;NA
NA;ARDINGHELLO;0;0;0;0;0;0;NA
NA;ARDISTAN_UND_DSCHINNISTAN;0;0;0;0;0;0;NA
NA;ARIEL'S_OFFENBARUNGEN;0;0;0;0;0;0;NA
NA;ARISTIPP_UND_EINIGE_SEINER_ZEITGENOSSEN;0;0;0;0;0;0;NA
NA;ARMUT,_REICHTUM,_SCHULD_UND_BUSSE_DER_GRAEFIN_DOLORES;0;0;0;0;0;0;NA
NA;ASIATISCHE_BANISE;0;0;0;0;0;0;NA
NA;ASPASIA;0;0;0;0;0;0;NA
NA;AUCH_EINER;0;0;0;0;0;0;NA
NA;AUF_DEM_STAATSHOF;0;0;0;0;0;0;NA
auf der universitaet;AUF_DER_UNIVERSITAET;0;0;0;1;1;1;NA
NA;AUF_DER_WEGWACHT;0;0;0;0;0;0;NA
NA;AUF_ZWEI_PLANETEN;0;0;0;0;0;0;NA
aus dem böhmerwalde;AUS_DEM_BOEHMERWALDE;0;1;0;1;2;1;20387
aus dem leben einer frau;AUS_DEM_LEBEN_EINER_FRAU;0;1;0;0;1;1;20024
aus dem leben eines taugenichts;AUS_DEM_LEBEN_EINES_TAUGENICHTS;1;1;0;0;2;1;20086
NA;AUS_DEN_MEMOIREN_DES_HERRN_SCHNABELEWOPSKI;0;0;0;0;0;0;NA
NA;AUS_DER_CHRONIKA_EINES_FAHRENDEN_SCHUELERS;0;0;0;0;0;0;NA
NA;AUS_EINER_FAMILIE;0;0;0;0;0;0;NA
NA;AUS_GUTER_FAMILIE;0;0;0;0;0;0;NA
aus meinem leben. dichtung und wahrheit;AUS_MEINEM_LEBEN._DICHTUNG_UND_WAHRHEIT;0;0;1;0;1;1;NA
NA;AUS_TROTZKOPFS_EHE;0;0;0;0;0;0;NA
NA;AUSWAHL_AUS_DES_TEUFELS_PAPIEREN;0;0;0;0;0;0;NA
NA;BAHNWAERTER_THIEL;0;0;0;0;0;0;NA
barbarossa;BARBAROSSA;0;0;0;1;1;1;NA
NA;BEATRICE;0;0;0;0;0;0;NA
NA;BEBUQUIN;0;0;0;0;0;0;NA
NA;BELPHEGOR;0;0;0;0;0;0;NA
NA;BILDER_UND_GESCHICHTEN_AUS_SCHWABEN;0;0;0;0;0;0;NA
NA;BLUMEN;0;0;0;0;0;0;NA
NA;BOZENA;0;0;0;0;0;0;NA
briefe einers narren und einer nã¤rrin;BRIEFE_EINES_NARREN_UND_EINER_NAERRIN;0;0;0;1;1;1;20153
NA;BRIGITTA_(STIFTER);0;0;0;0;0;0;NA
NA;BUDDENBROOKS;0;0;0;0;0;0;NA
NA;BULEMANNS_HAUS;0;0;0;0;0;0;NA
NA;BUNTE_STEINE;0;1;0;0;1;1;NA
NA;CÉCILE;0;0;0;0;0;0;NA
cabanis;CABANIS;0;0;0;1;1;1;20003
NA;CARSTEN_CURATOR;0;0;0;0;0;0;NA
NA;CHRISTA_RUHLAND;0;0;0;0;0;0;NA
NA;CLEMENTINE;0;0;0;0;0;0;NA
NA;DAPHNIS;0;0;0;0;0;0;NA
NA;DAS_ALTE_HAUS;0;0;0;0;0;0;NA
das amulett;DAS_AMULETT;0;1;0;0;1;1;20309
das blüthenalter der empfindung;DAS_BLUETHENALTER_DER_EMPFINDUNG;1;0;0;0;1;1;20302
NA;DAS_BUCH_LE_GRAND;0;0;0;0;0;0;NA
NA;DAS_DUELL;0;0;0;0;0;0;NA
das erdbeben von chili;DAS_ERDBEBEN_IN_CHILI;1;0;0;0;1;1;20246
NA;DAS_ERDBEERIMAREILI;0;0;0;0;0;0;NA
NA;DAS_FRAEULEIN_VON_SCUDERI;0;0;0;0;0;0;NA
NA;DAS_GEHEIMNIS_DER_ALTEN_MAMSELL;0;0;0;0;0;0;NA
NA;DAS_GEHEIMNISS_DES_KOSMOPOLITEN-ORDENS;0;0;0;0;0;0;NA
das gemeindekind;DAS_GEMEINDEKIND;0;1;0;0;1;1;20073
NA;DAS_GESPENST;0;0;0;0;0;0;NA
NA;DAS_GLUECK;0;0;0;0;0;0;NA
das goldmacherdorf;DAS_GOLDMACHERDORF;1;0;0;0;1;1;20543
NA;DAS_HEIMWEH;0;0;0;0;0;0;NA
NA;DAS_HEXAMERON_VON_ROSENHAIN;0;0;0;0;0;0;NA
NA;DAS_HOELZERNE_BEIN;0;0;0;0;0;0;NA
NA;DAS_JUDENGRAB;0;0;0;0;0;0;NA
NA;DAS_JUNGE_EUROPA;0;0;0;0;0;0;NA
NA;DAS_KAJUETENBUCH;0;0;0;0;0;0;NA
NA;DAS_KLOSTER_BEI_SENDOMIR;0;0;0;0;0;0;NA
NA;DAS_KREUZ_IM_VENN;0;0;0;0;0;0;NA
NA;DAS_LEBEN_DER_HOCHGRAEFIN_GRITTA_VON_RATTENZUHAUSBEIUNS;0;0;0;0;0;0;NA
NA;DAS_LEBEN_UND_DIE_MEINUNGEN_DES_HERRN_MAGISTER_SEBALDUS_NOTHANKER;0;0;0;0;0;0;NA
die leiden eines knaben;DAS_LEIDEN_EINES_KNABEN;0;1;1;0;2;1;20313
NA;DAS_MAEDCHEN_VON_TREPPI;0;0;0;0;0;0;NA
NA;DAS_MAERCHEN_DER_672._NACHT;0;0;0;0;0;0;NA
marmorbild;DAS_MARMORBILD;1;1;0;0;2;1;20092
NA;DAS_NATURFORSCHERSCHIFF;0;0;0;0;0;0;NA
NA;DAS_NUSS-KERNEN;0;0;0;0;0;0;NA
odfeld;DAS_ODFELD;0;2;0;0;2;1;20368
das recht der mutter;DAS_RECHT_DER_MUTTER;0;1;0;0;1;1;20033
NA;DAS_SANCTUS;0;0;0;0;0;0;NA
NA;DAS_SCHAEDLICHE;0;0;0;0;0;0;NA
NA;DAS_SCHATZHAUS_DES_KOENIGS;0;0;0;0;0;0;NA
NA;DAS_SCHLOSS_DUERANDE;0;0;0;0;0;0;NA
NA;DAS_SCHWEIGEN_IM_WALDE;0;0;0;0;0;0;NA
NA;DAS_STEINERNE_HERZ;0;0;0;0;0;0;NA
das stuttgarter hutzelmã¤nnlein;DAS_STUTTGARTER_HUTZELMAENNLEIN;0;1;0;1;2;1;20321
NA;DAS_URTEIL_(KAFKA);0;0;0;0;0;0;NA
NA;DAS_VERLASSENE_HAUS;0;0;0;0;0;0;NA
NA;DAS_VERLORENE_LACHEN;0;0;0;0;0;0;NA
NA;DAS_VERMAECHTNIS_DES_INKA;0;0;0;0;0;0;NA
NA;DAS_WALDROESCHEN;0;0;0;0;0;0;NA
das weiberdorf;DAS_WEIBERDORF;0;0;1;0;1;1;20509
NA;DAS_ZAUBERSCHLOSS;0;0;0;0;0;0;NA
NA;DE_PROFUNDIS;0;0;0;0;0;0;NA
NA;DEN_STEIN_DER_WEISEN;0;0;0;0;0;0;NA
NA;DER_ALTE_VOM_BERGE;0;0;0;0;0;0;NA
NA;DER_AMERIKAMUEDE;0;0;0;0;0;0;NA
der amtmann von hohenweiler;DER_AMTMANN_VON_HOHENWEILER;1;0;0;0;1;1;20341
NA;DER_APOSTEL_(HAUPTMANN);0;0;0;0;0;0;NA
NA;DER_ARME_SPIELMANN;0;0;0;0;0;0;NA
aufruhr in den cevennen;DER_AUFRUHR_IN_DEN_CEVENNEN;0;1;0;0;1;1;20484
NA;DER_BAUERNSPIEGEL;0;0;0;0;0;0;NA
NA;DER_BESUCH;0;0;0;0;0;0;NA
NA;DER_BLONDE_ECKBERT;0;0;0;0;0;0;NA
der büttnerbauer;DER_BUETTNERBAUER;0;1;0;0;1;1;20356
der condor;DER_CONDOR;0;0;0;2;2;1;20453
NA;DER_DRAEUMLING;0;0;0;0;0;0;NA
NA;DER_EINSAME;0;0;0;0;0;0;NA
der falsche woldemar;DER_FALSCHE_WOLDEMAR;0;0;0;1;1;1;20000
NA;DER_FAUST_DER_MORGENLAENDER;0;0;0;0;0;0;NA
NA;DER_FINDLING;0;0;0;0;0;0;NA
NA;DER_FREIHOF_VON_AARAU;0;0;0;0;0;0;NA
NA;DER_FROMME_SPRUCH;0;0;0;0;0;0;NA
NA;DER_GEHUELFE;0;0;0;0;0;0;NA
NA;DER_GEISTERSEHER;0;0;0;0;0;0;NA
NA;DER_GENIUS;0;0;0;0;0;0;NA
der goldne spiegel;DER_GOLDNE_SPIEGEL;0;0;1;0;1;1;NA
NA;DER_GOLDNE_TOPF;0;0;0;0;0;0;NA
NA;DER_GOTTSUCHER;0;0;0;0;0;0;NA
NA;DER_GRUENE_HEINRICH;0;0;1;0;1;1;NA
der heilige;DER_HEILIGE;0;2;0;0;2;1;20311
NA;DER_HEIZER;0;0;0;0;0;0;NA
der herr etatsrat;DER_HERR_ETATSRAT;0;1;0;0;1;1;20474
der hexenmeister;DER_HEXENMEISTER;0;1;0;0;1;1;NA
NA;DER_HEXENSABBAT;0;0;0;0;0;0;NA
NA;DER_HOCHWALD;0;0;0;0;0;0;NA
der hungerpastor;DER_HUNGERPASTOR;0;1;0;0;1;1;20373
der im irr-garten der liebe herum taumelnde cavalier;DER_IM_IRR-GARTEN_DER_LIEBE_HERUM_TAUMELNDE_CAVALIER;0;0;0;1;1;1;NA
der junge tischlermeister;DER_JUNGE_TISCHLERMEISTER;0;1;0;0;1;1;20489
NA;DER_JUNKER_VON_DENOW;0;0;0;0;0;0;NA
NA;DER_KLEINE_HAEWELMANN;0;0;0;0;0;0;NA
NA;DER_KOENIG_DER_BERNINA;0;0;0;0;0;0;NA
NA;DER_LANDPREDIGER;0;0;0;0;0;0;NA
NA;DER_LANDVOGT_VON_GREIFENSEE;0;0;0;0;0;0;NA
NA;DER_MAGNETISEUR_(E._T._A._HOFFMANN);0;0;0;0;0;0;NA
NA;DER_MAJOR;0;0;0;0;0;0;NA
der nachsommer;DER_NACHSOMMER;0;1;0;0;1;1;20463
NA;DER_POJAZ;0;0;0;0;0;0;NA
NA;DER_POSTEN_DER_FRAU;0;0;0;0;0;0;NA
NA;DER_PRINZ_VON_THEBEN;0;0;0;0;0;0;NA
NA;DER_PSYCHOLOGE;0;0;0;0;0;0;NA
NA;DER_RABBI_VON_BACHERACH;0;0;0;0;0;0;NA
der rangierbahnhof;DER_RANGIERBAHNHOF;0;1;0;0;1;1;20034
NA;DER_RAUBGRAF;0;0;0;0;0;0;NA
NA;DER_REBELL;0;0;0;0;0;0;NA
NA;DER_REDLICHE_MANN_AM_HOFE;0;0;0;0;0;0;NA
der roland von berlin;DER_ROLAND_VON_BERLIN;0;0;0;1;1;1;20002
NA;DER_RUNENBERG;0;0;0;0;0;0;NA
NA;DER_SADDUZAEER_VON_AMSTERDAM;0;0;0;0;0;0;NA
der sandmann;DER_SANDMANN_(HOFFMANN);1;0;0;0;1;1;20209
NA;DER_SATYR_MOPSUS;0;0;0;0;0;0;NA
NA;DER_SCHATZ;0;0;0;0;0;0;NA
NA;DER_SCHATZ_IM_SILBERSEE;0;0;0;0;0;0;NA
der schimmelreiter;DER_SCHIMMELREITER;0;1;1;0;2;1;20475
NA;DER_SCHMIED_SEINES_GLUECKS;0;0;0;0;0;0;NA
der schüdderump;DER_SCHUEDDERUMP;0;1;0;0;1;1;20374
NA;DER_SCHUSS_VON_DER_KANZEL;0;0;0;0;0;0;NA
NA;DER_SCHWEIZER_ROBINSON_ODER_DER_SCHWEIZER-PREDIGER_UND_SEINE_FAMILIE;0;0;0;0;0;0;NA
NA;DER_SELBSTMOERDER;0;0;0;0;0;0;NA
der sonnenwirt;DER_SONNENWIRT;0;1;0;0;1;1;20261
stechlin;DER_STECHLIN_(ROMAN);0;1;0;0;1;1;20109
der sternsteinhof;DER_STERNSTEINHOF;0;1;1;0;2;1;20011
NA;DER_TOD_ABELS;0;0;0;0;0;0;NA
NA;DER_TOD_GEORGS;0;0;0;0;0;0;NA
NA;DER_TOLLE_INVALIDE_AUF_DEM_FORT_RATONNEAU;0;0;0;0;0;0;NA
NA;DER_TORSO;0;0;0;0;0;0;NA
NA;DER_TROTZKOPF;0;0;0;0;0;0;NA
NA;DER_UEBERGANG;0;0;1;0;1;1;NA
NA;DER_UNTERTAN;0;0;0;0;0;0;NA
NA;DER_VERBRECHER_AUS_VERLORENER_EHRE;0;0;0;0;0;0;NA
NA;DER_WALDBRUDER;0;0;0;0;0;0;NA
NA;DER_WALDBRUNNEN;0;0;0;0;0;0;NA
NA;DER_WASSERMENSCH;0;0;0;0;0;0;NA
NA;DER_WEG_INS_FREIE;0;0;0;0;0;0;NA
NA;DER_WEHRWOLF;0;0;0;0;0;0;NA
NA;DER_WINTERGARTEN;0;0;0;0;0;0;NA
NA;DER_ZAUBERRING;0;0;0;0;0;0;NA
NA;DER_ZWEIKAMPF;0;0;0;0;0;0;NA
NA;DES_DEUTSCHEN_SPIESSERS_WUNDERHORN;0;0;0;0;0;0;NA
NA;DES_LEBENS_UEBERFLUSS;0;0;0;0;0;0;NA
NA;DES_REICHES_KRONE;0;0;0;0;0;0;NA
NA;DES_VETTERS_ECKFENSTER;0;0;0;0;0;0;NA
NA;DEUTSCHE_PIONIERE;0;0;0;0;0;0;NA
NA;DEUTSCHER_ADEL_(WILHELM_RAABE);0;0;0;0;0;0;NA
dichter und ihre gesellen;DICHTER_UND_IHRE_GESELLEN;1;0;0;1;2;1;20087
NA;DICHTERLEBEN;0;0;0;0;0;0;NA
NA;DIE_ABDERITEN;0;0;0;0;0;0;NA
NA;DIE_ABENTEUER_DER_SYLVESTERNACHT;0;0;0;0;0;0;NA
NA;DIE_ABENTHEUER_DES_DON_SYLVIO_VON_ROSALVA;0;0;0;0;0;0;NA
NA;DIE_AHNEN;0;0;0;0;0;0;NA
NA;DIE_AKTEN_DES_VOGELSANGS;0;0;0;0;0;0;NA
NA;DIE_ANARCHISTEN;0;0;0;0;0;0;NA
NA;DIE_BARONIN;0;0;0;0;0;0;NA
NA;DIE_BEICHTE;0;0;0;0;0;0;NA
NA;DIE_BRAUTNACHT;0;0;0;0;0;0;NA
NA;DIE_CHINESISCHE_MAUER;0;0;0;0;0;0;NA
NA;DIE_CHRONIK_DER_SPERLINGSGASSE;0;0;0;0;0;0;NA
NA;DIE_DREI_GERECHTEN_KAMMMACHER;0;0;0;0;0;0;NA
NA;DIE_DREI_NUESSE;0;0;0;0;0;0;NA
NA;DIE_ELFEN_(LUDWIG_TIECK);0;0;0;0;0;0;NA
NA;DIE_ELIXIERE_DES_TEUFELS;0;0;0;0;0;0;NA
NA;DIE_ENTFUEHRUNG;0;0;0;0;0;0;NA
die epigonen;DIE_EPIGONEN;0;0;0;1;1;1;20220
NA;DIE_ERMORDUNG_EINER_BUTTERBLUME;0;0;0;0;0;0;NA
NA;DIE_EUROPAMUEDEN;0;0;0;0;0;0;NA
NA;DIE_FAMILIE;0;0;0;0;0;0;NA
die familie seldorf;DIE_FAMILIE_SELDORF;0;0;0;1;1;1;20217
NA;DIE_FAMILIE_WOREL;0;0;0;0;0;0;NA
NA;DIE_FERMATE;0;0;0;0;0;0;NA
NA;DIE_FLUSSPIRATEN_DES_MISSISSIPPI;0;0;0;0;0;0;NA
NA;DIE_FRAU_PROFESSORIN;0;0;0;0;0;0;NA
NA;DIE_FREIHERREN_VON_GEMPERLEIN;0;0;0;0;0;0;NA
NA;DIE_FREUNDE_(LUDWIG_TIECK);0;0;0;0;0;0;NA
NA;DIE_GEIER-WALLY_(ROMAN);0;0;0;0;0;0;NA
die geigerin;DIE_GEIGERIN;0;1;0;0;1;1;20402
NA;DIE_GESCHICHTE_DER_ANNA_WASER;0;0;0;0;0;0;NA
NA;DIE_GLUECKLICHE_REISE;0;0;0;0;0;0;NA
NA;DIE_GLUECKSRITTER;0;0;0;0;0;0;NA
NA;DIE_GOETTINNEN_ODER_DIE_DREI_ROMANE_DER_HERZOGIN_VON_ASSY;0;0;0;0;0;0;NA
NA;DIE_GOLDENE_SCHMIEDE;0;0;0;0;0;0;NA
NA;DIE_GUENDERODE;0;0;0;0;0;0;NA
die gute schule;DIE_GUTE_SCHULE;0;1;0;0;1;1;20030
NA;DIE_HANNA;0;0;0;0;0;0;NA
NA;DIE_HEILIGE_CAECILIE_ODER_DIE_GEWALT_DER_MUSIK;0;0;0;0;0;0;NA
die hochzeit des mã¶nchs;DIE_HOCHZEIT_DES_MOENCHS;0;0;1;0;1;1;20312
NA;DIE_HOSEN_DES_HERRN_VON_BREDOW;0;0;0;0;0;0;NA
NA;DIE_INNERSTE;0;0;0;0;0;0;NA
NA;DIE_INSEL_FELSENBURG;0;0;0;0;0;0;NA
NA;DIE_JUDEN_VON_BARNOW;0;0;0;0;0;0;NA
NA;DIE_JUDENBUCHE;0;0;0;0;0;0;NA
NA;DIE_KAESEREI_IN_DER_VEHFREUDE;0;0;0;0;0;0;NA
NA;DIE_KINDER_VON_FINKENRODE;0;0;0;0;0;0;NA
NA;DIE_KLEINE_STADT;0;0;0;0;0;0;NA
NA;DIE_KLUGEN_JUNGFRAUEN;0;0;0;0;0;0;NA
NA;DIE_KOENIGSBRAUT;0;0;0;0;0;0;NA
die kronenwã¤chter;DIE_KRONENWAECHTER;1;0;0;0;1;1;20018
NA;DIE_LEHRLINGE_ZU_SAIS;0;0;0;0;0;0;NA
die leiden des jungen werthers;DIE_LEIDEN_DES_JUNGEN_WERTHERS;0;1;1;1;3;1;NA
NA;DIE_LETZTE_RECKENBURGERIN;0;0;0;0;0;0;NA
NA;DIE_LEUTE_AUS_DEM_WALDE;0;0;0;0;0;0;NA
NA;DIE_LEUTE_VOM_BLAUEN_GUGUCKHAUS;0;0;0;0;0;0;NA
NA;DIE_LEUTE_VON_SELDWYLA;0;0;0;0;0;0;NA
NA;DIE_LIEBENSWUERDIGE_ADALIE;0;0;0;0;0;0;NA
NA;DIE_MAEDCHENFEINDE;0;0;0;0;0;0;NA
NA;DIE_MAJORATSHERREN;0;0;0;0;0;0;NA
NA;DIE_MANDANEN-WAISE;0;0;0;0;0;0;NA
NA;DIE_MARZIPANLIESE;0;0;0;0;0;0;NA
NA;DIE_MEHREREN_WEHMUELLER;0;1;0;1;2;1;NA
die molkenkur;DIE_MOLKENKUR;1;0;0;0;1;1;20174
NA;DIE_NACHBARN;0;0;0;0;0;0;NA
NA;DIE_NAECHTE_TINO_VON_BAGDADS;0;0;0;0;0;0;NA
NA;DIE_NARRENBURG;0;0;0;0;0;0;NA
NA;DIE_NIHILISTEN;0;0;0;0;0;0;NA
NA;DIE_PFRUENDER;0;0;0;0;0;0;NA
die poppenpuhls;DIE_POGGENPUHLS;0;1;1;0;2;1;20111
NA;DIE_RICHTERIN_(NOVELLE);0;0;0;0;0;0;NA
NA;DIE_RITTER_VOM_GEISTE;0;0;0;0;0;0;NA
NA;DIE_ROSE_VON_DISENTIS;0;0;0;0;0;0;NA
die schriften des waldschulmeister;DIE_SCHRIFTEN_DES_WALDSCHULMEISTERS;0;1;0;0;1;1;20398
NA;DIE_SCHWARZE_GALEERE;0;0;0;0;0;0;NA
die schwarze spinne;DIE_SCHWARZE_SPINNE_(NOVELLE);0;0;0;1;1;1;20141
die serapions-brã¼der;DIE_SERAPIONSBRUEDER;0;0;0;1;1;1;20190
die soehne des senators;DIE_SOEHNE_DES_SENATORS;0;0;1;0;1;1;NA
der steinklopfer;DIE_STEINKLOPFER;0;1;0;0;1;1;20406
NA;DIE_TOTEN_SCHWEIGEN;0;0;0;0;0;0;NA
die verlobung in st. domingo;DIE_VERLOBUNG_IN_ST._DOMINGO;1;0;0;0;1;1;20252
NA;DIE_VERLORENE_HANDSCHRIFT;0;0;0;0;0;0;NA
die versuchung des pescara;DIE_VERSUCHUNG_DES_PESCARA;0;2;0;0;2;1;20304
NA;DIE_VERWANDLUNG;0;0;0;0;0;0;NA
NA;DIE_VERWIRRUNGEN_DES_ZOEGLINGS_TOERLESS;0;0;0;0;0;0;NA
die waffen nieder!;DIE_WAFFEN_NIEDER;0;1;0;0;1;1;20482
die wahlverwandtschaften;DIE_WAHLVERWANDTSCHAFTEN;1;1;0;0;2;1;20135
NA;DIE_WASSERNOT_IM_EMMENTAL;0;0;0;0;0;0;NA
NA;DIE_WEISE_VON_LIEBE_UND_TOD_DES_CORNETS_CHRISTOPH_RILKE;0;0;0;0;0;0;NA
NA;DIE_WIEDERTAEUFER;0;0;0;0;0;0;NA
NA;DIE_WISKOTTENS;0;0;0;0;0;0;NA
NA;DIE_ZAUBEREI_IM_HERBSTE;0;0;0;0;0;0;NA
NA;DIE_ZWEITE_FRAU;0;0;0;0;0;0;NA
NA;DIE_ZWOELF_APOSTEL;0;0;0;0;0;0;NA
NA;DIES_BUCH_GEHOERT_DEM_KOENIG;0;0;0;0;0;0;NA
NA;DON_JUAN_VON_KOLOMEA;0;0;0;0;0;0;NA
NA;DORFGAENGE;0;0;0;0;0;0;NA
NA;DRAUSSEN_IM_HEIDEDORF;0;0;0;0;0;0;NA
NA;DREI_FEDERN;0;0;0;0;0;0;NA
NA;DSCHINNISTAN;0;0;0;0;0;0;NA
NA;EDUARD_ALLWILLS_PAPIEREN;0;0;0;0;0;0;NA
NA;EEKENHOF;0;0;0;0;0;0;NA
effi briest;EFFI_BRIEST;0;1;1;0;2;1;20108
NA;EIGENSINN_UND_LAUNE;0;0;0;0;0;0;NA
NA;EIN_ABSCHIED;0;0;0;0;0;0;NA
NA;EIN_BEKENNTNIS;0;0;0;0;0;0;NA
ein brief;EIN_BRIEF_(HOFMANNSTHAL);0;0;1;0;1;1;20212
NA;EIN_DOPPELGAENGER;0;0;0;0;0;0;NA
NA;EIN_FEST_AUF_HADERSLEVHUUS;0;0;0;0;0;0;NA
NA;EIN_GRUENES_BLATT;0;0;0;0;0;0;NA
ein kampf um rom;EIN_KAMPF_UM_ROM;0;1;0;0;1;1;NA
ein kampf ums recht;EIN_KAMPF_UMS_RECHT;0;1;1;0;2;1;20119
NA;EIN_WORT;0;0;0;0;0;0;NA
eine ägyptische königstocher;EINE_AEGYPTISCHE_KOENIGSTOCHTER;0;1;0;0;1;1;20069
NA;EINE_AUSSCHWEIFUNG;0;0;0;0;0;0;NA
NA;EINE_GESCHICHTE_AUS_DEM_BREGENZERWALDE;0;0;0;0;0;0;NA
NA;EINE_MALERARBEIT;0;0;0;0;0;0;NA
NA;EINE_STUNDE_HINTER_MITTERNACHT;0;0;0;0;0;0;NA
ekkehard;EKKEHARD;0;1;0;0;1;1;20425
NA;ELEAGABAL_KUPERUS;0;0;0;0;0;0;NA
elisa oder das weib wie es seyn sollte;ELISA_ODER_DAS_WEIB_WIE_ES_SEYN_SOLLTE;2;0;0;0;2;1;20538
NA;ELLEN_VON_DER_WEIDEN;0;0;0;0;0;0;NA
ellernkipp;ELLERNKLIPP;0;1;1;0;2;1;20105
NA;ELSE_VON_DER_TANNE;0;0;0;0;0;0;NA
NA;ELSI,_DIE_SELTSAME_MAGD;0;0;0;0;0;0;NA
NA;ERINNERUNGEN_VON_LUDOLF_URSLEU;0;0;0;0;0;0;NA
NA;ESCH_ODER_DIE_ANARCHIE;0;0;0;0;0;0;NA
NA;EVREMONT;0;0;0;0;0;0;NA
fausts leben, thaten und hã¶llenfahrt;FAUSTS_LEBEN,_THATEN_UND_HOELLENFAHRT;1;0;0;0;1;1;20256
NA;FELICITAS;0;0;0;0;0;0;NA
NA;FLEGELJAHRE;0;0;0;0;0;0;NA
NA;FLORENTIN;0;0;0;0;0;0;NA
NA;FLORENTINISCHE_NAECHTE;0;0;0;0;0;0;NA
NA;FRAGMENT_EINES_ROMANS;0;0;0;0;0;0;NA
NA;FRANZ_STERNBALDS_WANDERUNGEN;0;0;0;0;0;0;NA
NA;FRAU_BEATE_UND_IHR_SOHN;0;0;0;0;0;0;NA
NA;FRAU_BERTHA_GARLAN;0;0;0;0;0;0;NA
frau jenny treibel;FRAU_JENNY_TREIBEL;0;1;0;0;1;1;20115
NA;FRAU_SORGE;0;0;0;0;0;0;NA
NA;FRAU_VON_SAVERNE;0;0;0;0;0;0;NA
freigeboren;FREIGEBOREN;0;0;1;0;1;1;20444
NA;FREIHEIT_DIE_ICH_MEINE;0;0;0;0;0;0;NA
freuden des jungen werthers;FREUDEN_DES_JUNGEN_WERTHERS;0;1;0;1;2;1;NA
NA;FRIDOLIN_UND_SEIN_GLUECK;0;0;0;0;0;0;NA
NA;FRUEHLING;0;0;0;0;0;0;NA
NA;GABRIELE;0;0;0;0;0;0;NA
NA;GEHEIME_GESCHICHTE_DES_PHILOSOPHEN_PEREGRINUS_PROTEUS;0;0;0;0;0;0;NA
NA;GELD_UND_GEIST;0;0;0;0;0;0;NA
NA;GESCHICHTE_DES_AGATHON;0;0;0;0;0;0;NA
NA;GESCHICHTE_DES_FRAEULEINS_VON_STERNHEIM;0;0;0;0;0;0;NA
NA;GESCHICHTE_EINES_DEUTSCHEN_DER_NEUSTEN_ZEIT;0;0;0;0;0;0;NA
NA;GESCHICHTE_EINES_WIENERKINDES;0;0;0;0;0;0;NA
NA;GESCHICHTE_VOM_BRAVEN_KASPERL_UND_DEM_SCHOENEN_ANNERL;0;0;0;0;0;0;NA
NA;GESCHICHTE_VOM_GALGENMAENNLEIN;0;0;0;0;0;0;NA
NA;GESCHICHTEN_AUS_DEN_TIROLER_BERGEN;0;0;0;0;0;0;NA
NA;GESCHWISTER_TANNER;0;0;0;0;0;0;NA
NA;GESPRAECHE_MIT_DAEMONEN;0;0;0;0;0;0;NA
NA;GIB_MICH_FREI;0;0;0;0;0;0;NA
gockel, hinkel und gackeleia;GOCKEL,_HINKEL_UND_GACKELEIA;0;0;1;1;2;1;20042
NA;GODWI;0;0;0;0;0;0;NA
NA;GOLDELSE_(MARLITT);0;0;0;0;0;0;NA
NA;GRANDISON_DER_ZWEYTE;0;0;0;0;0;0;NA
grete minde;GRETE_MINDE;0;0;1;0;1;1;20106
NA;GRILLPARZERS_LIEBESROMAN;0;0;0;0;0;0;NA
NA;GROENLAENDISCHE_PROZESSE;0;0;0;0;0;0;NA
NA;GROSZMUETHIGER_FELDHERR_ARMINIUS;0;0;0;0;0;0;NA
NA;GUTMANNS_REISEN;0;0;0;0;0;0;NA
NA;HALBTIER;0;0;0;0;0;0;NA
hammer und amboß;HAMMER_UND_AMBOSS;0;1;0;0;1;1;20443
NA;HANS_UND_HEINZ_KIRCH;0;0;0;0;0;0;NA
NA;HASTENBECK;0;0;0;0;0;0;NA
NA;HEIDI_(ROMAN);0;0;0;0;0;0;NA
NA;HEINRICH_JUNG_STILLINGS_JUGEND;0;0;0;0;0;0;NA
heinrich von ofterdingen;HEINRICH_VON_OFTERDINGEN;0;0;0;1;1;1;NA
NA;HEITERETEI;0;0;0;0;0;0;NA
NA;HERMANN_VON_UNNA;0;0;0;0;0;0;NA
NA;HERR_LORENZ_STARK;0;0;0;0;0;0;NA
NA;HERRMANN_UND_ULRIKE;0;0;0;0;0;0;NA
NA;HERRN_DAMES_AUFZEICHNUNGEN;0;0;0;0;0;0;NA
NA;HESPERUS_ODER_45_HUNDPOSTTAGE;0;0;0;0;0;0;NA
NA;HOEXTER_UND_CORVEY;0;0;0;0;0;0;NA
NA;HOLLAENDISCHE_LIEBHABEREIEN;0;0;0;0;0;0;NA
NA;HOLLINS_LIEBELEBEN;0;0;0;0;0;0;NA
NA;HOMO_SUM;0;0;0;0;0;0;NA
NA;HUMORISTISCHEN_SKIZZEN_AUS_DEM_DEUTSCHEN_HANDELSLEBEN;0;0;0;0;0;0;NA
hyperion;HYPERION_(HOELDERLIN);0;0;0;1;1;1;20215
NA;IM_ALTEN_EISEN;0;0;0;0;0;0;NA
NA;IM_HAUSE_DES_KOMMERZIENRATES;0;0;0;0;0;0;NA
NA;IM_NACHBARHAUSE_LINKS;0;0;0;0;0;0;NA
NA;IM_REICHE_DER_HOMUNKULIDEN;0;0;0;0;0;0;NA
NA;IM_SCHLARAFFENLAND;0;0;0;0;0;0;NA
NA;IM_SIESGESKRANZE;0;0;0;0;0;0;NA
NA;IMMENSEE;0;0;0;0;0;0;NA
NA;IN_ST._JUERGEN;0;0;0;0;0;0;NA
innocens;INNOCENS;0;1;0;0;1;1;20410
irrungen, wirrungen;IRRUNGEN_WIRRUNGEN;0;1;0;0;1;1;20104
NA;ISABELLA_VON_AEGYPTEN;0;0;0;0;0;0;NA
isegrimm;ISEGRIMM;0;1;0;0;1;1;20006
jakob der letzte;JAKOB_DER_LETZTE;0;1;0;0;1;1;20399
NA;JAKOB_VON_GUNTEN;0;0;0;0;0;0;NA
NA;JAKOBS_DES_HANDWERKSGESELLEN_WANDERUNGEN_DURCH_DIE_SCHWEIZ;0;0;0;0;0;0;NA
jenny;JENNY;0;1;0;0;1;1;20282
NA;JUDITH,_DIE_KLUSWIRTIN;0;0;0;0;0;0;NA
jürg jenatsch;JUERG_JENATSCH;0;1;0;0;1;1;20310
NA;JULCHEN_GRUENTHAL;0;0;0;0;0;0;NA
NA;JUNGFER_MUTTER;0;0;0;0;0;0;NA
NA;KINDER_DER_EIFEL;0;0;0;0;0;0;NA
NA;KINDER_DER_WELT;0;0;0;0;0;0;NA
NA;KLEIDER_MACHEN_LEUTE;0;0;0;0;0;0;NA
klein zaches genannt zinnober;KLEIN_ZACHES_GENANNT;0;0;0;1;1;1;20203
krambambuli;KRAMBAMBULI_(ERZAEHLUNG);0;0;1;0;1;1;20076
kreisleriana;KREISLERIANA;1;0;0;0;1;1;20204
NA;KRIMINAL-HUMORESKEN;0;0;0;0;0;0;NA
NA;KUSS_VON_SENTZE;0;0;0;0;0;0;NA
l'adultera;L'ADULTERA;0;1;0;0;1;1;20102
NA;L'ARRABIATA;0;0;0;0;0;0;NA
NA;LEBEN_DER_SCHWEDISCHEN_GRAEFIN_VON_G;0;0;0;0;0;0;NA
NA;LEBEN_DES_QUINTUS_FIXLEIN;0;0;0;0;0;0;NA
NA;LEBEN_DES_VERGNUEGTEN_SCHULMEISTERLEIN_MARIA_WUTZ_IN_AUENTHAL;0;0;0;0;0;0;NA
leben und taten des berã¼hmten ritters schnapphahnski;LEBEN_UND_TATEN_DES_BERUEHMTEN_RITTERS_SCHNAPPHAHNSKI;1;1;0;0;2;1;20515
NA;LEBENS-ANSICHTEN_DES_KATERS_MURR;1;0;0;1;2;1;NA
lebensgeschichte und natã¼rliche abentheuer des armen mannes in tockenburg;LEBENSGESCHICHTE_UND_NATUERLICHE_ABENTHEUER_DES_ARMEN_MANNES_IN_TOCKENBURG;1;0;0;0;1;1;20037
NA;LEDWINA;0;0;0;0;0;0;NA
NA;LEIB_WEIHNACHTSKUCHEN_UND_SEIN_KIND;0;0;0;0;0;0;NA
leiden und freuden eines schulmeisters;LEIDEN_UND_FREUDEN_EINES_SCHULMEISTERS;0;0;0;1;1;1;NA
NA;LENZ_(BUECHNER);0;0;0;0;0;0;NA
NA;LEUTNANT_GUSTL;0;0;0;0;0;0;NA
NA;LIBERTAS_UND_IHRE_FREIER;0;0;0;0;0;0;NA
lichtenstein;LICHTENSTEIN;2;1;1;2;6;1;20163
NA;LIEBESZAUBER;0;0;0;0;0;0;NA
NA;LIED_DER_PARZEN;0;0;0;0;0;0;NA
NA;LIENHARD_UND_GERTRUD;0;0;0;0;0;0;NA
NA;LOLA;0;0;0;0;0;0;NA
lotti, die uhrmacherin;LOTTI,_DIE_UHRMACHERIN;0;1;0;0;1;1;20077
lucinde;LUCINDE;0;1;0;0;1;1;20430
NA;LYDIA;0;0;0;0;0;0;NA
NA;MADONNA;0;0;0;0;0;0;NA
NA;MAERCHEN_DES_LEBENS;0;0;0;0;0;0;NA
maler nolten;MALER_NOLTEN;0;1;0;1;2;1;20320
NA;MARIA;0;0;0;0;0;0;NA
NA;MARION;0;0;0;0;0;0;NA
die marquise von o;MARQUISE_VON_O;1;0;0;0;1;1;20250
martin salander;MARTIN_SALANDER;0;1;1;0;2;1;20242
NA;MEIN_HERZ_(ROMAN);0;0;0;0;0;0;NA
NA;MEINE_KINDERJAHRE;0;0;0;0;0;0;NA
NA;MEISTER_AUTOR_ODER_DIE_GESCHICHTEN_VOM_VERSUNKENEN_GARTEN;0;0;0;0;0;0;NA
meister floh;MEISTER_FLOH;0;0;0;1;1;1;20201
NA;MEISTER_MARTIN_DER_KUEFNER_UND_SEINE_GESELLEN;0;0;0;0;0;0;NA
meister timpe;MEISTER_TIMPE;0;0;1;0;1;1;20258
michael kohlhaas;MICHAEL_KOHLHAAS;1;0;1;0;2;1;20254
moderne lebenswirren briefe und zeitabenteuer eines salzschreibers;MODERNE_LEBENSWIRREN;0;1;0;0;1;1;20335
NA;MORALISCHEN_ERZAEHLUNGEN;0;0;0;0;0;0;NA
NA;MOZART_AUF_DER_REISE_NACH_PRAG;0;0;0;0;0;0;NA
münchhausen;MUENCHHAUSEN;0;1;0;0;1;1;20221
NA;NACH_DEM_GROSSEN_KRIEGE;0;0;0;0;0;0;NA
NA;NACHTSTUECKE;0;0;0;0;0;0;NA
NA;NACHTWACHEN;0;0;0;0;0;0;NA
NA;NESTHAEKCHEN_(KINDERBUCHREIHE);0;0;0;0;0;0;NA
NA;NEUE_GESCHICHTEN_AUS_DEM_GHETTO;0;0;0;0;0;0;NA
NA;NEUE_IDYLLEN;0;0;0;0;0;0;NA
NA;NINON;0;0;0;0;0;0;NA
NA;NOVELLEN_AUS_OESTERREICH;0;0;0;0;0;0;NA
NA;OHNE_LIEBE;0;0;0;0;0;0;NA
NA;PANKRAZ_DER_SCHMOLLER;0;0;0;0;0;0;NA
papa hamlet;PAPA_HAMLET;0;0;1;0;1;1;20216
NA;PARALYSE;0;0;0;0;0;0;NA
NA;PETER_CAMENZIND;0;0;0;0;0;0;NA
peter schlemihls wundersame geschichte;PETER_SCHLEMIHLS_WUNDERSAME_GESCHICHTE;1;2;0;1;4;1;20053
pfisters mühle;PFISTERS_MUEHLE;0;0;1;0;1;1;20385
NA;PFLUG_UND_SCHRAUBSTOCK;0;0;0;0;0;0;NA
plautus im nonnenkloster;PLAUTUS_IM_NONNENKLOSTER;0;1;0;0;1;1;20306
NA;POLE_POPPENSPAELER;0;0;0;0;0;0;NA
polizeigeschichten;POLIZEIGESCHICHTEN;0;1;0;1;2;1;20066
NA;POLNISCHE_GHETTO-GESCHICHTEN;0;0;0;0;0;0;NA
prinzessin brambilla;PRINZESSIN_BRAMBILLA;1;0;0;0;1;1;20194
prinzessin fisch;PRINZESSIN_FISCH;0;0;1;0;1;1;NA
NA;PROFESSOR_UNRAT;0;0;0;0;0;0;NA
NA;PROKOPUS;0;0;0;0;0;0;NA
NA;PSYCHE;0;0;0;0;0;0;NA
NA;QUITT_(FONTANE);0;0;0;0;0;0;NA
NA;REICH_UND_ARM;0;0;0;0;0;0;NA
NA;REICHSGRAEFIN_GISELA;0;0;0;0;0;0;NA
NA;REISE_NACH_BRAUNSCHWEIG;0;0;0;0;0;0;NA
NA;REISENOVELLEN;0;0;0;0;0;0;NA
NA;REITERGESCHICHTE;0;0;0;0;0;0;NA
NA;RENATE;0;0;0;0;0;0;NA
NA;REQUIEM_DER_LIEBE;0;0;0;0;0;0;NA
NA;REVOLUTION_UND_CONTREREVOLUTION;0;0;0;0;0;0;NA
NA;RINALDO_RINALDINI;0;0;0;0;0;0;NA
rittmeister brand;RITTMEISTER_BRAND;0;1;0;0;1;1;20072
NA;ROBINSON_DER_JUENGERE;0;0;0;0;0;0;NA
NA;ROMAN_AUS_DER_DECADENCE;0;0;0;0;0;0;NA
NA;ROSSHALDE;0;0;0;0;0;0;NA
ruhe ist die erste bã¼rgerpflicht;RUHE_IST_DIE_ERSTE_BUERGERPFLICHT;0;1;0;0;1;1;20001
NA;RYNO;0;0;0;0;0;0;NA
NA;SALY'S_REVOLUTIONSTAGE;0;0;0;0;0;0;NA
NA;SANKT_THOMAS_(NOVELLE);0;0;0;0;0;0;NA
NA;SATIRISCHE_ERZAEHLUNGEN;0;0;0;0;0;0;NA
schach von wuthenow;SCHACH_VON_WUTHENOW;0;1;1;0;2;1;20107
NA;SCHACHTEL_MIT_DER_FRIEDENSPUPPE;0;0;0;0;0;0;NA
NA;SCHELMUFFSKY;0;0;0;0;0;0;NA
NA;SCHICKSALE_EINER_SEELE;0;0;0;0;0;0;NA
schloã avalon;SCHLOSS_AVALON;1;0;0;0;1;1;20004
schloã und fabrik;SCHLOSS_UND_FABRIK;0;1;0;1;2;1;20346
schwarzwaelder dorfgeschichten;SCHWARZWAELDER_DORFGESCHICHTEN;0;0;0;1;1;1;NA
schweigen;SCHWEIGEN;0;0;1;0;1;1;20477
NA;SELTSAMES_BEGEGNEN_UND_WIEDERSEHEN;0;0;0;0;0;0;NA
seraphine;SERAPHINE;0;1;0;0;1;1;20156
sibilla dalmar;SIBILLA_DALMAR;0;1;0;0;1;1;20064
NA;LA_SIBYLLE;0;0;0;0;0;0;NA
NA;SIEBEN_LEGENDEN;0;0;0;0;0;0;NA
NA;SIEBENKAES;0;0;0;0;0;0;NA
NA;SIEGWART;0;0;0;0;0;0;NA
soll und haben (roman);SOLL_UND_HABEN_(ROMAN);0;0;0;1;1;1;NA
NA;STERBEN;0;0;0;0;0;0;NA
stine;STINE_(FONTANE);0;1;1;0;2;1;20103
stopfkuchen;STOPFKUCHEN;0;1;0;0;1;1;20384
NA;STUFENJAHRE_EINES_GLUECKLICHEN;0;0;0;0;0;0;NA
sturmflut;STURMFLUT;0;1;0;0;1;1;20441
NA;TAGEBUCH_EINER_VERLORENEN;0;0;0;0;0;0;NA
tagebuch eines armen fraeuleins;TAGEBUCH_EINES_ARMEN_FRAEULEINS;0;0;0;1;1;1;NA
NA;TAMBI;0;0;0;0;0;0;NA
NA;TITAN_(JEAN_PAUL);0;0;0;0;0;0;NA
NA;TOD_IN_VENEDIG;0;0;0;0;0;0;NA
NA;TONIO_KROEGER;0;0;0;0;0;0;NA
totenmesse;TOTENMESSE;0;1;0;0;1;1;20360
NA;TRAGIK_DES_LEBENS;0;0;0;0;0;0;NA
NA;TUBUTSCH;0;0;0;0;0;0;NA
uli der knecht;ULI_DER_KNECHT;0;0;0;1;1;1;20146
uli der pã¤chter;ULI_DER_PAECHTER;0;0;0;1;1;1;20144
NA;UNDINE;0;0;0;0;0;0;NA
NA;UNRUHIGE_GAESTE;0;0;0;0;0;0;NA
NA;UNSUEHNBAR;0;1;0;0;1;1;NA
NA;UNTERHALTUNGEN_DEUTSCHER_AUSGEWANDERTEN;0;0;0;0;0;0;NA
NA;UNTERHALTUNGEN_MIT_EINER_HEILIGEN;0;0;0;0;0;0;NA
NA;UNTERM_BIRNBAUM;0;0;0;0;0;0;NA
NA;UNTERM_RAD;0;0;0;0;0;0;NA
NA;UNWAHRSCHEINLICHE_WAHRHAFTIGKEITEN;0;0;0;0;0;0;NA
unwiederbringlich;UNWIEDERBRINGLICH;0;1;0;0;1;1;20116
NA;USONG;0;0;0;0;0;0;NA
NA;VENUS_IM_PELZ;0;0;0;0;0;0;NA
NA;VEREINIGUNGEN;0;0;0;0;0;0;NA
NA;VERWORRENES_LEBEN;0;0;0;0;0;0;NA
viel lã¤rmen um nichts;VIEL_LAERMEN_UM_NICHTS;0;1;0;1;2;1;20090
NA;VIOLA_TRICOLOR_(STORM);0;0;0;0;0;0;NA
vittoria accorombona;VITTORIA_ACCOROMBONA;0;2;0;1;3;1;20497
NA;VON_PAUL_ZU_PEDRO;0;0;0;0;0;0;NA
vor dem sturm;VOR_DEM_STURM_(ROMAN);0;1;0;0;1;1;20113
NA;WALDEINSAMKEIT;0;0;0;0;0;0;NA
NA;WALDHEIMAT;0;0;0;0;0;0;NA
wally, die zweiflerin;WALLY,_DIE_ZWEIFLERIN;0;1;0;1;2;1;20157
was die isar rauscht;WAS_DIE_ISAR_RAUSCHT;0;1;0;0;1;1;20055
weiße sclaven oder die leiden des volkes;WEISSE_SCLAVEN_ODER_DIE_LEIDEN_DES_VOLKES;0;1;0;1;2;1;20537
wie frauen werden. werde, die du bist;WIE_FRAUEN_WERDEN._WERDE,_DIE_DU_BIST;0;1;0;0;1;1;20065
NA;WIE_FUENF_MAEDCHEN_IM_BRANNTWEIN_JAEMMERLICH_UMKOMMEN;0;0;0;0;0;0;NA
NA;WIE_WUNDERBAR;0;0;0;0;0;0;NA
NA;WIENER_BLUT;0;0;0;0;0;0;NA
wilhelm meisters lehrjahre;WILHELM_MEISTERS_LEHRJAHRE;1;1;0;0;2;1;20132
wilhelm meisters theatralische sendung;WILHELM_MEISTERS_THEATRALISCHE_SENDUNG;0;0;1;0;1;1;NA
wilhelm meisters wanderjahre;WILHELM_MEISTERS_WANDERJAHRE;1;1;0;1;3;1;20133
NA;WILLIAM_LOVELL;0;0;0;0;0;0;NA
NA;WOLDEMAR;0;0;0;0;0;0;NA
NA;ZERBIN_ODER_DIE_NEUERE_PHILOSOPHIE;0;0;0;0;0;0;NA
NA;ZUERICHER_NOVELLEN;0;0;0;0;0;0;NA
NA;ZUM_WILDEN_MANN;0;0;0;0;0;0;NA
NA;ZUM_ZEITVERTREIB;0;0;0;0;0;0;NA
zur chronik von grieshuus;ZUR_CHRONIK_VON_GRIESHUUS;0;1;1;0;2;1;20478
zur wald- und wasserfreude;ZUR_WALD-_UND_WASSERFREUDE;0;1;1;0;2;1;20479
NA;ZWEI_SCHWESTERN;0;0;0;0;0;0;NA
zwischen himmel und erde;ZWISCHEN_HIMMEL_UND_ERDE_(ERZAEHLUNG_1856);0;0;0;1;1;1;20286
