"","canonisation_score","circl_sum","reviews_sum","Text","id","circl_binary","indegree","pagerank","class","reviews_binary"
"258","0.897461864857794","2","0","DIE_LEUTE_VON_SELDWYLA_Q936322","1","1","6","1.0942680132302374","No Review, Catalogue","0"
"514","0.0237824899093644","2","0","SIEGWART_noWikiID","10","1","7","4.73689489467469","No Review, Catalogue","0"
"444","0.259978377605495","1","1","MARQUISE_VON_O_noWikiID","100","1","7","0.8916933223012531","Review & Catalogue","1"
"192","0.0851189742374057","0","0","DER_WINTERGARTEN_noWikiID","101","0","14","4.916230507983399","No Review & No Catalogue","0"
"491","0.0255818179471078","1","0","RINALDO_RINALDINI_noWikiID","102","1","4","2.962256916509156","No Review, Catalogue","0"
"209","0.0205467828522686","1","0","DIE_BARONIN_noWikiID","103","1","0","0.15","No Review, Catalogue","0"
"152","0.0221068485323305","0","0","DER_MAJOR_noWikiID","104","0","2","0.9017454580102557","No Review & No Catalogue","0"
"22","0.0205467828522686","0","0","ARBEIT_noWikiID","105","0","6","1.1344282932793268","No Review & No Catalogue","0"
"323","0.0221068485323305","1","0","ELLEN_VON_DER_WEIDEN_noWikiID","106","1","4","1.1495820936646892","No Review, Catalogue","0"
"184","0.0221068485323305","0","1","DER_UEBERGANG_noWikiID","107","0","2","0.4795441539034294","Review, No Catalogue","1"
"392","0.0221068485323305","1","0","IM_SCHLARAFFENLAND_Q1285424","108","1","7","1.5518828167058196","No Review, Catalogue","0"
"342","0.0205467828522686","1","1","FREIGEBOREN_noWikiID","109","1","5","1.1590474872989214","Review & Catalogue","1"
"374","0.0205467828522686","2","0","HEINRICH_JUNG_STILLINGS_JUGEND_noWikiID","11","1","2","1.2922296804112436","No Review, Catalogue","0"
"383","0.0601640846066759","0","0","HOLLAENDISCHE_LIEBHABEREIEN_noWikiID","110","0","0","0.15","No Review & No Catalogue","0"
"449","0.33800545810469","3","1","MEISTER_FLOH_Q837936","111","1","1","0.1925","Review & Catalogue","1"
"432","0.0601640846066759","0","0","LIEBESZAUBER_noWikiID","112","0","2","0.6023571825852578","No Review & No Catalogue","0"
"288","0.33800545810469","5","2","DIE_WAHLVERWANDTSCHAFTEN_Q951198","113","1","7","1.263864703074895","Review & Catalogue","1"
"42","0.838335598755431","2","1","AUS_MEINEM_LEBEN._DICHTUNG_UND_WAHRHEIT_Q569377","114","1","9","1.7436543306968442","Review & Catalogue","1"
"13","0.0424309919848873","0","0","AMANDA_UND_EDUARD_noWikiID","115","0","2","0.6909882454288587","No Review & No Catalogue","0"
"417","0.0601640846066759","1","0","L'ARRABIATA_noWikiID","116","1","0","0.15","No Review, Catalogue","0"
"57","0.628138424466113","0","1","BUNTE_STEINE_Q1009887","117","0","6","0.8121380704955216","Review, No Catalogue","1"
"242","0.0205467828522686","2","0","DIE_HOSEN_DES_HERRN_VON_BREDOW_noWikiID","118","1","4","1.1463438677227558","No Review, Catalogue","0"
"531","0.0691979459011065","2","1","ULI_DER_PAECHTER_noWikiID","119","1","7","2.5967390702181303","Review & Catalogue","1"
"351","0.322790810707987","2","0","GESCHICHTE_DES_FRAEULEINS_VON_STERNHEIM_Q1517346","12","1","11","5.459277081375115","No Review, Catalogue","0"
"6","0.0275134422375932","0","2","AESTHETISCHE_FELDZUEGE_noWikiID","120","0","1","0.1925","Review, No Catalogue","1"
"53","0.0645339993923284","2","1","BRIEFE_EINES_NARREN_UND_EINER_NAERRIN_noWikiID","121","1","3","1.1406029220097718","Review & Catalogue","1"
"477","0.33800545810469","2","1","PRINZESSIN_BRAMBILLA_Q570890","122","1","2","0.24704166666666666","Review & Catalogue","1"
"411","0.259978377605495","3","1","KLEIN_ZACHES_GENANNT_noWikiID","123","1","2","1.0533267726879365","Review & Catalogue","1"
"490","0.0221068485323305","0","0","REVOLUTION_UND_CONTREREVOLUTION_noWikiID","124","0","2","2.2372475300554857","No Review & No Catalogue","0"
"438","0.0221068485323305","1","0","LYDIA_noWikiID","125","1","3","1.8749035664406932","No Review, Catalogue","0"
"70","0.0560723413501725","0","0","DAS_ERDBEERIMAREILI_noWikiID","126","0","0","0.15","No Review & No Catalogue","0"
"402","0.0560723413501725","2","0","JAKOBS_DES_HANDWERKSGESELLEN_WANDERUNGEN_DURCH_DIE_SCHWEIZ_noWikiID","127","1","6","1.2985489302791748","No Review, Catalogue","0"
"247","0.0645339993923284","2","0","DIE_KAESEREI_IN_DER_VEHFREUDE_noWikiID","128","1","3","0.4054333977018476","No Review, Catalogue","0"
"326","0.305392408053958","0","0","ELSI,_DIE_SELTSAME_MAGD_Q1333830","129","0","1","0.1925","No Review & No Catalogue","0"
"143","0.235356216581709","1","1","DER_HUNGERPASTOR_Q1194487","13","1","9","4.6309559307867465","Review & Catalogue","1"
"395","0.0601640846066759","0","0","IN_ST._JUERGEN_Q105232019","130","0","1","0.38043044597717174","No Review & No Catalogue","0"
"396","0.0560723413501725","1","1","INNOCENS_Q1664115","131","1","4","1.306575489113847","Review & Catalogue","1"
"47","0.0560723413501725","1","0","BEATRICE_noWikiID","132","1","3","0.3548302930268653","No Review, Catalogue","0"
"188","0.0560723413501725","0","0","DER_WALDBRUNNEN_noWikiID","133","0","2","0.30028862636019865","No Review & No Catalogue","0"
"141","0.0560723413501725","0","0","DER_HEXENSABBAT_noWikiID","134","0","3","0.8549707267019866","No Review & No Catalogue","0"
"66","0.0237824899093644","0","1","DAS_BLUETHENALTER_DER_EMPFINDUNG_noWikiID","135","0","3","0.534077040824411","Review, No Catalogue","1"
"132","0.0221068485323305","0","0","DER_GENIUS_noWikiID","136","0","12","4.645411393126608","No Review & No Catalogue","0"
"377","0.0205467828522686","1","0","HERMANN_VON_UNNA_noWikiID","137","1","1","0.3013218282335831","No Review, Catalogue","0"
"131","0.162696328389987","4","0","DER_GEISTERSEHER_Q1193812","138","1","5","1.8448102928410506","No Review, Catalogue","0"
"60","0.305392408053958","2","0","CÃ‰CILE_noWikiID","139","1","10","2.95592027651904","No Review, Catalogue","0"
"256","0.0645339993923284","0","0","DIE_LEUTE_AUS_DEM_WALDE_Q1214404","14","0","11","6.553319489318826","No Review & No Catalogue","0"
"416","0.462879594039226","1","1","L'ADULTERA_Q1744488","140","1","5","2.0999225204507574","Review & Catalogue","1"
"412","0.0560723413501725","1","1","KRAMBAMBULI_(ERZAEHLUNG)_Q1385007","141","1","0","0.15","Review & Catalogue","1"
"230","0.0237824899093644","1","0","DIE_GEIER-WALLY_(ROMAN)_Q1212872","142","1","7","1.4211285103125002","No Review, Catalogue","0"
"14","0.0205467828522686","0","0","AMAZONENSCHLACHT_noWikiID","143","0","0","0.15","No Review & No Catalogue","0"
"121","0.0221068485323305","1","1","DER_BUETTNERBAUER_noWikiID","144","1","8","1.3081131900549816","Review & Catalogue","1"
"492","0.0645339993923284","1","1","RITTMEISTER_BRAND_noWikiID","145","1","6","1.4804326978576836","Review & Catalogue","1"
"43","0.0205467828522686","0","0","AUS_TROTZKOPFS_EHE_noWikiID","146","0","7","1.639972962686232","No Review & No Catalogue","0"
"418","0.0205467828522686","1","0","LA_SIBYLLE_noWikiID","147","1","1","0.1925","No Review, Catalogue","0"
"62","0.0205467828522686","1","0","CLEMENTINE_noWikiID","148","1","2","0.3606286038298061","No Review, Catalogue","0"
"403","0.0237824899093644","2","1","JENNY_noWikiID","149","1","4","0.9462411516196547","Review & Catalogue","1"
"544","0.0560723413501725","0","0","VERWORRENES_LEBEN_noWikiID","15","0","7","3.5863683134743565","No Review & No Catalogue","0"
"122","0.0560723413501725","1","2","DER_CONDOR_Q19156156","150","1","1","0.2823297755576204","Review & Catalogue","1"
"221","0.0221068485323305","0","0","DIE_EUROPAMUEDEN_noWikiID","151","0","3","0.43379445941120115","No Review & No Catalogue","0"
"536","0.0221068485323305","2","0","UNTERHALTUNGEN_MIT_EINER_HEILIGEN_noWikiID","152","1","4","0.5269918896139092","No Review, Catalogue","0"
"428","0.916343123471815","0","0","LENZ_(BUECHNER)_Q353180","153","0","2","0.27249343640799245","No Review & No Catalogue","0"
"315","0.0205467828522686","0","1","EINE_AEGYPTISCHE_KOENIGSTOCHTER_noWikiID","154","0","2","0.6052781660509795","Review, No Catalogue","1"
"153","0.768032201522249","2","1","DER_NACHSOMMER_Q167320","155","1","4","0.5036189245165005","Review & Catalogue","1"
"307","0.0560723413501725","0","0","EIN_BEKENNTNIS_noWikiID","156","0","3","0.4815964043023399","No Review & No Catalogue","0"
"508","0.0601640846066759","1","1","SCHWEIGEN_noWikiID","157","1","2","0.32895231455232965","Review & Catalogue","1"
"107","0.0601640846066759","0","0","DAS_WALDROESCHEN_noWikiID","158","0","8","1.1395765476510737","No Review & No Catalogue","0"
"145","0.0560723413501725","2","1","DER_JUNGE_TISCHLERMEISTER_Q1198964","159","1","2","0.4219353754332108","Review & Catalogue","1"
"32","0.0560723413501725","0","1","AUF_DER_UNIVERSITAET_Q15792139","16","0","3","1.6123928067497766","Review, No Catalogue","1"
"439","0.0255818179471078","3","0","MADONNA_noWikiID","160","1","2","1.5029840134806234","No Review, Catalogue","0"
"50","0.0205467828522686","0","0","BILDER_UND_GESCHICHTEN_AUS_SCHWABEN_Q15788617","161","0","2","0.4131554496694573","No Review & No Catalogue","0"
"227","0.0221068485323305","3","0","DIE_FRAU_PROFESSORIN_noWikiID","162","1","2","0.5437657155751172","No Review, Catalogue","0"
"266","0.0205467828522686","0","0","DIE_NACHBARN_noWikiID","163","0","5","0.929434892926067","No Review & No Catalogue","0"
"78","0.0205467828522686","0","0","DAS_HEIMWEH_Q1168923","164","0","3","0.9585276929829295","No Review & No Catalogue","0"
"421","0.274620702296579","0","0","LEBEN_DES_VERGNUEGTEN_SCHULMEISTERLEIN_MARIA_WUTZ_IN_AUENTHAL_Q1810880","165","0","6","1.435804947791858","No Review & No Catalogue","0"
"379","0.0691979459011065","2","0","HERRMANN_UND_ULRIKE_noWikiID","166","1","6","3.7537997682884074","No Review, Catalogue","0"
"475","0.0205467828522686","1","2","POLIZEIGESCHICHTEN_noWikiID","167","1","0","0.15","Review & Catalogue","1"
"461","0.0205467828522686","1","0","NEUE_GESCHICHTEN_AUS_DEM_GHETTO_noWikiID","168","1","4","0.44078701522495006","No Review, Catalogue","0"
"496","0.0237824899093644","1","1","RUHE_IST_DIE_ERSTE_BUERGERPFLICHT_noWikiID","169","1","8","3.7086085781076954","Review & Catalogue","1"
"150","0.305392408053958","1","0","DER_LANDVOGT_VON_GREIFENSEE_Q1195171","17","1","1","0.1925","No Review, Catalogue","0"
"273","0.0975111340573339","3","0","DIE_RITTER_VOM_GEISTE_noWikiID","170","1","7","3.6581474103234317","No Review, Catalogue","0"
"399","0.0205467828522686","1","1","ISEGRIMM_noWikiID","171","1","9","2.8078399743406397","Review & Catalogue","1"
"509","0.0601640846066759","0","0","SELTSAMES_BEGEGNEN_UND_WIEDERSEHEN_Q2268722","172","0","0","0.15","No Review & No Catalogue","0"
"436","0.274620702296579","1","1","LOTTI,_DIE_UHRMACHERIN_noWikiID","173","1","3","1.9838967247610677","Review & Catalogue","1"
"409","0.0560723413501725","0","0","KINDER_DER_WELT_noWikiID","174","0","5","2.5032192635656085","No Review & No Catalogue","0"
"255","0.0205467828522686","1","0","DIE_LETZTE_RECKENBURGERIN_noWikiID","175","1","6","1.864510984466959","No Review, Catalogue","0"
"172","0.119112826840361","1","1","DER_SCHUEDDERUMP_Q1196819","176","1","6","2.622780427663129","Review & Catalogue","1"
"450","0.0794735706665683","0","0","MEISTER_MARTIN_DER_KUEFNER_UND_SEINE_GESELLEN_Q1918300","177","0","1","0.6478839243458623","No Review & No Catalogue","0"
"193","0.0601640846066759","1","0","DER_ZAUBERRING_noWikiID","178","1","4","0.856742553628487","No Review, Catalogue","0"
"27","0.154236863598718","1","0","ARMUT,_REICHTUM,_SCHULD_UND_BUSSE_DER_GRAEFIN_DOLORES_Q689540","179","1","14","4.1158842041528","No Review, Catalogue","0"
"410","0.321481356814517","2","0","KLEIDER_MACHEN_LEUTE_Q1746163","18","1","3","0.7923653308910777","No Review, Catalogue","0"
"126","0.0560723413501725","2","0","DER_FAUST_DER_MORGENLAENDER_noWikiID","180","1","2","0.2826650111291653","No Review, Catalogue","0"
"322","0.0205467828522686","3","2","ELISA_ODER_DAS_WEIB_WIE_ES_SEYN_SOLLTE_noWikiID","181","1","1","0.23008841981993017","Review & Catalogue","1"
"561","0.645431155250413","3","3","WILHELM_MEISTERS_WANDERJAHRE_Q478344","182","1","5","2.5644520427684023","Review & Catalogue","1"
"538","0.0645339993923284","0","0","UNTERM_RAD_Q1325403","183","0","2","0.3952257601511595","No Review & No Catalogue","0"
"390","0.0601640846066759","1","0","IM_NACHBARHAUSE_LINKS_noWikiID","184","1","1","0.1925","No Review, Catalogue","0"
"299","0.0691979459011065","1","0","DRAUSSEN_IM_HEIDEDORF_Q84314019","185","1","3","0.8132839269782532","No Review, Catalogue","0"
"237","0.0741722353260478","0","0","DIE_GUENDERODE_noWikiID","186","0","3","0.40110861941294984","No Review & No Catalogue","0"
"455","0.305392408053958","0","0","MOZART_AUF_DER_REISE_NACH_PRAG_Q1951309","187","0","1","0.8238653216002777","No Review & No Catalogue","0"
"116","0.321481356814517","0","0","DER_ARME_SPIELMANN_Q1198306","188","0","5","0.9766058994191922","No Review & No Catalogue","0"
"296","0.0741722353260478","1","0","DIES_BUCH_GEHOERT_DEM_KOENIG_noWikiID","189","1","2","0.3181891088336691","No Review, Catalogue","0"
"29","0.0205467828522686","1","0","ASPASIA_noWikiID","19","1","3","0.6885907566386748","No Review, Catalogue","0"
"401","0.0691979459011065","0","0","JAKOB_VON_GUNTEN_Q1679462","190","0","0","0.15","No Review & No Catalogue","0"
"61","0.0205467828522686","0","0","CHRISTA_RUHLAND_noWikiID","191","0","4","0.7836888913615743","No Review & No Catalogue","0"
"316","0.0645339993923284","1","0","EINE_AUSSCHWEIFUNG_noWikiID","192","1","2","0.32982208236923516","No Review, Catalogue","0"
"159","0.0255818179471078","1","1","DER_RANGIERBAHNHOF_noWikiID","193","1","4","0.8461364988536031","Review & Catalogue","1"
"95","0.0237824899093644","1","1","DAS_RECHT_DER_MUTTER_noWikiID","194","1","7","1.2459348888236204","Review & Catalogue","1"
"200","0.0560723413501725","0","0","DEUTSCHER_ADEL_(WILHELM_RAABE)_Q1204575","195","0","2","0.4021027408652891","No Review & No Catalogue","0"
"30","0.0221068485323305","0","0","AUCH_EINER_Q758582","196","0","6","2.056494685952846","No Review & No Catalogue","0"
"549","0.2221662156401","1","1","VOR_DEM_STURM_(ROMAN)_Q1273542","197","1","9","3.75450601529816","Review & Catalogue","1"
"566","0.33800545810469","0","0","ZUM_WILDEN_MANN_Q229600","198","0","3","1.104328260651683","No Review & No Catalogue","0"
"301","0.0645339993923284","2","0","DSCHINNISTAN_Q1262121","199","1","6","2.7776706305059444","No Review, Catalogue","0"
"136","0.988875593155002","2","1","DER_GRUENE_HEINRICH_Q1198871","2","1","13","3.3146758454004113","Review & Catalogue","1"
"105","0.444348419807107","0","0","DAS_VERLORENE_LACHEN_Q1171678","20","0","2","0.24704166666666666","No Review & No Catalogue","0"
"406","0.0205467828522686","0","0","JULCHEN_GRUENTHAL_noWikiID","200","0","8","5.099408256392108","No Review & No Catalogue","0"
"442","0.0394945910733656","1","0","MARIA_noWikiID","201","1","7","3.281940221145092","No Review, Catalogue","0"
"162","0.0255818179471078","0","0","DER_REDLICHE_MANN_AM_HOFE_noWikiID","202","0","6","3.6775312727741096","No Review & No Catalogue","0"
"144","0.0221068485323305","1","1","DER_IM_IRR-GARTEN_DER_LIEBE_HERUM_TAUMELNDE_CAVALIER_noWikiID","203","1","3","3.4647400184897124","Review & Catalogue","1"
"244","0.0799133785582656","0","0","DIE_INSEL_FELSENBURG_Q1664415","204","0","3","3.196056969475153","No Review & No Catalogue","0"
"259","0.0221068485323305","0","0","DIE_LIEBENSWUERDIGE_ADALIE_noWikiID","205","0","3","3.0791930072093763","No Review & No Catalogue","0"
"482","0.0794735706665683","0","0","QUITT_(FONTANE)_Q1589389","206","0","3","1.4386771080783811","No Review & No Catalogue","0"
"397","0.305392408053958","1","1","IRRUNGEN_WIRRUNGEN_Q669599","207","1","6","2.309843438045098","Review & Catalogue","1"
"287","0.0205467828522686","1","1","DIE_WAFFEN_NIEDER_Q212687","208","1","2","0.6342810031086061","Review & Catalogue","1"
"124","0.0601640846066759","0","0","DER_EINSAME_noWikiID","209","0","1","0.3412689341642662","No Review & No Catalogue","0"
"180","0.0911257006455229","1","0","DER_TOD_GEORGS_noWikiID","21","1","0","0.15","No Review, Catalogue","0"
"298","0.0560723413501725","0","0","DORFGAENGE_noWikiID","210","0","3","0.5868406844871348","No Review & No Catalogue","0"
"551","0.0645339993923284","0","0","WALDHEIMAT_Q41547677","211","0","9","1.7143635877105126","No Review & No Catalogue","0"
"529","0.0255818179471078","0","0","TUBUTSCH_Q23793189","212","0","0","0.15","No Review & No Catalogue","0"
"212","0.0205467828522686","0","0","DIE_CHINESISCHE_MAUER_noWikiID","213","0","2","0.24704166666666666","No Review & No Catalogue","0"
"440","0.0560723413501725","0","0","MAERCHEN_DES_LEBENS_noWikiID","214","0","5","0.4140784722222222","No Review & No Catalogue","0"
"24","0.0601640846066759","0","0","ARDISTAN_UND_DSCHINNISTAN_Q639501","215","0","4","0.49432793306327155","No Review & No Catalogue","0"
"163","0.0205467828522686","2","1","DER_ROLAND_VON_BERLIN_noWikiID","216","1","6","2.4174312392977186","Review & Catalogue","1"
"125","0.0205467828522686","2","1","DER_FALSCHE_WOLDEMAR_noWikiID","217","1","4","1.0973025206094549","Review & Catalogue","1"
"274","0.0205467828522686","1","0","DIE_ROSE_VON_DISENTIS_noWikiID","218","1","4","1.1855899696966579","No Review, Catalogue","0"
"485","0.0560723413501725","2","0","REISE_NACH_BRAUNSCHWEIG_noWikiID","219","1","0","0.15","No Review, Catalogue","0"
"90","0.0560723413501725","0","0","DAS_MAERCHEN_DER_672._NACHT_Q1169916","22","0","2","0.235","No Review & No Catalogue","0"
"114","0.0205467828522686","1","1","DER_AMTMANN_VON_HOHENWEILER_noWikiID","220","1","5","1.7853453330565896","Review & Catalogue","1"
"348","0.0601640846066759","3","0","GEHEIME_GESCHICHTE_DES_PHILOSOPHEN_PEREGRINUS_PROTEUS_noWikiID","221","1","5","0.44498541666666663","No Review, Catalogue","0"
"300","0.0560723413501725","1","0","DREI_FEDERN_Q1256990","222","1","0","0.15","No Review, Catalogue","0"
"54","0.289764790109877","3","0","BRIGITTA_(STIFTER)_Q539511","223","1","5","1.034817998090751","No Review, Catalogue","0"
"570","0.0560723413501725","1","0","ZWEI_SCHWESTERN_noWikiID","224","1","2","0.5508950723404922","No Review, Catalogue","0"
"86","0.0560723413501725","0","0","DAS_LEBEN_DER_HOCHGRAEFIN_GRITTA_VON_RATTENZUHAUSBEIUNS_noWikiID","225","0","4","0.7962061807575563","No Review & No Catalogue","0"
"268","0.0601640846066759","1","0","DIE_NARRENBURG_Q21328513","226","1","4","0.8189868235551331","No Review, Catalogue","0"
"276","0.305392408053958","0","0","DIE_SCHWARZE_GALEERE_noWikiID","227","0","0","0.15","No Review & No Catalogue","0"
"146","0.0560723413501725","0","0","DER_JUNKER_VON_DENOW_Q1194662","228","0","4","1.6580071701710306","No Review & No Catalogue","0"
"248","0.0601640846066759","1","0","DIE_KINDER_VON_FINKENRODE_Q1213860","229","1","7","4.1638965984147","No Review, Catalogue","0"
"504","0.0221068485323305","1","0","SCHICKSALE_EINER_SEELE_noWikiID","23","1","4","0.5786001265386549","No Review, Catalogue","0"
"263","0.0221068485323305","0","0","DIE_MARZIPANLIESE_Q1214732","230","0","2","0.2798819675925926","No Review & No Catalogue","0"
"456","0.0237824899093644","3","1","MUENCHHAUSEN_noWikiID","231","1","8","3.458641262579326","Review & Catalogue","1"
"187","0.0601640846066759","0","0","DER_WALDBRUDER_Q1197891","232","0","2","0.5586317427831856","No Review & No Catalogue","0"
"302","0.0205467828522686","2","0","EDUARD_ALLWILLS_PAPIEREN_noWikiID","233","1","2","1.5346202201578287","No Review, Catalogue","0"
"254","0.999997205037213","5","3","DIE_LEIDEN_DES_JUNGEN_WERTHERS_Q151883","234","1","6","2.2488332763244494","Review & Catalogue","1"
"329","0.0205467828522686","0","0","EVREMONT_noWikiID","235","0","7","1.527511849631732","No Review & No Catalogue","0"
"305","0.0601640846066759","0","0","EIGENSINN_UND_LAUNE_noWikiID","236","0","3","0.7847492905414613","No Review & No Catalogue","0"
"486","0.0601640846066759","1","0","REISENOVELLEN_noWikiID","237","1","5","2.4459321870469886","No Review, Catalogue","0"
"539","0.0560723413501725","0","0","UNWAHRSCHEINLICHE_WAHRHAFTIGKEITEN_noWikiID","238","0","0","0.15","No Review & No Catalogue","0"
"111","0.0560723413501725","0","0","DEN_STEIN_DER_WEISEN_noWikiID","239","0","0","0.15","No Review & No Catalogue","0"
"369","0.0205467828522686","1","0","HALBTIER_noWikiID","24","1","1","0.1925","No Review, Catalogue","0"
"23","0.274620702296579","2","0","ARDINGHELLO_noWikiID","240","1","4","0.4035792013888888","No Review, Catalogue","0"
"470","0.305392408053958","2","4","PETER_SCHLEMIHLS_WUNDERSAME_GESCHICHTE_Q1093419","241","1","5","1.4096985918824856","Review & Catalogue","1"
"398","0.274620702296579","0","0","ISABELLA_VON_AEGYPTEN_Q35783041","242","0","3","2.551213593429491","No Review & No Catalogue","0"
"292","0.0560723413501725","0","0","DIE_WISKOTTENS_noWikiID","243","0","9","1.411846459064987","No Review & No Catalogue","0"
"140","0.0205467828522686","0","1","DER_HEXENMEISTER_noWikiID","244","0","0","0.15","Review, No Catalogue","1"
"569","0.0560723413501725","1","2","ZUR_WALD-_UND_WASSERFREUDE_noWikiID","245","1","9","1.4523522843132175","Review & Catalogue","1"
"373","0.0205467828522686","0","0","HEIDI_(ROMAN)_Q271697","246","0","1","0.1925","No Review & No Catalogue","0"
"371","0.389868771519071","1","0","HANS_UND_HEINZ_KIRCH_Q1489200","247","1","3","0.7783786177019152","No Review, Catalogue","0"
"135","0.0560723413501725","1","0","DER_GOTTSUCHER_Q55978264","248","1","2","0.5527268111819669","No Review, Catalogue","0"
"532","0.462879594039226","2","0","UNDINE_noWikiID","249","1","2","0.30382951031886696","No Review, Catalogue","0"
"173","0.0794735706665683","1","0","DER_SCHUSS_VON_DER_KANZEL_Q1196769","25","1","0","0.15","No Review, Catalogue","0"
"293","0.0645339993923284","0","0","DIE_ZAUBEREI_IM_HERBSTE_Q1217663","250","0","1","0.23608502792367897","No Review & No Catalogue","0"
"39","0.0851189742374057","0","0","AUS_DER_CHRONIKA_EINES_FAHRENDEN_SCHUELERS_Q777681","251","0","0","0.15","No Review & No Catalogue","0"
"459","0.557525892938665","1","0","NACHTWACHEN_Q1962904","252","1","0","0.15","No Review, Catalogue","0"
"26","0.0645339993923284","4","0","ARISTIPP_UND_EINIGE_SEINER_ZEITGENOSSEN_noWikiID","253","1","3","0.27749999999999997","No Review, Catalogue","0"
"435","0.0560723413501725","0","0","LOLA_noWikiID","254","0","0","0.15","No Review & No Catalogue","0"
"235","0.0221068485323305","0","0","DIE_GOETTINNEN_ODER_DIE_DREI_ROMANE_DER_HERZOGIN_VON_ASSY_Q1213243","255","0","7","0.7596207350556409","No Review & No Catalogue","0"
"567","0.0205467828522686","1","0","ZUM_ZEITVERTREIB_noWikiID","256","1","4","1.5146867106085136","No Review, Catalogue","0"
"494","0.0205467828522686","1","0","ROMAN_AUS_DER_DECADENCE_noWikiID","257","1","3","1.0820336219872955","No Review, Catalogue","0"
"295","0.0205467828522686","0","0","DIE_ZWOELF_APOSTEL_noWikiID","258","0","6","3.1542703990448353","No Review & No Catalogue","0"
"341","0.0560723413501725","0","0","FRAU_VON_SAVERNE_noWikiID","259","0","0","0.15","No Review & No Catalogue","0"
"405","0.518885031764307","1","1","JUERG_JENATSCH_Q1411041","26","1","3","0.7957771364466333","Review & Catalogue","1"
"194","0.0560723413501725","3","0","DER_ZWEIKAMPF_noWikiID","260","1","1","0.1925","No Review, Catalogue","0"
"282","0.274620702296579","1","1","DIE_VERLOBUNG_IN_ST._DOMINGO_noWikiID","261","1","1","0.1925","Review & Catalogue","1"
"363","0.0560723413501725","4","0","GRANDISON_DER_ZWEYTE_noWikiID","262","1","5","4.413033132658745","No Review, Catalogue","0"
"419","0.184109855669026","4","0","LEBEN_DER_SCHWEDISCHEN_GRAEFIN_VON_G_noWikiID","263","1","5","3.608518012766131","No Review, Catalogue","0"
"285","0.289764790109877","0","0","DIE_VERWANDLUNG_Q184222","264","0","1","0.1925","No Review & No Catalogue","0"
"130","0.0741722353260478","0","0","DER_GEHUELFE_Q1193785","265","0","3","0.3290784722222222","No Review & No Catalogue","0"
"328","0.0601640846066759","0","0","ESCH_ODER_DIE_ANARCHIE_noWikiID","266","0","5","0.7678712536256502","No Review & No Catalogue","0"
"137","0.144732511897424","1","2","DER_HEILIGE_Q1194176","267","1","4","0.4346816692211424","Review & Catalogue","1"
"385","0.0205467828522686","0","0","HOMO_SUM_noWikiID","268","0","4","0.5143789272963976","No Review & No Catalogue","0"
"312","0.0367536016133564","1","1","EIN_KAMPF_UM_ROM_Q636812","269","1","5","0.9126314163957483","Review & Catalogue","1"
"88","0.0741722353260478","1","2","DAS_LEIDEN_EINES_KNABEN_Q1169610","27","1","6","0.5882998088337994","Review & Catalogue","1"
"89","0.0560723413501725","0","0","DAS_MAEDCHEN_VON_TREPPI_Q28071194","270","0","3","1.3941692695063481","No Review & No Catalogue","0"
"40","0.0205467828522686","0","0","AUS_EINER_FAMILIE_noWikiID","271","0","1","0.545014626360132","No Review & No Catalogue","0"
"311","0.0560723413501725","0","0","EIN_GRUENES_BLATT_Q111150981","272","0","1","0.545014626360132","No Review & No Catalogue","0"
"451","0.0455753535426939","1","1","MEISTER_TIMPE_noWikiID","273","1","8","1.4314892230151302","Review & Catalogue","1"
"445","0.0975111340573339","1","2","MARTIN_SALANDER_Q1904882","274","1","8","1.9687928112269888","Review & Catalogue","1"
"453","0.0221068485323305","0","1","MODERNE_LEBENSWIRREN_noWikiID","275","0","4","0.8578134200463238","Review, No Catalogue","1"
"80","0.0221068485323305","0","0","DAS_HOELZERNE_BEIN_noWikiID","276","0","2","0.3984082855192326","No Review & No Catalogue","0"
"503","0.33800545810469","0","0","SCHELMUFFSKY_Q107356648","277","0","4","3.022546179529818","No Review & No Catalogue","0"
"325","0.0645339993923284","0","0","ELSE_VON_DER_TANNE_Q1333755","278","0","2","0.25908333333333333","No Review & No Catalogue","0"
"404","0.110370305679579","1","0","JUDITH,_DIE_KLUSWIRTIN_noWikiID","279","1","3","0.3084069444444444","No Review, Catalogue","0"
"52","0.0645339993923284","0","0","BOZENA_noWikiID","28","0","7","2.207196341009212","No Review & No Catalogue","0"
"457","0.0560723413501725","0","0","NACH_DEM_GROSSEN_KRIEGE_Q1269839","280","0","5","1.4360099341881045","No Review & No Catalogue","0"
"222","0.0645339993923284","1","0","DIE_FAMILIE_noWikiID","281","1","0","0.15","No Review, Catalogue","0"
"560","0.425970768854918","0","1","WILHELM_MEISTERS_THEATRALISCHE_SENDUNG_Q2574172","282","0","6","3.6796722628497736","Review, No Catalogue","1"
"203","0.0741722353260478","1","0","DIE_ABDERITEN_Q1210777","283","1","4","1.3501255180732168","No Review, Catalogue","0"
"169","0.0560723413501725","0","0","DER_SCHATZ_noWikiID","284","0","1","0.5201963885822566","No Review & No Catalogue","0"
"85","0.0560723413501725","0","0","DAS_KREUZ_IM_VENN_noWikiID","285","0","4","0.4498702158725565","No Review & No Catalogue","0"
"108","0.0560723413501725","1","1","DAS_WEIBERDORF_noWikiID","286","1","3","0.3624632278305576","Review & Catalogue","1"
"91","0.628138424466113","0","2","DAS_MARMORBILD_Q1169722","287","0","1","0.35042768347835407","Review, No Catalogue","1"
"9","0.740328921716904","1","2","AHNUNG_UND_GEGENWART_Q402329","288","1","5","0.9658180753365463","Review & Catalogue","1"
"99","0.289764790109877","0","0","DAS_SCHLOSS_DUERANDE_Q1170280","289","0","2","0.5065033707827546","No Review & No Catalogue","0"
"506","0.0221068485323305","0","2","SCHLOSS_UND_FABRIK_noWikiID","29","0","5","2.853776743748656","Review, No Catalogue","1"
"115","0.0560723413501725","0","0","DER_APOSTEL_(HAUPTMANN)_Q28131950","290","0","0","0.15","No Review & No Catalogue","0"
"45","0.407795370158162","1","0","BAHNWAERTER_THIEL_Q803617","291","1","3","0.3015833333333333","No Review, Catalogue","0"
"284","0.372234887656701","1","2","DIE_VERSUCHUNG_DES_PESCARA_Q1217221","292","1","1","0.1925","Review & Catalogue","1"
"241","0.135719851904178","1","1","DIE_HOCHZEIT_DES_MOENCHS_Q1213463","293","1","4","0.37182987212037066","Review & Catalogue","1"
"160","0.0205467828522686","0","0","DER_RAUBGRAF_noWikiID","294","0","2","0.24704166666666666","No Review & No Catalogue","0"
"199","0.0205467828522686","1","0","DEUTSCHE_PIONIERE_noWikiID","295","1","8","2.3448329009660114","No Review, Catalogue","0"
"370","0.0221068485323305","1","1","HAMMER_UND_AMBOSS_noWikiID","296","1","5","3.3743689250209536","Review & Catalogue","1"
"317","0.0560723413501725","0","0","EINE_GESCHICHTE_AUS_DEM_BREGENZERWALDE_noWikiID","297","0","1","0.8143693219403699","No Review & No Catalogue","0"
"556","0.0560723413501725","0","0","WIE_FUENF_MAEDCHEN_IM_BRANNTWEIN_JAEMMERLICH_UMKOMMEN_Q1751009","298","0","3","0.3746597924878276","No Review & No Catalogue","0"
"360","0.0741722353260478","0","2","GOCKEL,_HINKEL_UND_GACKELEIA_Q1478745","299","0","3","0.5242453590861921","Review, No Catalogue","1"
"283","0.0601640846066759","1","0","DIE_VERLORENE_HANDSCHRIFT_noWikiID","3","1","8","1.4310817405063394","No Review, Catalogue","0"
"554","0.0221068485323305","2","2","WEISSE_SCLAVEN_ODER_DIE_LEIDEN_DES_VOLKES_noWikiID","30","1","4","2.1661795547360363","Review & Catalogue","1"
"281","0.0560723413501725","0","0","DIE_TOTEN_SCHWEIGEN_Q1216835","300","0","0","0.15","No Review & No Catalogue","0"
"306","0.0560723413501725","0","0","EIN_ABSCHIED_Q1304285","301","0","1","0.1925","No Review & No Catalogue","0"
"502","0.0560723413501725","0","0","SCHACHTEL_MIT_DER_FRIEDENSPUPPE_noWikiID","302","0","3","0.9847015365004632","No Review & No Catalogue","0"
"517","0.259978377605495","0","2","STINE_(FONTANE)_Q1691464","303","0","3","0.9062908671624621","Review, No Catalogue","1"
"250","0.0205467828522686","1","0","DIE_KLUGEN_JUNGFRAUEN_noWikiID","304","1","3","0.6039881965657952","No Review, Catalogue","0"
"245","0.0601640846066759","1","0","DIE_JUDEN_VON_BARNOW_Q57166842","305","1","0","0.15","No Review, Catalogue","0"
"546","0.0741722353260478","0","0","VIOLA_TRICOLOR_(STORM)_Q2527399","306","0","2","0.24704166666666666","No Review & No Catalogue","0"
"481","0.0560723413501725","0","0","PSYCHE_noWikiID","307","0","1","0.1925","No Review & No Catalogue","0"
"210","0.0221068485323305","1","0","DIE_BEICHTE_noWikiID","308","1","1","0.1925","No Review, Catalogue","0"
"433","0.0205467828522686","0","0","LIED_DER_PARZEN_noWikiID","309","0","2","0.25908333333333333","No Review & No Catalogue","0"
"19","0.0367536016133564","0","0","ANNA_noWikiID","31","0","7","2.3177628880693697","No Review & No Catalogue","0"
"365","0.0205467828522686","0","0","GRILLPARZERS_LIEBESROMAN_noWikiID","310","0","4","0.35612499999999997","No Review & No Catalogue","0"
"17","0.0205467828522686","0","0","ANDROGYNE_noWikiID","311","0","3","0.3170368055555556","No Review & No Catalogue","0"
"171","0.274620702296579","2","0","DER_SCHMIED_SEINES_GLUECKS_noWikiID","312","1","0","0.15","No Review, Catalogue","0"
"113","0.0205467828522686","2","0","DER_AMERIKAMUEDE_noWikiID","313","1","2","1.372270702884165","No Review, Catalogue","0"
"269","0.0851189742374057","1","0","DIE_NIHILISTEN_noWikiID","314","1","1","0.1925","No Review, Catalogue","0"
"249","0.0221068485323305","0","0","DIE_KLEINE_STADT_Q1218726","315","0","2","0.2987472453703704","No Review & No Catalogue","0"
"161","0.0560723413501725","0","0","DER_REBELL_noWikiID","316","0","9","1.0874771231031377","No Review & No Catalogue","0"
"479","0.0221068485323305","0","0","PROFESSOR_UNRAT_Q457481","317","0","3","0.6258941613452718","No Review & No Catalogue","0"
"476","0.0560723413501725","0","0","POLNISCHE_GHETTO-GESCHICHTEN_noWikiID","318","0","0","0.15","No Review & No Catalogue","0"
"313","0.0560723413501725","1","2","EIN_KAMPF_UMS_RECHT_Q95606786","319","1","5","0.9617798878101249","Review & Catalogue","1"
"507","0.0455753535426939","1","1","SCHWARZWAELDER_DORFGESCHICHTEN_Q60982841","32","1","13","4.936115546381201","Review & Catalogue","1"
"520","0.0221068485323305","1","1","STURMFLUT_noWikiID","320","1","3","1.8091610277151517","Review & Catalogue","1"
"319","0.0560723413501725","0","0","EINE_STUNDE_HINTER_MITTERNACHT_Q1306645","321","0","1","0.21999513888888889","No Review & No Catalogue","0"
"346","0.0741722353260478","0","0","FRUEHLING_noWikiID","322","0","2","0.2548319560185185","No Review & No Catalogue","0"
"555","0.0205467828522686","0","1","WIE_FRAUEN_WERDEN._WERDE,_DIE_DU_BIST_noWikiID","323","0","3","0.45250623791142697","Review, No Catalogue","1"
"310","0.0645339993923284","1","0","EIN_FEST_AUF_HADERSLEVHUUS_noWikiID","324","1","3","0.5458499051778675","No Review, Catalogue","0"
"120","0.372234887656701","1","0","DER_BLONDE_ECKBERT_Q1198407","325","1","3","0.3849654790245526","No Review, Catalogue","0"
"223","0.0237824899093644","0","1","DIE_FAMILIE_SELDORF_Q977237","326","0","3","0.8526425650794138","Review, No Catalogue","1"
"559","0.999115717764715","5","2","WILHELM_MEISTERS_LEHRJAHRE_Q1194031","327","1","13","4.245754126081351","Review & Catalogue","1"
"425","0.0560723413501725","0","0","LEDWINA_noWikiID","328","0","0","0.15","No Review & No Catalogue","0"
"466","0.305392408053958","2","0","PANKRAZ_DER_SCHMOLLER_Q2049588","329","1","0","0.15","No Review, Catalogue","0"
"170","0.827943039612669","1","2","DER_SCHIMMELREITER_Q895730","33","1","4","0.7664980071173841","Review & Catalogue","1"
"46","0.0601640846066759","0","1","BARBAROSSA_noWikiID","330","0","0","0.15","Review, No Catalogue","1"
"393","0.0560723413501725","0","0","IM_SIESGESKRANZE_noWikiID","331","0","2","0.235","No Review & No Catalogue","0"
"240","0.0560723413501725","1","0","DIE_HEILIGE_CAECILIE_ODER_DIE_GEWALT_DER_MUSIK_Q302229","332","1","1","0.20454166666666668","No Review, Catalogue","0"
"330","0.274620702296579","2","1","FAUSTS_LEBEN,_THATEN_UND_HOELLENFAHRT_Q1368395","333","1","2","0.3276834300871524","Review & Catalogue","1"
"434","0.0205467828522686","1","0","LIENHARD_UND_GERTRUD_Q1824235","334","1","3","1.4641834700708105","No Review, Catalogue","0"
"448","0.0601640846066759","0","0","MEISTER_AUTOR_ODER_DIE_GESCHICHTEN_VOM_VERSUNKENEN_GARTEN_Q1452385","335","0","6","2.0758333601350554","No Review & No Catalogue","0"
"2","0.135719851904178","1","1","ABU_TELFAN_Q335418","336","1","6","2.2752546867434518","Review & Catalogue","1"
"63","0.0237824899093644","3","0","DAPHNIS_noWikiID","337","1","0","0.15","No Review, Catalogue","0"
"358","0.0601640846066759","0","0","GESPRAECHE_MIT_DAEMONEN_noWikiID","338","0","1","0.1925","No Review & No Catalogue","0"
"218","0.0645339993923284","0","0","DIE_ENTFUEHRUNG_noWikiID","339","0","3","0.3362898069822645","No Review & No Catalogue","0"
"309","0.321481356814517","1","0","EIN_DOPPELGAENGER_Q19188654","34","1","8","1.4777238656502498","No Review, Catalogue","0"
"205","0.305392408053958","6","0","DIE_ABENTHEUER_DES_DON_SYLVIO_VON_ROSALVA_noWikiID","340","1","4","3.424976173454628","No Review, Catalogue","0"
"389","0.0205467828522686","1","0","IM_HAUSE_DES_KOMMERZIENRATES_noWikiID","341","1","0","0.15","No Review, Catalogue","0"
"275","0.0560723413501725","1","1","DIE_SCHRIFTEN_DES_WALDSCHULMEISTERS_Q56071834","342","1","4","0.9512533075029396","Review & Catalogue","1"
"368","0.0560723413501725","1","0","GUTMANNS_REISEN_Q1557236","343","1","0","0.15","No Review, Catalogue","0"
"388","0.0601640846066759","1","0","IM_ALTEN_EISEN_Q1474111","344","1","5","1.0416146917053704","No Review, Catalogue","0"
"206","0.0645339993923284","1","0","DIE_AHNEN_Q42185371","345","1","12","2.591729108587379","No Review, Catalogue","0"
"463","0.0601640846066759","0","0","NINON_noWikiID","346","0","1","0.42547045311776255","No Review & No Catalogue","0"
"353","0.0560723413501725","0","0","GESCHICHTE_EINES_WIENERKINDES_noWikiID","347","0","2","0.4710596622643545","No Review & No Catalogue","0"
"208","0.0221068485323305","0","0","DIE_ANARCHISTEN_noWikiID","348","0","1","0.27054996171669937","No Review & No Catalogue","0"
"175","0.0205467828522686","1","0","DER_SELBSTMOERDER_noWikiID","349","1","1","0.1925","No Review, Catalogue","0"
"340","0.0205467828522686","0","0","FRAU_SORGE_noWikiID","35","0","7","0.8755388401702511","No Review & No Catalogue","0"
"489","0.0691979459011065","0","0","REQUIEM_DER_LIEBE_noWikiID","350","0","2","0.24704166666666666","No Review & No Catalogue","0"
"478","0.0601640846066759","1","1","PRINZESSIN_FISCH_Q2110713","351","1","3","0.45206630779441437","Review & Catalogue","1"
"467","0.464370821315899","0","1","PAPA_HAMLET_Q2050484","352","0","0","0.15","Review, No Catalogue","1"
"109","0.0560723413501725","1","0","DAS_ZAUBERSCHLOSS_noWikiID","353","1","1","0.1925","No Review, Catalogue","0"
"563","0.0560723413501725","2","0","WOLDEMAR_noWikiID","354","1","0","0.15","No Review, Catalogue","0"
"79","0.0560723413501725","2","0","DAS_HEXAMERON_VON_ROSENHAIN_noWikiID","355","1","0","0.15","No Review, Catalogue","0"
"7","0.0741722353260478","3","0","AGATHODAEMON_noWikiID","356","1","3","0.313625","No Review, Catalogue","0"
"333","0.291000461924749","0","0","FLORENTIN_noWikiID","357","0","5","1.435635578093532","No Review & No Catalogue","0"
"480","0.0560723413501725","0","0","PROKOPUS_Q23689421","358","0","1","0.38010578664039774","No Review & No Catalogue","0"
"51","0.0851189742374057","0","0","BLUMEN_noWikiID","359","0","1","0.22220238753858024","No Review & No Catalogue","0"
"74","0.289764790109877","1","1","DAS_GEMEINDEKIND_Q1168304","36","1","4","0.9776381944019228","Review & Catalogue","1"
"527","0.0205467828522686","0","1","TOTENMESSE_noWikiID","360","0","4","0.4956316250288395","Review, No Catalogue","1"
"511","0.0221068485323305","1","1","SIBILLA_DALMAR_noWikiID","361","1","4","1.1682730078397938","Review & Catalogue","1"
"96","0.0560723413501725","2","0","DAS_SANCTUS_Q1170225","362","1","1","0.1925","No Review, Catalogue","0"
"413","0.321481356814517","3","1","KREISLERIANA_noWikiID","363","1","3","0.28954166666666664","Review & Catalogue","1"
"246","0.481513882543301","0","0","DIE_JUDENBUCHE_Q1213685","364","0","0","0.15","No Review & No Catalogue","0"
"178","0.0601640846066759","1","2","DER_STERNSTEINHOF_noWikiID","365","1","2","0.6750668264621159","Review & Catalogue","1"
"84","0.0560723413501725","0","0","DAS_KLOSTER_BEI_SENDOMIR_Q1169335","366","0","0","0.15","No Review & No Catalogue","0"
"197","0.0560723413501725","0","0","DES_REICHES_KRONE_Q1200467","367","0","0","0.15","No Review & No Catalogue","0"
"229","0.0560723413501725","0","0","DIE_FREUNDE_(LUDWIG_TIECK)_Q1212755","368","0","3","0.3763141401336211","No Review & No Catalogue","0"
"164","0.481513882543301","1","0","DER_RUNENBERG_Q1196568","369","1","1","0.21689075791170903","No Review, Catalogue","0"
"278","0.235356216581709","2","1","DIE_SERAPIONSBRUEDER_Q321013","37","1","9","2.339581062269725","Review & Catalogue","1"
"69","0.305392408053958","1","1","DAS_ERDBEBEN_IN_CHILI_Q1167748","370","1","3","0.5030999135409105","Review & Catalogue","1"
"384","0.0560723413501725","0","0","HOLLINS_LIEBELEBEN_Q1624844","371","0","2","0.48832497837476796","No Review & No Catalogue","0"
"304","0.848215508034503","0","2","EFFI_BRIEST_Q1296168","372","0","11","2.670230018313214","Review, No Catalogue","1"
"516","0.305392408053958","0","0","STERBEN_noWikiID","373","0","5","1.1703608317952314","No Review & No Catalogue","0"
"93","0.0275134422375932","0","0","DAS_NUSS-KERNEN_noWikiID","374","0","0","0.15","No Review & No Catalogue","0"
"344","0.0221068485323305","1","2","FREUDEN_DES_JUNGEN_WERTHERS_Q1455757","375","1","1","0.1925","Review & Catalogue","1"
"167","0.0221068485323305","0","0","DER_SATYR_MOPSUS_noWikiID","376","0","2","0.235","No Review & No Catalogue","0"
"151","0.0601640846066759","0","0","DER_MAGNETISEUR_(E._T._A._HOFFMANN)_Q15456531","377","0","4","1.3070130953989494","No Review & No Catalogue","0"
"349","0.0645339993923284","2","0","GELD_UND_GEIST_noWikiID","378","1","4","0.7177949929279563","No Review, Catalogue","0"
"380","0.0275134422375932","0","0","HERRN_DAMES_AUFZEICHNUNGEN_noWikiID","379","0","1","0.1925","No Review & No Catalogue","0"
"458","0.537517652776424","1","0","NACHTSTUECKE_Q15836200","38","1","8","2.603505422942811","No Review, Catalogue","0"
"548","0.0237824899093644","0","0","VON_PAUL_ZU_PEDRO_noWikiID","380","0","3","0.28954166666666664","No Review & No Catalogue","0"
"182","0.0601640846066759","0","0","DER_TORSO_noWikiID","381","0","4","0.3715784722222222","No Review & No Catalogue","0"
"38","0.259978377605495","0","0","AUS_DEN_MEMOIREN_DES_HERRN_SCHNABELEWOPSKI_noWikiID","382","0","4","1.0885919714044012","No Review & No Catalogue","0"
"67","0.274620702296579","0","0","DAS_BUCH_LE_GRAND_noWikiID","383","0","1","0.4584343918979137","No Review & No Catalogue","0"
"168","0.0560723413501725","1","0","DER_SCHATZ_IM_SILBERSEE_Q249905","384","1","4","0.6601737371822447","No Review, Catalogue","0"
"106","0.0560723413501725","1","0","DAS_VERMAECHTNIS_DES_INKA_noWikiID","385","1","1","0.3370492255349693","No Review, Catalogue","0"
"472","0.0205467828522686","0","0","PFLUG_UND_SCHRAUBSTOCK_noWikiID","386","0","4","0.5517023285896088","No Review & No Catalogue","0"
"447","0.0601640846066759","0","0","MEINE_KINDERJAHRE_Q1918015","387","0","2","0.7076812960505474","No Review & No Catalogue","0"
"207","0.462879594039226","1","0","DIE_AKTEN_DES_VOGELSANGS_Q1210969","388","1","1","0.1925","No Review, Catalogue","0"
"339","0.481513882543301","1","1","FRAU_JENNY_TREIBEL_Q351933","389","1","6","1.8234978434965061","Review & Catalogue","1"
"217","0.481513882543301","3","0","DIE_ELIXIERE_DES_TEUFELS_Q600849","39","1","10","2.853415760986025","No Review, Catalogue","0"
"518","0.71056394677693","0","1","STOPFKUCHEN_Q1495045","390","0","2","0.25908333333333333","Review, No Catalogue","1"
"238","0.0221068485323305","1","1","DIE_GUTE_SCHULE_noWikiID","391","1","0","0.15","Review & Catalogue","1"
"76","0.0560723413501725","0","0","DAS_GLUECK_Q3209153","392","0","3","0.6391004421447379","No Review & No Catalogue","0"
"279","0.0601640846066759","0","1","DIE_SOEHNE_DES_SENATORS_Q1216642","393","0","1","0.3705406083488759","Review, No Catalogue","1"
"487","0.321481356814517","0","0","REITERGESCHICHTE_Q2142105","394","0","0","0.15","No Review & No Catalogue","0"
"408","0.0560723413501725","0","0","KINDER_DER_EIFEL_Q111345448","395","0","7","0.772448001993822","No Review & No Catalogue","0"
"236","0.0205467828522686","0","0","DIE_GOLDENE_SCHMIEDE_noWikiID","396","0","0","0.15","No Review & No Catalogue","0"
"314","0.0205467828522686","0","0","EIN_WORT_noWikiID","397","0","2","0.7503246298476468","No Review & No Catalogue","0"
"519","0.0221068485323305","1","0","STUFENJAHRE_EINES_GLUECKLICHEN_noWikiID","398","1","1","0.1925","No Review, Catalogue","0"
"332","0.289764790109877","3","0","FLEGELJAHRE_Q1299976","399","1","1","0.1925","No Review, Catalogue","0"
"515","0.796427302529609","2","1","SOLL_UND_HABEN_(ROMAN)_Q2298931","4","1","6","3.7203957797240985","Review & Catalogue","1"
"252","0.111487571538697","0","1","DIE_KRONENWAECHTER_Q1214104","40","0","10","4.211757153353223","Review, No Catalogue","1"
"420","0.259978377605495","1","0","LEBEN_DES_QUINTUS_FIXLEIN_Q1810877","400","1","1","0.20454166666666668","No Review, Catalogue","0"
"513","0.0851189742374057","2","0","SIEBENKAES_Q2282375","401","1","3","1.139990157380331","No Review, Catalogue","0"
"262","0.0205467828522686","0","0","DIE_MANDANEN-WAISE_noWikiID","402","0","6","1.711796449751383","No Review & No Catalogue","0"
"94","0.33800545810469","1","2","DAS_ODFELD_Q1169997","403","1","2","0.27794861111111113","Review & Catalogue","1"
"471","0.500199736105852","1","1","PFISTERS_MUEHLE_Q1373296","404","1","3","0.4377080717301353","Review & Catalogue","1"
"224","0.0560723413501725","0","0","DIE_FAMILIE_WOREL_Q1212318","405","0","1","0.2552805671296296","No Review & No Catalogue","0"
"528","0.0560723413501725","0","0","TRAGIK_DES_LEBENS_noWikiID","406","0","1","0.2552805671296296","No Review & No Catalogue","0"
"552","0.662351989355763","1","2","WALLY,_DIE_ZWEIFLERIN_noWikiID","407","1","0","0.15","Review & Catalogue","1"
"165","0.0645339993923284","0","0","DER_SADDUZAEER_VON_AMSTERDAM_noWikiID","408","0","1","0.1925","No Review & No Catalogue","0"
"535","0.33800545810469","4","0","UNTERHALTUNGEN_DEUTSCHER_AUSGEWANDERTEN_Q1680528","409","1","4","0.750530391358481","No Review, Catalogue","0"
"407","0.0560723413501725","0","0","JUNGFER_MUTTER_noWikiID","41","0","6","1.1034273172440046","No Review & No Catalogue","0"
"157","0.0560723413501725","0","0","DER_PSYCHOLOGE_noWikiID","410","0","0","0.15","No Review & No Catalogue","0"
"204","0.259978377605495","3","0","DIE_ABENTEUER_DER_SYLVESTERNACHT_noWikiID","411","1","2","0.44400362978624236","No Review, Catalogue","0"
"216","0.0645339993923284","1","0","DIE_ELFEN_(LUDWIG_TIECK)_Q1169906","412","1","3","0.8607388684855017","No Review, Catalogue","0"
"462","0.0205467828522686","0","0","NEUE_IDYLLEN_noWikiID","413","0","5","0.5144039937885693","No Review & No Catalogue","0"
"110","0.0205467828522686","1","0","DE_PROFUNDIS_noWikiID","414","1","2","0.5928419800740998","No Review, Catalogue","0"
"334","0.259978377605495","0","0","FLORENTINISCHE_NAECHTE_noWikiID","415","0","1","0.1925","No Review & No Catalogue","0"
"65","0.518885031764307","1","1","DAS_AMULETT_Q1167148","416","1","1","0.3754701886598794","Review & Catalogue","1"
"16","0.0560723413501725","1","1","ANDREA_DELFIN_Q28054637","417","1","2","0.2988832201202991","Review & Catalogue","1"
"243","0.0691979459011065","0","0","DIE_INNERSTE_Q1213605","418","0","4","1.3979568459387857","No Review & No Catalogue","0"
"73","0.0601640846066759","0","0","DAS_GEHEIMNISS_DES_KOSMOPOLITEN-ORDENS_noWikiID","419","0","0","0.15","No Review & No Catalogue","0"
"400","0.0645339993923284","1","1","JAKOB_DER_LETZTE_Q15507850","42","1","2","0.5051377398858012","Review & Catalogue","1"
"75","0.0237824899093644","2","0","DAS_GESPENST_noWikiID","420","1","3","0.9791870175734292","No Review, Catalogue","0"
"437","0.646802287618677","0","1","LUCINDE_Q1873464","421","0","1","0.24797100081359447","Review, No Catalogue","1"
"253","0.500199736105852","0","0","DIE_LEHRLINGE_ZU_SAIS_Q1214361","422","0","1","0.22025845023051843","No Review & No Catalogue","0"
"553","0.0318106268524673","0","1","WAS_DIE_ISAR_RAUSCHT_noWikiID","423","0","6","1.0090881484261383","Review, No Catalogue","1"
"177","0.904141522122553","1","1","DER_STECHLIN_(ROMAN)_Q1197130","424","1","4","0.7930742765009893","Review & Catalogue","1"
"286","0.305392408053958","0","0","DIE_VERWIRRUNGEN_DES_ZOEGLINGS_TOERLESS_Q1112285","425","0","2","0.28573890046296296","No Review & No Catalogue","0"
"318","0.0601640846066759","0","0","EINE_MALERARBEIT_noWikiID","426","0","1","0.38043044597717174","No Review & No Catalogue","0"
"139","0.0601640846066759","1","1","DER_HERR_ETATSRAT_Q15805136","427","1","1","0.2432031557898267","Review & Catalogue","1"
"155","0.0221068485323305","0","0","DER_POSTEN_DER_FRAU_noWikiID","428","0","0","0.15","No Review & No Catalogue","0"
"359","0.0205467828522686","0","0","GIB_MICH_FREI_noWikiID","429","0","5","1.1922232849668706","No Review & No Catalogue","0"
"49","0.0794735706665683","2","0","BELPHEGOR_noWikiID","43","1","2","0.3489084982862737","No Review, Catalogue","0"
"158","0.259978377605495","0","0","DER_RABBI_VON_BACHERACH_noWikiID","430","0","0","0.15","No Review & No Catalogue","0"
"174","0.0237824899093644","0","0","DER_SCHWEIZER_ROBINSON_ODER_DER_SCHWEIZER-PREDIGER_UND_SEINE_FAMILIE_noWikiID","431","0","0","0.15","No Review & No Catalogue","0"
"394","0.462879594039226","1","0","IMMENSEE_noWikiID","432","1","2","0.7787839400098493","No Review, Catalogue","0"
"264","0.0560723413501725","0","2","DIE_MEHREREN_WEHMUELLER_noWikiID","433","0","1","0.4072155271305544","Review, No Catalogue","1"
"265","0.0221068485323305","0","1","DIE_MOLKENKUR_noWikiID","434","0","1","0.23203680555555556","Review, No Catalogue","1"
"228","0.0560723413501725","1","0","DIE_FREIHERREN_VON_GEMPERLEIN_noWikiID","435","1","1","0.21658333333333332","No Review, Catalogue","0"
"297","0.0560723413501725","0","0","DON_JUAN_VON_KOLOMEA_noWikiID","436","0","1","0.23228820545370404","No Review & No Catalogue","0"
"376","0.0560723413501725","0","0","HEITERETEI_noWikiID","437","0","1","0.21581499154521613","No Review & No Catalogue","0"
"176","0.0205467828522686","1","1","DER_SONNENWIRT_noWikiID","438","1","3","0.3194625724830274","Review & Catalogue","1"
"526","0.0691979459011065","0","0","TONIO_KROEGER_Q692988","439","0","3","0.4421661730678887","No Review & No Catalogue","0"
"87","0.0221068485323305","1","0","DAS_LEBEN_UND_DIE_MEINUNGEN_DES_HERRN_MAGISTER_SEBALDUS_NOTHANKER_Q1810894","44","1","7","1.2903370772790215","No Review, Catalogue","0"
"55","0.144732511897424","0","0","BUDDENBROOKS_Q326909","440","0","3","0.7382969357433322","No Review & No Catalogue","0"
"500","0.0560723413501725","0","0","SATIRISCHE_ERZAEHLUNGEN_noWikiID","441","0","1","0.25606485976158055","No Review & No Catalogue","0"
"10","0.0205467828522686","1","2","ALSO_SPRACH_ZARATHUSTRA_Q199774","442","1","1","0.29042896042483785","Review & Catalogue","1"
"272","0.372234887656701","1","0","DIE_RICHTERIN_(NOVELLE)_Q1215781","443","1","1","0.29042896042483785","No Review, Catalogue","0"
"226","0.0560723413501725","2","0","DIE_FLUSSPIRATEN_DES_MISSISSIPPI_Q1212508","444","1","1","0.1925","No Review, Catalogue","0"
"83","0.0205467828522686","0","0","DAS_KAJUETENBUCH_noWikiID","445","0","4","0.4379365569255962","No Review & No Catalogue","0"
"335","0.0560723413501725","0","0","FRAGMENT_EINES_ROMANS_noWikiID","446","0","3","0.5237466715021044","No Review & No Catalogue","0"
"533","0.0560723413501725","1","0","UNRUHIGE_GAESTE_Q2496722","447","1","2","0.47840830872073914","No Review, Catalogue","0"
"512","0.33800545810469","0","0","SIEBEN_LEGENDEN_Q1652394","448","0","2","0.4444986493080275","No Review & No Catalogue","0"
"127","0.0560723413501725","2","0","DER_FINDLING_noWikiID","449","1","0","0.15","No Review, Catalogue","0"
"133","0.0975111340573339","6","1","DER_GOLDNE_SPIEGEL_noWikiID","45","1","8","1.263623520130026","Review & Catalogue","1"
"134","0.321481356814517","3","0","DER_GOLDNE_TOPF_Q785009","450","1","6","1.0986684189436882","No Review, Catalogue","0"
"213","0.425970768854918","2","0","DIE_CHRONIK_DER_SPERLINGSGASSE_Q1211874","451","1","4","2.378348193883333","No Review, Catalogue","0"
"12","0.0560723413501725","0","0","ALTERSHAUSEN_noWikiID","452","0","1","0.22232949402006172","No Review & No Catalogue","0"
"542","0.0601640846066759","0","0","VENUS_IM_PELZ_Q677592","453","0","1","0.1925","No Review & No Catalogue","0"
"267","0.0560723413501725","0","0","DIE_NAECHTE_TINO_VON_BAGDADS_noWikiID","454","0","2","0.24704166666666666","No Review & No Catalogue","0"
"148","0.0205467828522686","1","0","DER_KOENIG_DER_BERNINA_noWikiID","455","1","3","0.3170368055555555","No Review, Catalogue","0"
"1","0.0560723413501725","3","0","ABDALLAH_noWikiID","456","1","1","0.4771179885428908","No Review, Catalogue","0"
"186","0.125932681512614","1","0","DER_VERBRECHER_AUS_VERLORENER_EHRE_Q1197800","457","1","2","0.3276834300871524","No Review, Catalogue","0"
"530","0.0794735706665683","2","1","ULI_DER_KNECHT_noWikiID","458","1","3","0.45041691466292094","Review & Catalogue","1"
"354","0.389868771519071","1","0","GESCHICHTE_VOM_BRAVEN_KASPERL_UND_DEM_SCHOENEN_ANNERL_Q1517619","459","1","1","0.2653777326869904","No Review, Catalogue","0"
"350","0.948685656615469","5","0","GESCHICHTE_DES_AGATHON_Q1517277","46","1","7","3.6077854394979587","No Review, Catalogue","0"
"18","0.0975111340573339","1","1","ANGELA_BORGIA_noWikiID","460","1","0","0.15","Review & Catalogue","1"
"179","0.0255818179471078","4","0","DER_TOD_ABELS_noWikiID","461","1","2","0.36233113157342794","No Review, Catalogue","0"
"28","0.0394945910733656","1","0","ASIATISCHE_BANISE_noWikiID","462","1","3","3.2125696196941225","No Review, Catalogue","0"
"215","0.0560723413501725","0","0","DIE_DREI_NUESSE_noWikiID","463","0","1","0.1925","No Review & No Catalogue","0"
"460","0.0205467828522686","0","0","NESTHAEKCHEN_(KINDERBUCHREIHE)_Q1747891","464","0","0","0.15","No Review & No Catalogue","0"
"138","0.0601640846066759","0","0","DER_HEIZER_noWikiID","465","0","0","0.15","No Review & No Catalogue","0"
"290","0.0560723413501725","0","0","DIE_WEISE_VON_LIEBE_UND_TOD_DES_CORNETS_CHRISTOPH_RILKE_Q18209936","466","0","0","0.15","No Review & No Catalogue","0"
"378","0.0221068485323305","1","0","HERR_LORENZ_STARK_noWikiID","467","1","0","0.15","No Review, Catalogue","0"
"103","0.104292668680321","0","0","DAS_URTEIL_(KAFKA)_Q278998","468","0","0","0.15","No Review & No Catalogue","0"
"391","0.0205467828522686","0","0","IM_REICHE_DER_HOMUNKULIDEN_noWikiID","469","0","1","0.1925","No Review & No Catalogue","0"
"112","0.0560723413501725","2","0","DER_ALTE_VOM_BERGE_noWikiID","47","1","6","1.277846968468204","No Review, Catalogue","0"
"129","0.0601640846066759","0","0","DER_FROMME_SPRUCH_noWikiID","470","0","0","0.15","No Review & No Catalogue","0"
"415","0.0560723413501725","0","0","KUSS_VON_SENTZE_noWikiID","471","0","1","0.1925","No Review & No Catalogue","0"
"443","0.0560723413501725","1","0","MARION_noWikiID","472","1","1","0.6197686982151254","No Review, Catalogue","0"
"102","0.259978377605495","0","2","DAS_STUTTGARTER_HUTZELMAENNLEIN_Q13142535","473","0","3","0.6015296389476975","Review, No Catalogue","1"
"497","0.0601640846066759","0","0","RYNO_Q2178262","474","0","0","0.15","No Review & No Catalogue","0"
"499","0.0601640846066759","0","0","SANKT_THOMAS_(NOVELLE)_Q1499960","475","0","0","0.15","No Review & No Catalogue","0"
"381","0.0975111340573339","2","0","HESPERUS_ODER_45_HUNDPOSTTAGE_Q1527881","476","1","5","1.7573921627365376","No Review, Catalogue","0"
"372","0.0560723413501725","1","0","HASTENBECK_noWikiID","477","1","1","0.1925","No Review, Catalogue","0"
"20","0.827943039612669","1","2","ANTON_REISER_Q593385","478","1","4","1.615928751442298","Review & Catalogue","1"
"541","0.0255818179471078","1","0","USONG_noWikiID","479","1","1","0.24284363852469315","No Review, Catalogue","0"
"202","0.0560723413501725","0","0","DICHTERLEBEN_noWikiID","48","0","7","1.1827689792849683","No Review & No Catalogue","0"
"356","0.0205467828522686","1","0","GESCHICHTEN_AUS_DEN_TIROLER_BERGEN_noWikiID","480","1","0","0.15","No Review, Catalogue","0"
"271","0.305392408053958","1","2","DIE_POGGENPUHLS_Q1215465","481","1","1","0.3747043783419469","Review & Catalogue","1"
"234","0.0560723413501725","0","0","DIE_GLUECKSRITTER_noWikiID","482","0","2","0.235","No Review & No Catalogue","0"
"414","0.0221068485323305","0","0","KRIMINAL-HUMORESKEN_noWikiID","483","0","1","0.2454972805682413","No Review & No Catalogue","0"
"364","0.289764790109877","1","1","GRETE_MINDE_noWikiID","484","1","2","0.4660690747440043","Review & Catalogue","1"
"424","0.0560723413501725","2","1","LEBENSGESCHICHTE_UND_NATUERLICHE_ABENTHEUER_DES_ARMEN_MANNES_IN_TOCKENBURG_noWikiID","485","1","1","0.5568114018743597","Review & Catalogue","1"
"429","0.462879594039226","0","0","LEUTNANT_GUSTL_Q1821658","486","0","0","0.15","No Review & No Catalogue","0"
"100","0.0221068485323305","1","0","DAS_SCHWEIGEN_IM_WALDE_noWikiID","487","1","4","0.7850481728611451","No Review, Catalogue","0"
"483","0.0560723413501725","0","0","REICH_UND_ARM_noWikiID","488","0","0","0.15","No Review & No Catalogue","0"
"446","0.0601640846066759","0","0","MEIN_HERZ_(ROMAN)_Q20827330","489","0","1","0.1925","No Review & No Catalogue","0"
"117","0.0851189742374057","0","1","DER_AUFRUHR_IN_DEN_CEVENNEN_Q1192283","49","0","6","3.31643422290775","Review, No Catalogue","1"
"277","0.321481356814517","1","1","DIE_SCHWARZE_SPINNE_(NOVELLE)_Q502598","490","1","0","0.15","Review & Catalogue","1"
"571","0.33800545810469","2","1","ZWISCHEN_HIMMEL_UND_ERDE_(ERZAEHLUNG_1856)_Q64733588","491","1","1","0.21114758093781122","Review & Catalogue","1"
"8","0.0205467828522686","0","0","AGNES_VON_LILIEN_Q105642294","492","0","3","1.5918495430089383","No Review & No Catalogue","0"
"523","0.259978377605495","0","0","TAMBI_noWikiID","493","0","0","0.15","No Review & No Catalogue","0"
"92","0.0205467828522686","1","0","DAS_NATURFORSCHERSCHIFF_noWikiID","494","1","1","0.1925","No Review, Catalogue","0"
"386","0.0601640846066759","0","0","HUMORISTISCHEN_SKIZZEN_AUS_DEM_DEUTSCHEN_HANDELSLEBEN_noWikiID","495","0","0","0.15","No Review & No Catalogue","0"
"367","0.0205467828522686","1","0","GROSZMUETHIGER_FELDHERR_ARMINIUS_noWikiID","496","1","2","2.3070201450094956","No Review, Catalogue","0"
"5","0.0205467828522686","0","0","ADELE_noWikiID","497","0","3","1.176979248997002","No Review & No Catalogue","0"
"510","0.0560723413501725","2","1","SERAPHINE_noWikiID","498","1","2","0.5259774538824838","Review & Catalogue","1"
"156","0.0560723413501725","0","0","DER_PRINZ_VON_THEBEN_noWikiID","499","0","0","0.15","No Review & No Catalogue","0"
"59","0.0601640846066759","0","0","CARSTEN_CURATOR_Q1045516","5","0","6","1.1999909442857923","No Review & No Catalogue","0"
"347","0.0205467828522686","2","0","GABRIELE_noWikiID","50","1","6","1.7253525973144461","No Review, Catalogue","0"
"154","0.0560723413501725","0","0","DER_POJAZ_Q1196233","500","0","1","0.20454166666666668","No Review & No Catalogue","0"
"550","0.0601640846066759","0","0","WALDEINSAMKEIT_noWikiID","501","0","0","0.15","No Review & No Catalogue","0"
"547","0.0975111340573339","2","3","VITTORIA_ACCOROMBONA_Q1403207","502","1","3","0.5627797640440139","Review & Catalogue","1"
"104","0.0205467828522686","0","0","DAS_VERLASSENE_HAUS_noWikiID","503","0","0","0.15","No Review & No Catalogue","0"
"142","0.259978377605495","3","0","DER_HOCHWALD_Q1194364","504","1","3","0.4670462666739543","No Review, Catalogue","0"
"430","0.0645339993923284","0","0","LIBERTAS_UND_IHRE_FREIER_noWikiID","505","0","0","0.15","No Review & No Catalogue","0"
"166","0.848215508034503","2","1","DER_SANDMANN_(HOFFMANN)_Q798227","506","1","1","0.8876598698337965","Review & Catalogue","1"
"337","0.0741722353260478","0","0","FRAU_BEATE_UND_IHR_SOHN_Q1451452","507","0","1","0.1925","No Review & No Catalogue","0"
"473","0.0645339993923284","1","1","PLAUTUS_IM_NONNENKLOSTER_Q1772718","508","1","0","0.15","Review & Catalogue","1"
"498","0.0205467828522686","0","0","SALY'S_REVOLUTIONSTAGE_noWikiID","509","0","1","0.1925","No Review & No Catalogue","0"
"294","0.0205467828522686","1","0","DIE_ZWEITE_FRAU_noWikiID","51","1","5","1.2221579568364778","No Review, Catalogue","0"
"77","0.0221068485323305","2","1","DAS_GOLDMACHERDORF_Q114357971","510","1","0","0.15","Review & Catalogue","1"
"35","0.0205467828522686","1","2","AUS_DEM_BOEHMERWALDE_noWikiID","511","1","0","0.15","Review & Catalogue","1"
"98","0.0205467828522686","0","0","DAS_SCHATZHAUS_DES_KOENIGS_noWikiID","512","0","1","0.25535179710077166","No Review & No Catalogue","0"
"198","0.274620702296579","1","0","DES_VETTERS_ECKFENSTER_Q979343","513","1","0","0.15","No Review, Catalogue","0"
"564","0.0794735706665683","0","0","ZERBIN_ODER_DIE_NEUERE_PHILOSOPHIE_noWikiID","514","0","0","0.15","No Review & No Catalogue","0"
"558","0.0205467828522686","0","0","WIENER_BLUT_noWikiID","515","0","0","0.15","No Review & No Catalogue","0"
"31","0.0741722353260478","1","0","AUF_DEM_STAATSHOF_noWikiID","516","1","1","0.6068446285791034","No Review, Catalogue","0"
"44","0.0645339993923284","1","0","AUSWAHL_AUS_DES_TEUFELS_PAPIEREN_noWikiID","517","1","0","0.15","No Review, Catalogue","0"
"71","0.354934606197489","0","0","DAS_FRAEULEIN_VON_SCUDERI_Q358642","518","0","0","0.15","No Review & No Catalogue","0"
"119","0.0601640846066759","0","0","DER_BESUCH_noWikiID","519","0","0","0.15","No Review & No Catalogue","0"
"484","0.0221068485323305","1","0","REICHSGRAEFIN_GISELA_noWikiID","52","1","2","0.5387780877703353","No Review, Catalogue","0"
"308","0.144732511897424","0","1","EIN_BRIEF_(HOFMANNSTHAL)_Q1304342","520","0","0","0.15","Review, No Catalogue","1"
"320","0.0275134422375932","2","1","EKKEHARD_noWikiID","521","1","1","0.8238653216002777","Review & Catalogue","1"
"261","0.0691979459011065","0","0","DIE_MAJORATSHERREN_Q1214690","522","0","0","0.15","No Review & No Catalogue","0"
"214","0.259978377605495","0","0","DIE_DREI_GERECHTEN_KAMMMACHER_Q1218123","523","0","0","0.15","No Review & No Catalogue","0"
"211","0.0601640846066759","0","0","DIE_BRAUTNACHT_noWikiID","524","0","0","0.15","No Review & No Catalogue","0"
"56","0.0560723413501725","0","0","BULEMANNS_HAUS_Q1003556","525","0","0","0.15","No Review & No Catalogue","0"
"239","0.0205467828522686","1","0","DIE_HANNA_noWikiID","526","1","0","0.15","No Review, Catalogue","0"
"147","0.0560723413501725","0","0","DER_KLEINE_HAEWELMANN_Q1199225","527","0","0","0.15","No Review & No Catalogue","0"
"469","0.0601640846066759","0","0","PETER_CAMENZIND_Q576493","528","0","1","0.2619806320428285","No Review & No Catalogue","0"
"375","0.921899833474736","0","1","HEINRICH_VON_OFTERDINGEN_Q58178849","529","0","1","0.34578000287150995","Review, No Catalogue","1"
"72","0.0221068485323305","1","0","DAS_GEHEIMNIS_DER_ALTEN_MAMSELL_noWikiID","53","1","9","3.3172760452793084","No Review, Catalogue","0"
"123","0.0560723413501725","0","0","DER_DRAEUMLING_Q1193032","530","0","0","0.15","No Review & No Catalogue","0"
"64","0.0205467828522686","1","0","DAS_ALTE_HAUS_noWikiID","531","1","0","0.15","No Review, Catalogue","0"
"21","0.389868771519071","1","1","AQUIS_SUBMERSUS_Q623355","532","1","0","0.15","Review & Catalogue","1"
"260","0.0560723413501725","0","0","DIE_MAEDCHENFEINDE_noWikiID","533","0","1","0.1925","No Review & No Catalogue","0"
"345","0.0560723413501725","0","0","FRIDOLIN_UND_SEIN_GLUECK_noWikiID","534","0","0","0.15","No Review & No Catalogue","0"
"387","0.628138424466113","0","1","HYPERION_(HOELDERLIN)_Q1190094","535","0","2","1.1545340772102028","Review, No Catalogue","1"
"196","0.0601640846066759","0","0","DES_LEBENS_UEBERFLUSS_Q1200453","536","0","0","0.15","No Review & No Catalogue","0"
"191","0.0205467828522686","0","0","DER_WEHRWOLF_noWikiID","537","0","0","0.15","No Review & No Catalogue","0"
"48","0.289764790109877","0","0","BEBUQUIN_Q30134038","538","0","1","0.1925","No Review & No Catalogue","0"
"149","0.0560723413501725","0","0","DER_LANDPREDIGER_Q1195163","539","0","0","0.15","No Review & No Catalogue","0"
"362","0.0255818179471078","1","0","GOLDELSE_(MARLITT)_Q93955765","54","1","8","3.60190858747532","No Review, Catalogue","0"
"382","0.259978377605495","0","0","HOEXTER_UND_CORVEY_Q1649221","540","0","0","0.15","No Review & No Catalogue","0"
"543","0.274620702296579","0","0","VEREINIGUNGEN_noWikiID","541","0","0","0.15","No Review & No Catalogue","0"
"232","0.0205467828522686","0","0","DIE_GESCHICHTE_DER_ANNA_WASER_noWikiID","542","0","1","0.1925","No Review & No Catalogue","0"
"355","0.0560723413501725","0","0","GESCHICHTE_VOM_GALGENMAENNLEIN_noWikiID","543","0","0","0.15","No Review & No Catalogue","0"
"557","0.0601640846066759","0","0","WIE_WUNDERBAR_noWikiID","544","0","0","0.15","No Review & No Catalogue","0"
"195","0.0560723413501725","0","0","DES_DEUTSCHEN_SPIESSERS_WUNDERHORN_noWikiID","545","0","0","0.15","No Review & No Catalogue","0"
"81","0.0560723413501725","0","0","DAS_JUDENGRAB_Q18411268","546","0","0","0.15","No Review & No Catalogue","0"
"468","0.0560723413501725","0","0","PARALYSE_noWikiID","547","0","0","0.15","No Review & No Catalogue","0"
"352","0.0560723413501725","1","0","GESCHICHTE_EINES_DEUTSCHEN_DER_NEUSTEN_ZEIT_noWikiID","548","1","0","0.15","No Review, Catalogue","0"
"540","0.289764790109877","1","1","UNWIEDERBRINGLICH_Q2499503","549","1","0","0.15","Review & Catalogue","1"
"4","0.0221068485323305","1","1","ADDRICH_IM_MOOS_noWikiID","55","1","5","2.356168294895379","Review & Catalogue","1"
"101","0.0601640846066759","2","0","DAS_STEINERNE_HERZ_noWikiID","550","1","0","0.15","No Review, Catalogue","0"
"231","0.0560723413501725","1","1","DIE_GEIGERIN_Q1212876","551","1","0","0.15","Review & Catalogue","1"
"426","0.0560723413501725","1","0","LEIB_WEIHNACHTSKUCHEN_UND_SEIN_KIND_noWikiID","552","1","1","0.21795101022376542","No Review, Catalogue","0"
"189","0.0560723413501725","0","0","DER_WASSERMENSCH_noWikiID","553","0","0","0.15","No Review & No Catalogue","0"
"15","0.0205467828522686","1","1","AN_HEILIGEN_WASSERN_noWikiID","554","1","1","0.2398270949074074","Review & Catalogue","1"
"289","0.0560723413501725","0","0","DIE_WASSERNOT_IM_EMMENTAL_noWikiID","555","0","0","0.15","No Review & No Catalogue","0"
"220","0.0560723413501725","0","0","DIE_ERMORDUNG_EINER_BUTTERBLUME_Q1212233","556","0","0","0.15","No Review & No Catalogue","0"
"68","0.0560723413501725","0","0","DAS_DUELL_noWikiID","557","0","0","0.15","No Review & No Catalogue","0"
"225","0.259978377605495","0","0","DIE_FERMATE_noWikiID","558","0","0","0.15","No Review & No Catalogue","0"
"465","0.0601640846066759","0","0","OHNE_LIEBE_Q106687147","559","0","0","0.15","No Review & No Catalogue","0"
"128","0.0205467828522686","1","0","DER_FREIHOF_VON_AARAU_noWikiID","56","1","6","4.096929143142877","No Review, Catalogue","0"
"34","0.0205467828522686","0","0","AUF_ZWEI_PLANETEN_Q4310936","560","0","0","0.15","No Review & No Catalogue","0"
"522","0.0205467828522686","0","1","TAGEBUCH_EINES_ARMEN_FRAEULEINS_noWikiID","561","0","0","0.15","Review, No Catalogue","1"
"495","0.0560723413501725","0","0","ROSSHALDE_Q2171354","562","0","0","0.15","No Review & No Catalogue","0"
"36","0.0275134422375932","0","1","AUS_DEM_LEBEN_EINER_FRAU_Q101323690","563","0","0","0.15","Review, No Catalogue","1"
"280","0.0560723413501725","1","1","DIE_STEINKLOPFER_Q1216451","564","1","1","0.552653077921875","Review & Catalogue","1"
"3","0.0275134422375932","1","0","ADAMS_ERSTES_ERWACHEN_UND_ERSTE_SEELIGE_NAECHTE_noWikiID","565","1","0","0.15","No Review, Catalogue","0"
"181","0.0645339993923284","0","0","DER_TOLLE_INVALIDE_AUF_DEM_FORT_RATONNEAU_Q1199666","566","0","0","0.15","No Review & No Catalogue","0"
"270","0.0741722353260478","0","0","DIE_PFRUENDER_noWikiID","567","0","0","0.15","No Review & No Catalogue","0"
"233","0.0205467828522686","0","0","DIE_GLUECKLICHE_REISE_noWikiID","568","0","0","0.15","No Review & No Catalogue","0"
"251","0.0560723413501725","0","0","DIE_KOENIGSBRAUT_noWikiID","569","0","0","0.15","No Review & No Catalogue","0"
"291","0.0205467828522686","0","0","DIE_WIEDERTAEUFER_noWikiID","57","0","2","1.75723738004422","No Review & No Catalogue","0"
"422","0.0691979459011065","1","2","LEBEN_UND_TATEN_DES_BERUEHMTEN_RITTERS_SCHNAPPHAHNSKI_Q15825464","570","1","0","0.15","Review & Catalogue","1"
"25","0.0601640846066759","0","0","ARIEL'S_OFFENBARUNGEN_noWikiID","571","0","0","0.15","No Review & No Catalogue","0"
"201","0.0975111340573339","1","2","DICHTER_UND_IHRE_GESELLEN_Q1209499","58","1","9","1.6309754543397936","Review & Catalogue","1"
"545","0.0601640846066759","1","2","VIEL_LAERMEN_UM_NICHTS_noWikiID","59","1","2","0.7073918240412498","Review & Catalogue","1"
"474","0.321481356814517","1","0","POLE_POPPENSPAELER_Q1760267","6","1","9","1.9985020952173644","No Review, Catalogue","0"
"82","0.0601640846066759","1","0","DAS_JUNGE_EUROPA_noWikiID","60","1","12","6.355203218015664","No Review, Catalogue","0"
"37","0.462879594039226","1","2","AUS_DEM_LEBEN_EINES_TAUGENICHTS_Q777658","61","1","3","0.9078195075196038","Review & Catalogue","1"
"537","0.305392408053958","1","0","UNTERM_BIRNBAUM_Q938689","62","1","3","1.325134907663583","No Review, Catalogue","0"
"324","0.0645339993923284","1","2","ELLERNKLIPP_Q1332021","63","1","1","0.5254548905046819","Review & Catalogue","1"
"11","0.0645339993923284","0","2","ALTE_NESTER_Q436036","64","0","9","2.8161146496700633","Review, No Catalogue","1"
"501","0.645431155250413","1","2","SCHACH_VON_WUTHENOW_Q2229265","65","1","2","1.3629656355184099","Review & Catalogue","1"
"505","0.0205467828522686","1","1","SCHLOSS_AVALON_noWikiID","66","1","1","0.7900713360395551","Review & Catalogue","1"
"423","0.425970768854918","1","2","LEBENS-ANSICHTEN_DES_KATERS_MURR_Q1314475","67","1","8","2.9411704722319323","Review & Catalogue","1"
"58","0.0255818179471078","2","1","CABANIS_noWikiID","68","1","2","2.259075303669018","Review & Catalogue","1"
"431","0.274620702296579","3","6","LICHTENSTEIN_noWikiID","69","1","3","0.9624610804106306","Review & Catalogue","1"
"464","0.104292668680321","1","0","NOVELLEN_AUS_OESTERREICH_noWikiID","7","1","12","4.115380334618086","No Review, Catalogue","0"
"525","0.0741722353260478","0","0","TOD_IN_VENEDIG_Q828296","70","0","0","0.15","No Review & No Catalogue","0"
"321","0.0205467828522686","0","0","ELEAGABAL_KUPERUS_noWikiID","71","0","9","0.7227750578703703","No Review & No Catalogue","0"
"185","0.0318106268524673","0","0","DER_UNTERTAN_Q476349","72","0","2","0.26590694444444446","No Review & No Catalogue","0"
"41","0.0221068485323305","1","0","AUS_GUTER_FAMILIE_noWikiID","73","1","2","0.29340208333333334","No Review, Catalogue","0"
"190","0.0560723413501725","0","0","DER_WEG_INS_FREIE_Q700479","74","0","5","0.3865833333333333","No Review & No Catalogue","0"
"357","0.0691979459011065","0","0","GESCHWISTER_TANNER_Q1510146","75","0","7","0.7155026828864455","No Review & No Catalogue","0"
"338","0.259978377605495","1","0","FRAU_BERTHA_GARLAN_Q1451457","76","1","13","1.9556110275547192","No Review, Catalogue","0"
"521","0.0221068485323305","0","0","TAGEBUCH_EINER_VERLORENEN_Q7675198","77","0","8","1.2723257736147726","No Review & No Catalogue","0"
"366","0.0601640846066759","1","0","GROENLAENDISCHE_PROZESSE_noWikiID","78","1","2","0.235","No Review, Catalogue","0"
"493","0.274620702296579","1","0","ROBINSON_DER_JUENGERE_Q42195141","79","1","2","0.3743465638644019","No Review, Catalogue","0"
"565","0.305392408053958","0","0","ZUERICHER_NOVELLEN_Q248678","8","0","6","1.8821717560861568","No Review & No Catalogue","0"
"427","0.0560723413501725","2","1","LEIDEN_UND_FREUDEN_EINES_SCHULMEISTERS_noWikiID","80","1","7","1.7210496693670745","Review & Catalogue","1"
"118","0.0645339993923284","1","0","DER_BAUERNSPIEGEL_noWikiID","81","1","8","4.401570888011859","No Review, Catalogue","0"
"219","0.175635939901511","1","1","DIE_EPIGONEN_noWikiID","82","1","13","4.353302319204284","Review & Catalogue","1"
"441","0.0741722353260478","1","2","MALER_NOLTEN_Q1752673","83","1","4","2.9418973226371046","Review & Catalogue","1"
"361","0.164245491888855","0","0","GODWI_Q1533941","84","0","7","3.375249054498386","No Review & No Catalogue","0"
"524","0.127184961519692","2","0","TITAN_(JEAN_PAUL)_Q492384","85","1","7","3.0240829084011684","No Review, Catalogue","0"
"336","0.725697489186951","2","0","FRANZ_STERNBALDS_WANDERUNGEN_Q1449176","86","1","8","3.395414390153657","No Review, Catalogue","0"
"562","0.372234887656701","2","0","WILLIAM_LOVELL_Q2579763","87","1","8","3.7869867283207803","No Review, Catalogue","0"
"568","0.0794735706665683","1","2","ZUR_CHRONIK_VON_GRIESHUUS_noWikiID","88","1","1","0.3046574731337291","Review & Catalogue","1"
"303","0.0691979459011065","0","0","EEKENHOF_noWikiID","89","0","3","0.446009806488901","No Review & No Catalogue","0"
"454","0.0205467828522686","0","0","MORALISCHEN_ERZAEHLUNGEN_noWikiID","9","0","3","2.567215401968873","No Review & No Catalogue","0"
"331","0.0237824899093644","0","0","FELICITAS_noWikiID","90","0","4","0.5900830203565096","No Review & No Catalogue","0"
"488","0.0601640846066759","1","0","RENATE_noWikiID","91","1","1","0.2363196173878899","No Review, Catalogue","0"
"33","0.0205467828522686","0","0","AUF_DER_WEGWACHT_noWikiID","92","0","2","0.30544374999999996","No Review & No Catalogue","0"
"343","0.0221068485323305","0","0","FREIHEIT_DIE_ICH_MEINE_noWikiID","93","0","5","0.6083654677854937","No Review & No Catalogue","0"
"257","0.0205467828522686","0","0","DIE_LEUTE_VOM_BLAUEN_GUGUCKHAUS_noWikiID","94","0","8","1.3591435993977194","No Review & No Catalogue","0"
"97","0.0560723413501725","1","0","DAS_SCHAEDLICHE_noWikiID","95","1","0","0.15","No Review, Catalogue","0"
"534","0.0560723413501725","1","1","UNSUEHNBAR_noWikiID","96","1","2","0.235","Review & Catalogue","1"
"327","0.0560723413501725","0","0","ERINNERUNGEN_VON_LUDOLF_URSLEU_noWikiID","97","0","5","0.9722486580626915","No Review & No Catalogue","0"
"183","0.0255818179471078","0","0","DER_TROTZKOPF_Q1197625","98","0","3","0.8057670505250425","No Review & No Catalogue","0"
"452","0.354934606197489","1","2","MICHAEL_KOHLHAAS_Q279676","99","1","5","0.7434979343667043","Review & Catalogue","1"
