title;wikiname;1794_Manchester;1809_Storry;1829_Hookham_novels-romances;1873_Mudies;1907_Mudies;sum_libraries;binary;best_match_circl;circl
a beleaguered city;A_BELEAGUERED_CITY;0;0;0;0;1;1;1;a beleaguered city;1
a child of the jago;A_CHILD_OF_THE_JAGO;0;0;0;0;1;1;1;a child of the jago;1
a christmas carol. in prose. being a ghost story of christmas;A_CHRISTMAS_CAROL;0;0;0;0;1;1;1;a christmas carol. in prose. being a ghost story of christmas;1
NA;A_COMPLETE_COLLECTION_OF_GENTEEL_AND_INGENIOUS_CONVERSATION;0;0;0;0;0;0;0;NA;0
NA;A_CRYSTAL_AGE;0;0;0;0;1;1;1;NA;0
NA;A_DARK_NIGHT'S_WORK;0;0;0;1;0;1;1;NA;0
a drama in muslin;A_DRAMA_IN_MUSLIN;0;0;0;0;1;1;1;a drama in muslin;1
NA;A_DREAM_OF_JOHN_BALL;0;0;0;0;1;1;1;NA;0
NA;A_HOLIDAY_ROMANCE;0;0;0;0;0;0;0;NA;0
NA;A_HOUSE_TO_LET;0;0;0;0;0;0;0;NA;0
journal of the plague year;A_JOURNAL_OF_THE_PLAGUE_YEAR;0;0;0;0;0;0;0;journal of the plague year;1
NA;A_JOURNEY_FROM_THIS_WORLD_TO_THE_NEXT;0;0;0;0;0;0;0;NA;0
NA;A_LADY'S_LIFE_IN_THE_ROCKY_MOUNTAINS;0;0;0;0;0;0;0;NA;0
NA;A_LAODICEAN;0;0;0;0;0;0;0;NA;0
a legend of montrose;A_LEGEND_OF_MONTROSE;0;0;0;1;1;2;1;a legend of montrose;1
NA;A_LITTLE_PRINCESS;0;0;0;0;0;0;0;NA;0
NA;A_MERE_ACCIDENT;0;0;0;0;0;0;0;NA;0
a modern utopia;A_MODERN_UTOPIA;0;0;0;0;0;0;0;a modern utopia;1
NA;A_MODEST_PROPOSAL;0;0;0;0;0;0;0;NA;0
a pair of blue eyes;A_PAIR_OF_BLUE_EYES;0;0;0;0;1;1;1;a pair of blue eyes;1
a patchwork screen for the ladies;A_PATCH-WORK_SCREEN_FOR_THE_LADIES;0;0;0;0;0;0;0;a patchwork screen for the ladies;1
NA;A_POLITICAL_ROMANCE;0;0;0;0;1;1;1;NA;0
NA;A_RIDE_ACROSS_PALESTINE;0;0;0;0;0;0;0;NA;0
NA;A_ROMANCE_OF_TWO_WORLDS;0;0;0;0;1;1;1;NA;0
a room with a view;A_ROOM_WITH_A_VIEW;0;0;0;0;0;0;0;a room with a view;1
a sentimental journey;A_SENTIMENTAL_JOURNEY_THROUGH_FRANCE_AND_ITALY;1;1;1;0;0;3;1;a sentimental journey;1
a sicilian romance;A_SICILIAN_ROMANCE;1;0;1;0;0;2;1;a sicilian romance;1
a simple story;A_SIMPLE_STORY;0;1;1;1;0;3;1;a simple story;1
a son of the soil;A_SON_OF_THE_SOIL;0;0;0;0;1;1;1;a son of the soil;1
NA;A_SPORTSMAN'S_SKETCHES;0;0;0;0;1;1;1;NA;0
the story of the stone age;A_STORY_OF_THE_STONE_AGE;0;0;0;0;1;1;1;the story of the stone age;1
a study in scarlet;A_STUDY_IN_SCARLET;0;0;0;0;1;1;1;a study in scarlet;1
a tale of tub;A_TALE_OF_A_TUB;0;0;0;0;0;0;0;a tale of tub;1
a tale of two cities;A_TALE_OF_TWO_CITIES;0;0;0;1;1;2;1;a tale of two cities;1
a window in thrums;A_WINDOW_IN_THRUMS;0;0;0;0;1;1;1;a window in thrums;1
NA;A_WORLD_OF_GIRLS;0;0;0;0;1;1;1;NA;0
NA;ACROSS_THE_ZODIAC;0;0;0;0;1;1;1;NA;0
NA;ACTIONS_AND_REACTIONS;0;0;0;0;0;0;0;NA;0
adam bede;ADAM_BEDE;0;0;0;1;1;2;1;adam bede;1
adela cathcart;ADELA_CATHCART;0;0;0;0;1;1;1;adela cathcart;1
adeline mowbray, or, the mother and daughter;ADELINE_MOWBRAY;0;1;0;0;0;1;1;adeline mowbray, or, the mother and daughter;1
NA;ADVENTURES_OF_A_PINCUSHION;0;0;0;0;0;0;0;NA;0
NA;AFTER_DARK;0;0;0;0;1;1;1;NA;0
NA;"AFTER_LONDON;_OR,_WILD_ENGLAND";0;0;0;0;0;0;0;NA;0
agnes grey, a novel;AGNES_GREY;0;0;0;0;1;1;1;agnes grey, a novel;1
alec forbes of howglen;ALEC_FORBES_OF_HOWGLEN;0;0;0;1;1;2;1;alec forbes of howglen;1
alice's adventures in wonderland;ALICE'S_ADVENTURES_IN_WONDERLAND;0;0;0;1;1;2;1;alice's adventures in wonderland;1
NA;ALL_SORTS_AND_CONDITIONS_OF_MEN;0;0;0;0;1;1;1;NA;0
NA;ALLAN_QUATERMAIN_(NOVEL);0;0;0;0;1;1;1;NA;0
almayer's folly;ALMAYER'S_FOLLY;0;0;0;0;1;1;1;almayer's folly;1
alton locke;ALTON_LOCKE;0;0;0;1;1;2;1;alton locke;1
NA;AMY_FOSTER;0;0;0;0;0;0;0;NA;0
shamela;AN_APOLOGY_FOR_THE_LIFE_OF_MRS._SHAMELA_ANDREWS;0;0;0;0;0;0;0;shamela;1
an irish cousin;AN_IRISH_COUSIN;0;0;0;0;1;1;1;an irish cousin;1
NA;AN_OUTCAST_OF_THE_ISLANDS;0;0;0;0;1;1;1;NA;0
ann veronica;ANN_VERONICA;0;0;0;0;0;0;0;ann veronica;1
anna st. ives;ANNA_ST_IVES;1;1;1;0;0;3;1;anna st. ives;1
"annals of the parish: or, the chronicle of dalmailing; during the ministry of the rev. micah balwhidder, written by himself";ANNALS_OF_THE_PARISH;0;0;1;0;1;2;1;"annals of the parish: or, the chronicle of dalmailing; during the ministry of the rev. micah balwhidder, written by himself";1
NA;ANTAR;0;0;0;0;0;0;0;NA;0
armadale;ARMADALE;0;0;0;1;1;2;1;armadale;1
NA;ARTHUR_MERVYN;0;0;1;0;0;1;1;NA;0
NA;AT_THE_BACK_OF_THE_NORTH_WIND;0;0;0;1;1;2;1;NA;0
at the end of the passage;AT_THE_END_OF_THE_PASSAGE;0;0;0;0;0;0;0;at the end of the passage;1
auld licht idylls;AULD_LICHT_IDYLLS;0;0;0;0;0;0;0;auld licht idylls;1
aurora floyd;AURORA_FLOYD;0;0;0;1;1;2;1;aurora floyd;1
NA;AYESHA_(NOVEL);0;0;0;0;0;0;0;NA;0
barchester towers;BARCHESTER_TOWERS;0;0;0;1;1;2;1;barchester towers;1
NA;BASIL;0;0;0;0;1;1;1;NA;0
belinda;BELINDA;0;1;1;0;1;3;1;belinda;1
black beauty;BLACK_BEAUTY;0;0;0;0;0;0;0;black beauty;1
bleack house;BLEAK_HOUSE;0;0;0;1;1;2;1;bleack house;1
NA;BLIND_LOVE;0;0;0;0;1;1;1;NA;0
born in exile;BORN_IN_EXILE;0;0;0;0;1;1;1;born in exile;1
NA;BROKEN_TO_HARNESS;0;0;0;0;1;1;1;NA;0
things as they are, or the adventures of caleb williams;CALEB_WILLIAMS;0;0;1;1;1;3;1;things as they are, or the adventures of caleb williams;1
NA;CALLISTA_(NOVEL);0;1;0;0;0;1;1;NA;0
NA;CAMILLA;0;0;0;0;0;0;0;NA;0
NA;CAPTAIN_SINGLETON;0;0;0;0;0;0;0;NA;0
captains courageous;CAPTAINS_COURAGEOUS;0;0;0;0;1;1;1;captains courageous;1
carmilla;CARMILLA;0;0;0;1;1;2;1;carmilla;1
NA;CARNIVAL;0;0;0;0;0;0;0;NA;0
NA;CARROTS;0;0;0;0;0;0;0;NA;0
castle rackrent;CASTLE_RACKRENT;0;1;1;0;1;3;1;castle rackrent;1
NA;CASTLE_RICHMOND;0;0;0;0;1;1;1;NA;0
NA;CATHERINE,_A_STORY;0;0;0;0;0;0;0;NA;0
NA;CATRIONA;0;0;0;0;0;0;0;NA;0
cecilia, memoirs of an heiress;CECILIA;0;0;1;0;1;2;1;cecilia, memoirs of an heiress;1
celestina;CELESTINA;1;0;1;0;0;2;1;celestina;1
NA;CELIBATES;0;0;0;0;1;1;1;NA;0
chance;CHANCE;0;0;0;0;0;0;0;chance;1
NA;CHARLOTTE_TEMPLE;0;0;0;0;0;0;0;NA;0
NA;CHILDREN_OF_THE_GHETTO;0;0;0;0;1;1;1;NA;0
chronicles of the canongate;CHRONICLES_OF_THE_CANONGATE;0;0;1;1;0;2;1;chronicles of the canongate;1
NA;CITY_SCENES;0;0;0;0;0;0;0;NA;0
clarissa, or, the history of a young lady;CLARISSA;0;1;1;0;1;3;1;clarissa, or, the history of a young lady;1
cleg kelly, arab of the city: his progress and adventures;CLEG_KELLY;0;0;0;0;1;1;1;cleg kelly, arab of the city: his progress and adventures;1
NA;COCK_AND_ANCHOR;0;0;0;0;1;1;1;NA;0
coelebs in search of a wife;COELEBS_IN_SEARCH_OF_A_WIFE;0;1;1;0;0;2;1;coelebs in search of a wife;1
cometh up as a flower;COMETH_UP_AS_A_FLOWER;0;0;0;1;1;2;1;cometh up as a flower;1
NA;CONFESSIONS_OF_A_THUG_(NOVEL);0;0;0;0;1;1;1;NA;0
confessions of a young man;CONFESSIONS_OF_A_YOUNG_MAN;0;0;0;0;1;1;1;confessions of a young man;1
confessions of an english opium-eater;CONFESSIONS_OF_AN_ENGLISH_OPIUM-EATER;0;0;1;0;0;1;1;confessions of an english opium-eater;1
coningsby, or the new generation;CONINGSBY;0;0;0;1;1;2;1;coningsby, or the new generation;1
the coral island: a tale of the pacific ocean;CORAL_ISLAND;0;0;0;0;1;1;1;the coral island: a tale of the pacific ocean;1
NA;COUNT_ROBERT_OF_PARIS;0;0;0;0;1;1;1;NA;0
cousin phillis;COUSIN_PHILLIS;0;0;0;1;1;2;1;cousin phillis;1
cranford;CRANFORD_(NOVEL);0;0;0;1;1;2;1;cranford;1
crotchet castle;CROTCHET_CASTLE;0;0;1;0;1;2;1;crotchet castle;1
daniel deronda;DANIEL_DERONDA;0;0;0;0;1;1;1;daniel deronda;1
NA;DAUGHTERS_OF_MEN;0;0;0;0;1;1;1;NA;0
NA;DAVID_COPPERFIELD;0;0;0;1;1;2;1;NA;0
david elginbrod;DAVID_ELGINBROD;0;0;0;1;1;2;1;david elginbrod;1
NA;DE_PROFUNDIS_(LETTER);0;0;0;0;0;0;0;NA;0
deerbrook;DEERBROOK;0;0;0;1;1;2;1;deerbrook;1
demos: a story of english socialism;DEMOS;0;0;0;0;1;1;1;demos: a story of english socialism;1
desperate remedies;DESPERATE_REMEDIES;0;0;0;1;1;2;1;desperate remedies;1
diana of the crossways;DIANA_OF_THE_CROSSWAYS;0;0;0;0;1;1;1;diana of the crossways;1
discipline;DISCIPLINE;0;0;1;0;0;1;1;discipline;1
NA;DOCTOR_THORNE;0;0;0;0;1;1;1;NA;0
dombey and son;DOMBEY_AND_SON;0;0;0;1;1;2;1;dombey and son;1
the strange case of dr jekyll and mr hyde;DR_JEKYLL_AND_MR_HYDE;0;0;0;0;1;1;1;the strange case of dr jekyll and mr hyde;1
dracula;DRACULA;0;0;0;0;1;1;1;dracula;1
NA;DREAMERS_OF_THE_GHETTO;0;0;0;0;1;1;1;NA;0
NA;DUBLINERS;0;0;0;0;0;0;0;NA;0
east lynne;EAST_LYNNE;0;0;0;1;1;2;1;east lynne;1
emma;EMMA_(NOVEL);0;0;1;1;1;3;1;emma;1
"emma; or, the unforunate attachment";EMMA_OR_THE_UNFORTUNATE_ATTACHMENT;0;0;1;0;0;1;1;"emma; or, the unforunate attachment";1
emmeline, the orphan of the castle;EMMELINE;0;0;1;0;0;1;1;emmeline, the orphan of the castle;1
NA;ENNUI;0;0;0;0;0;0;0;NA;0
erewhon: or, over the range;EREWHON;0;0;0;0;1;1;1;erewhon: or, over the range;1
NA;EREWHON_REVISITED;0;0;0;0;1;1;1;NA;0
NA;ERIC_OR_LITTLE_BY_LITTLE;0;0;0;1;1;2;1;NA;0
NA;ESTHER;0;0;0;0;0;0;0;NA;0
esther waters;ESTHER_WATERS;0;0;0;0;1;1;1;esther waters;1
eugene aram;EUGENE_ARAM_(NOVEL);0;0;0;1;1;2;1;eugene aram;1
eveline;EVELINA;1;0;0;0;1;2;1;eveline;1
NA;EVENINGS_AT_HOME;0;1;0;0;0;1;1;NA;0
"exilus; or, the banish'd roman";EXILUS;0;0;0;0;0;0;0;"exilus; or, the banish'd roman";1
fanny hill;FANNY_HILL;0;0;0;0;0;0;0;fanny hill;1
"fantomina; or, love in a maze";FANTOMINA;0;0;0;0;0;0;0;"fantomina; or, love in a maze";1
far from the madding crowd;FAR_FROM_THE_MADDING_CROWD;0;0;0;0;1;1;1;far from the madding crowd;1
fardorougha the miser;FARDOROUGHA_THE_MISER;0;0;0;0;1;1;1;fardorougha the miser;1
felix holt, the radical;FELIX_HOLT_THE_RADICAL;0;0;0;1;1;2;1;felix holt, the radical;1
NA;FIVE_CHILDREN_AND_IT;0;0;0;0;1;1;1;NA;0
NA;FLATLAND;0;0;0;0;0;0;0;NA;0
NA;FOR_THE_TERM_OF_HIS_NATURAL_LIFE;0;0;0;0;1;1;1;NA;0
NA;FORTUNATE_FOUNDLINGS;0;1;0;0;0;1;1;NA;0
"frankenstein; or, the modern prometheus";FRANKENSTEIN;0;0;0;0;1;1;1;"frankenstein; or, the modern prometheus";1
NA;GHETTO_TRAGEDIES;0;0;0;0;1;1;1;NA;0
glenarvon;GLENARVON;0;0;1;0;0;1;1;glenarvon;1
going to maynooth;GOING_TO_MAYNOOTH;0;0;0;0;1;1;1;going to maynooth;1
NA;GRANNY'S_WONDERFUL_CHAIR;0;0;0;0;0;0;0;NA;0
great expectations;GREAT_EXPECTATIONS;0;0;0;1;1;2;1;great expectations;1
gulliver's travels;GULLIVER'S_TRAVELS;0;1;0;1;1;3;1;gulliver's travels;1
guy mannering;GUY_MANNERING;0;0;0;1;1;2;1;guy mannering;1
NA;HALF_A_LIFE-TIME_AGO;0;0;0;0;0;0;0;NA;0
hard cash;HARD_CASH_(NOVEL);0;0;0;1;1;2;1;hard cash;1
NA;HARD_TIMES_(NOVEL);0;0;0;0;1;1;1;NA;0
harrington;HARRINGTON;0;0;1;0;1;2;1;harrington;1
hauntings;HAUNTINGS;0;0;0;0;1;1;1;hauntings;1
NA;HE_KNEW_HE_WAS_RIGHT;0;0;0;1;1;2;1;NA;0
headlong hall;HEADLONG_HALL;0;0;1;0;1;2;1;headlong hall;1
NA;HEART_AND_SCIENCE;0;0;0;0;1;1;1;NA;0
heart of darkness;HEART_OF_DARKNESS;0;0;0;0;0;0;0;heart of darkness;1
NA;HELBECK_OF_BANNISDALE;0;0;0;0;1;1;1;NA;0
helen;HELEN;0;0;0;0;1;1;1;helen;1
NA;HENRY_DUNBAR;0;0;0;0;1;1;1;NA;0
NA;HEREWARD_THE_WAKE_(NOVEL);0;0;0;0;1;1;1;NA;0
NA;HERMSPRONG;0;0;0;0;0;0;0;NA;0
hester;HESTER;0;0;0;0;1;1;1;hester;1
NA;HIDE_AND_SEEK;0;0;1;0;1;2;1;NA;0
NA;HISTORY_OF_JOHN_BULL;0;0;0;0;0;0;0;NA;0
NA;HOLIDAY_HOUSE;0;0;0;0;0;0;0;NA;0
howards end;HOWARDS_END;0;0;0;0;0;0;0;howards end;1
NA;HYMNS_IN_PROSE_FOR_CHILDREN;0;0;0;0;0;0;0;NA;0
NA;IMAGINARY_PORTRAITS;0;0;0;0;0;0;0;NA;0
NA;IMPRESSIONS_OF_THEOPHRASTUS_SUCH;0;0;0;0;0;0;0;NA;0
NA;IN_A_GLASS_DARKLY;0;0;0;0;1;1;1;NA;0
in the year of jubilee;IN_THE_YEAR_OF_JUBILEE;0;0;0;0;1;1;1;in the year of jubilee;1
it is never too late to mend;IT_IS_NEVER_TOO_LATE_TO_MEND_(NOVEL);0;0;0;1;1;2;1;it is never too late to mend;1
ivanhoe;IVANHOE;0;0;0;1;1;2;1;ivanhoe;1
NA;JACK_SHEPPARD;0;0;0;0;0;0;0;NA;0
jane eyre: an autobiography;JANE_EYRE;0;0;0;1;1;2;1;jane eyre: an autobiography;1
jessica's first prayer;JESSICA'S_FIRST_PRAYER;0;0;0;0;1;1;1;jessica's first prayer;1
NA;JEZEBEL'S_DAUGHTER;0;0;0;0;1;1;1;NA;0
john burnet of barns: a romance;JOHN_BURNET_OF_BARNS;0;0;0;0;1;1;1;john burnet of barns: a romance;1
john halifax, gentleman;JOHN_HALIFAX_GENTLEMAN;0;0;0;1;1;2;1;john halifax, gentleman;1
the history of the life of the late mr. jonathan wild the great;JONATHAN_WILD;0;0;0;0;1;1;1;the history of the life of the late mr. jonathan wild the great;1
jorrock's jaunts and jollities;JORROCK'S_JAUNTS_AND_JOLLITIES;0;0;0;0;1;1;1;jorrock's jaunts and jollities;1
joseph andrews;JOSEPH_ANDREWS;0;0;1;0;1;2;1;joseph andrews;1
jude the obscure;JUDE_THE_OBSCURE;0;0;0;0;1;1;1;jude the obscure;1
NA;JUST_SO_STORIES;0;0;0;0;1;1;1;NA;0
kenilworth;KENILWORTH;0;0;0;1;1;2;1;kenilworth;1
kidnapped;KIDNAPPED_(NOVEL);0;0;0;0;1;1;1;kidnapped;1
kim;KIM_(NOVEL);0;0;0;0;1;1;1;kim;1
king solomon's mines;KING_SOLOMON'S_MINES;0;0;0;0;1;1;1;king solomon's mines;1
kipps;KIPPS;0;0;0;0;1;1;1;kipps;1
knockagow;KNOCKNAGOW;0;0;0;0;0;0;0;knockagow;1
lady audley's secret;LADY_AUDLEY'S_SECRET;0;0;0;1;1;2;1;lady audley's secret;1
NA;LEVER'S_LORD_KILGOBBIN;0;0;0;1;1;2;1;NA;0
liber amoris;LIBER_AMORIS;0;0;1;0;0;1;1;liber amoris;1
NA;LIFE_AND_ADVENTURES_OF_PETER_WILKINS;0;0;0;0;0;0;0;NA;0
NA;LIFE_AND_PERAMBULATIONS_OF_A_MOUSE;0;0;0;0;0;0;0;NA;0
NA;LIFE'S_LITTLE_IRONIES;0;0;0;0;1;1;1;NA;0
lilith;LILITH;0;0;0;0;1;1;1;lilith;1
little dorrit;LITTLE_DORRIT;0;0;0;1;1;2;1;little dorrit;1
NA;LITTLE_LORD_FAUNTLEROY;0;0;0;0;1;1;1;NA;0
NA;LONGSWORD_(NOVEL);0;0;0;0;0;0;0;NA;0
lord jim;LORD_JIM;0;0;0;0;1;1;1;lord jim;1
lorna doone, a romance of exmoor;LORNA_DOONE;0;0;0;1;1;2;1;lorna doone, a romance of exmoor;1
loss and gain: the story of a convert;LOSS_AND_GAIN;0;0;0;0;0;0;0;loss and gain: the story of a convert;1
NA;LOST_DIARIES;0;0;0;0;0;0;0;NA;0
NA;LOVE_AMONG_THE_RUINS;0;0;0;0;1;1;1;NA;0
NA;LOVE_AND_MADNESS;0;0;0;0;0;0;0;NA;0
love and mr lewisham;LOVE_AND_MR_LEWISHAM;0;0;0;0;1;1;1;love and mr lewisham;1
NA;"LOVE_IN_EXCESS;_OR_THE_FATAL_ENQUIRY";0;0;0;0;0;0;0;NA;0
love intrigues: or, the history of the amours of bosvil and galesia;LOVE_INTRIGUES;0;0;0;0;0;0;0;love intrigues: or, the history of the amours of bosvil and galesia;1
NA;MADAM_HOW_AND_LADY_WHY;0;0;0;0;0;0;0;NA;0
man and wife;MAN_AND_WIFE_(NOVEL);0;0;0;1;1;2;1;man and wife;1
mansfield park;MANSFIELD_PARK;0;0;1;1;1;3;1;mansfield park;1
NA;MARIA_OR_THE_WRONGS_OF_WOMAN;0;0;0;0;0;0;0;NA;0
NA;MARIUS_THE_EPICUREAN;0;0;0;0;1;1;1;NA;0
marriage;MARRIAGE;0;0;1;1;1;3;1;marriage;1
the life and adventures of martin chuzzlewit;MARTIN_CHUZZLEWIT;0;0;0;1;1;2;1;the life and adventures of martin chuzzlewit;1
mary: a fiction;MARY_A_FICTION;1;0;1;0;0;2;1;mary: a fiction;1
mary barton: a tale of manchester life;MARY_BARTON;0;0;0;1;1;2;1;mary barton: a tale of manchester life;1
NA;MASTERMAN_READY_OR_THE_WRECK_OF_THE_PACIFIC;0;0;0;1;0;1;1;NA;0
mathilda;MATHILDA;0;0;0;0;0;0;0;mathilda;1
NA;MAX;0;0;0;0;1;1;1;NA;0
NA;MAZEPPA;0;0;0;0;0;0;0;NA;0
melmoth the wanderer;MELMOTH_THE_WANDERER;0;0;0;0;0;0;0;melmoth the wanderer;1
NA;MEMOIRS_OF_A_CAVALIER;0;0;0;0;0;0;0;NA;0
NA;MEMOIRS_OF_A_MAGDALEN;0;0;0;0;0;0;0;NA;0
NA;MEMOIRS_OF_CARWIN_THE_BILOQUIST;0;0;0;0;0;0;0;NA;0
memoirs of emma courtney;MEMOIRS_OF_EMMA_COURTNEY;0;0;1;0;0;1;1;memoirs of emma courtney;1
micah clarke;MICAH_CLARKE;0;0;0;0;1;1;1;micah clarke;1
middlemarch, a study of provincial life;MIDDLEMARCH;0;0;0;1;1;2;1;middlemarch, a study of provincial life;1
a description of millenium hall and the country adjacent;MILLENIUM_HALL;0;0;0;1;0;1;1;a description of millenium hall and the country adjacent;1
moll flanders;MOLL_FLANDERS;0;0;0;0;0;0;0;moll flanders;1
NA;MOPSA_THE_FAIRY;0;0;0;1;1;2;1;NA;0
NA;MORAL_TALES;0;0;0;0;1;1;1;NA;0
NA;MR_MIDSHIPMAN_EASY;0;0;0;1;1;2;1;NA;0
NA;MY_KALULU_PRINCE,_KING,_AND_SLAVE;0;0;0;0;0;0;0;NA;0
NA;MY_LADY_LUDLOW;0;0;0;0;0;0;0;NA;0
my new curate;MY_NEW_CURATE;0;0;1;1;1;3;1;my new curate;1
nature and art;NATURE_AND_ART;0;0;1;0;0;1;1;nature and art;1
NA;NEW_ARABIAN_NIGHTS;0;0;0;0;1;1;1;NA;0
new grub street;NEW_GRUB_STREET;0;0;0;0;1;1;1;new grub street;1
news from nowhere;NEWS_FROM_NOWHERE;0;0;0;0;1;1;1;news from nowhere;1
NA;NIGHT_AND_MORNING;0;0;0;0;1;1;1;NA;0
nightmare abbey;NIGHTMARE_ABBEY;0;0;0;0;1;1;1;nightmare abbey;1
no name;NO_NAME_(NOVEL);0;0;0;1;1;2;1;no name;1
NA;NO_THOROUGHFARE;0;0;0;0;0;0;0;NA;0
north and south;NORTH_AND_SOUTH_(GASKELL_NOVEL);0;0;0;1;1;2;1;north and south;1
northanger abbey;NORTHANGER_ABBEY;0;0;1;1;1;3;1;northanger abbey;1
nostromo: a tale of the seaboard;NOSTROMO;0;0;0;0;1;1;1;nostromo: a tale of the seaboard;1
NA;NOUGHTS_&_CROSSES;0;0;0;0;1;1;1;NA;0
NA;ODD_MAN_OUT;0;0;0;0;0;0;0;NA;0
odour of chrysanthemums;ODOUR_OF_CHRYSANTHEMUMS;0;0;0;0;0;0;0;odour of chrysanthemums;1
the tale of old mortality;OLD_MORTALITY;0;0;1;1;1;3;1;the tale of old mortality;1
"oliver twist; or, the parish boy's progress";OLIVER_TWIST;0;0;0;1;1;2;1;"oliver twist; or, the parish boy's progress";1
NA;ON_THE_FACE_OF_THE_WATERS;0;0;0;0;0;0;0;NA;0
NA;ORIGINAL_STORIES_FROM_REAL_LIFE;0;0;0;0;0;0;0;NA;0
NA;ORLEY_FARM_(NOVEL);0;0;0;0;1;1;1;NA;0
oroonoko, or the royal slave;OROONOKO;0;0;0;0;0;0;0;oroonoko, or the royal slave;1
our mutual friend;OUR_MUTUAL_FRIEND;0;0;0;1;1;2;1;our mutual friend;1
our village;OUR_VILLAGE;0;0;0;1;0;1;1;our village;1
NA;OUT_ON_THE_PAMPAS;0;0;0;1;1;2;1;NA;0
pamela, or virtue rewarded;PAMELA_OR_VIRTUE_REWARDED;1;1;1;0;1;4;1;pamela, or virtue rewarded;1
NA;PANDORA;0;0;0;0;0;0;0;NA;0
patronage;PATRONAGE_(NOVEL);0;0;1;0;0;1;1;patronage;1
NA;PENDENNIS;0;0;0;0;0;0;0;NA;0
persuasion;PERSUASION_(NOVEL);0;0;1;0;1;2;1;persuasion;1
NA;PETER_AND_WENDY;0;0;0;0;0;0;0;NA;0
NA;PETER_THE_WHALER;0;0;0;0;0;0;0;NA;0
NA;PETER'S_PENCE;0;0;0;0;0;0;0;NA;0
phantastes: a faerie romance for men and women;PHANTASTES;0;0;0;0;1;1;1;phantastes: a faerie romance for men and women;1
NA;PHILISTIA;0;0;0;0;1;1;1;NA;0
NA;PHINEAS_REDUX;0;0;0;0;1;1;1;NA;0
NA;PLAIN_TALES_FROM_THE_HILLS;0;0;0;0;1;1;1;NA;0
NA;PLATTNER_STORY;0;0;0;0;1;1;1;NA;0
NA;POPULAR_TALES;0;0;0;0;1;1;1;NA;0
pride and prejudice;PRIDE_AND_PREJUDICE;0;0;1;1;1;3;1;pride and prejudice;1
NA;PRINCE_RICARDO_OF_PANTOUFLIA;0;0;0;0;1;1;1;NA;0
NA;PUCK_OF_POOK'S_HILL;0;0;0;0;1;1;1;NA;0
quentin durward;QUENTIN_DURWARD;0;0;1;1;1;3;1;quentin durward;1
recollections of a detective police officer;RECOLLECTIONS_OF_A_DETECTIVE_POLICE_OFFICER;0;0;0;0;0;0;0;recollections of a detective police officer;1
NA;RECORDS_OF_A_GIRLHOOD;0;0;0;0;0;0;0;NA;0
red pottage;RED_POTTAGE;0;0;0;0;1;1;1;red pottage;1
redgauntlet;REDGAUNTLET;0;0;1;1;1;3;1;redgauntlet;1
ringan gilhaize or the covenanters;RINGAN_GILHAIZE;0;0;1;0;1;2;1;ringan gilhaize or the covenanters;1
rob roy;ROB_ROY;0;0;0;1;1;2;1;rob roy;1
robert elsmere;ROBERT_ELSMERE;0;0;0;0;1;1;1;robert elsmere;1
robert falconer;ROBERT_FALCONER;0;0;0;1;1;2;1;robert falconer;1
robinson crusoe;ROBINSON_CRUSOE;0;1;1;1;0;3;1;robinson crusoe;1
romola;ROMOLA;0;0;0;1;1;2;1;romola;1
NA;ROOKWOOD_(NOVEL);0;0;0;0;0;0;0;NA;0
NA;ROXANA;0;0;0;0;0;0;0;NA;0
NA;RUJUB_THE_JUGGLER;0;0;0;0;1;1;1;NA;0
ruth;RUTH;0;0;0;1;1;2;1;ruth;1
st. ronan's well;SAINT_RONAN'S_WELL;0;0;0;1;1;2;1;st. ronan's well;1
salem chapel;SALEM_CHAPEL;0;0;0;1;1;2;1;salem chapel;1
NA;SANDERS_OF_THE_RIVER;0;0;0;0;0;0;0;NA;0
NA;SANDITON;0;0;0;0;0;0;0;NA;0
sartor resartus;SARTOR_RESARTUS;0;0;0;0;0;0;0;sartor resartus;1
NA;SCENES_OF_CLERICAL_LIFE;0;0;0;1;1;2;1;NA;0
secresy, or the ruin of the rock;SECRESY;0;1;1;0;0;2;1;secresy, or the ruin of the rock;1
self-control;SELF-CONTROL_(NOVEL);0;0;1;1;0;2;1;self-control;1
sense and sensibility;SENSE_AND_SENSIBILITY;0;0;1;1;1;3;1;sense and sensibility;1
sentimental tommy: the story of his boyhood;SENTIMENTAL_TOMMY;0;0;0;0;1;1;1;sentimental tommy: the story of his boyhood;1
NA;SEVEN_LITTLE_AUSTRALIANS;0;0;0;0;1;1;1;NA;0
she: a history of adventure;SHE_A_HISTORY_OF_ADVENTURE;0;0;0;0;1;1;1;she: a history of adventure;1
NA;SHIRLEY_(NOVEL);0;0;0;0;0;0;0;NA;0
silas marner: the weaver of raveloe;SILAS_MARNER;0;0;0;1;1;2;1;silas marner: the weaver of raveloe;1
NA;SING_A_SONG_OF_SIXPENCE;0;0;0;0;1;1;1;NA;0
sir gibbie;SIR_GIBBIE;0;0;0;0;1;1;1;sir gibbie;1
sir nigel;SIR_NIGEL;0;0;0;0;1;1;1;sir nigel;1
sketches by boz, illustrative of everyday life and everyday people;SKETCHES_BY_BOZ;0;0;0;1;1;2;1;sketches by boz, illustrative of everyday life and everyday people;1
some experiences of an irish rm;SOME_EXPERIENCES_OF_AN_IRISH_R.M.;0;0;0;0;1;1;1;some experiences of an irish rm;1
NA;SON_OF_MARS;0;0;0;0;1;1;1;NA;0
sons and lovers;SONS_AND_LOVERS;0;0;0;0;0;0;0;sons and lovers;1
NA;SPIES_OF_THE_KAISER;0;0;0;0;0;0;0;NA;0
NA;ST_IVES;0;0;0;0;0;0;0;NA;0
NA;ST_LEON;0;0;0;0;0;0;0;NA;0
NA;ST_MARTIN'S_EVE;0;0;0;0;1;1;1;NA;0
NA;STALKY_&_CO.;0;0;0;0;1;1;1;NA;0
NA;STELLA_MARIS;0;0;0;0;0;0;0;NA;0
NA;STORIES_OF_RED_HANRAHAN;0;0;0;0;0;0;0;NA;0
NA;SUNRISE;0;0;0;0;1;1;1;NA;0
NA;SUSPIRIA_DE_PROFUNDIS;0;0;0;0;0;0;0;NA;0
sybil, or the two nations;SYBIL;0;0;0;1;1;2;1;sybil, or the two nations;1
NA;SYLVIAS_LOVERS;0;0;0;0;1;1;1;NA;0
NA;SYLVIE_AND_BRUNO;0;0;0;0;1;1;1;NA;0
NA;TALE_OF_TWO_BAD_MICE;0;0;0;0;0;0;0;NA;0
NA;TALES_FROM_SHAKESPEARE;0;0;0;0;0;0;0;NA;0
tales of a fashionable life;TALES_OF_FASHIONABLE_LIFE;0;0;1;0;1;2;1;tales of a fashionable life;1
tales of mean streets;TALES_OF_MEAN_STREETS;0;0;0;0;1;1;1;tales of mean streets;1
NA;TALES_OF_UNREST;0;0;0;0;1;1;1;NA;0
NA;TANCRED_(NOVEL);0;0;0;0;0;0;0;NA;0
tess of the d'urbervilles: a pure woman faithfully presented;TESS_OF_THE_D'URBERVILLES;0;0;0;0;1;1;1;tess of the d'urbervilles: a pure woman faithfully presented;1
the abbot;THE_ABBOT;0;0;1;1;1;3;1;the abbot;1
the absentee;THE_ABSENTEE;0;0;0;0;1;1;1;the absentee;1
NA;THE_ADVENTURES_OF_A_BROWNIE;0;0;0;1;1;2;1;NA;0
the adventures of anthony varnish;THE_ADVENTURES_OF_ANTHONY_VARNISH;0;1;1;1;0;3;1;the adventures of anthony varnish;1
the adventures of david simple;THE_ADVENTURES_OF_DAVID_SIMPLE;0;1;1;0;0;2;1;the adventures of david simple;1
the adventures of hajji baba of ispahan;THE_ADVENTURES_OF_HAJJI_BABA;0;0;0;1;1;2;1;the adventures of hajji baba of ispahan;1
the adventures of hugh trevor;THE_ADVENTURES_OF_HUGH_TREVOR;0;1;1;0;0;2;1;the adventures of hugh trevor;1
the adventures of peregrine pickle;THE_ADVENTURES_OF_PEREGRINE_PICKLE;0;1;1;0;1;3;1;the adventures of peregrine pickle;1
NA;THE_ADVENTURES_OF_RIVELLA;0;0;0;0;0;0;0;NA;0
roderick random;THE_ADVENTURES_OF_RODERICK_RANDOM;0;1;0;0;1;2;1;roderick random;1
NA;THE_ADVENTURES_OF_SHERLOCK_HOLMES;0;0;0;0;1;1;1;NA;0
NA;THE_ALTAR_OF_THE_DEAD;0;0;0;0;0;0;0;NA;0
the ambassadors;THE_AMBASSADORS;0;0;0;0;1;1;1;the ambassadors;1
NA;THE_AMERICAN;0;0;0;0;1;1;1;NA;0
anti-pamela;THE_ANTI-PAMELA;0;1;0;0;0;1;1;anti-pamela;1
the antiquary;THE_ANTIQUARY;0;0;0;1;1;2;1;the antiquary;1
NA;THE_ASPERN_PAPERS;0;0;0;0;1;1;1;NA;0
NA;THE_AUTOBIOGRAPHY_OF_MARK_RUTHERFORD;0;0;0;0;0;0;0;NA;0
the awkward age;THE_AWKWARD_AGE;0;0;0;0;1;1;1;the awkward age;1
NA;THE_AYRSHIRE_LEGATEES;0;0;0;0;0;0;0;NA;0
NA;THE_BATTLE_OF_DORKING;0;0;0;0;1;1;1;NA;0
the battle of the books;THE_BATTLE_OF_THE_BOOKS;0;0;1;0;0;1;1;the battle of the books;1
the beach of falesa;THE_BEACH_OF_FALESA;0;0;0;0;0;0;0;the beach of falesa;1
NA;THE_BEETLE_(NOVEL);0;0;0;0;1;1;1;NA;0
the beth book;THE_BETH_BOOK;0;0;0;0;1;1;1;the beth book;1
NA;THE_BICKERSTAFF_PAPERS;0;0;0;0;0;0;0;NA;0
NA;THE_BLACK_ARROW;0;0;0;0;1;1;1;NA;0
the black dwarf;THE_BLACK_DWARF;0;0;0;1;1;2;1;the black dwarf;1
the black prophet: a tale of irish famine;THE_BLACK_PROPHET;0;0;0;0;1;1;1;the black prophet: a tale of irish famine;1
the body snatcher;THE_BODY-SNATCHER;0;0;0;0;0;0;0;the body snatcher;1
NA;THE_BOOK_OF_WONDER;0;0;0;0;0;0;0;NA;0
the bride of lammermoor;THE_BRIDE_OF_LAMMERMOOR;0;0;0;1;1;2;1;the bride of lammermoor;1
NA;THE_BRITISH_BARBARIANS;0;0;0;0;1;1;1;NA;0
the brownie of bodsbeck;THE_BROWNIE_OF_BODSBECK;0;0;1;0;0;1;1;the brownie of bodsbeck;1
NA;THE_CANTERVILLE_GHOST;0;0;0;0;0;0;0;NA;0
NA;THE_CARVED_LIONS;0;0;0;0;1;1;1;NA;0
the castle of otranto: a gothic story;THE_CASTLE_OF_OTRANTO;1;1;1;1;0;4;1;the castle of otranto: a gothic story;1
the castle of wolfenbach;THE_CASTLE_OF_WOLFENBACH;0;0;0;0;0;0;0;the castle of wolfenbach;1
NA;THE_CASTLES_OF_ATHLIN_AND_DUNBAYNE;0;1;1;0;0;2;1;NA;0
NA;THE_CAXTONS;0;0;0;0;1;1;1;NA;0
NA;THE_CHANGELING;0;0;0;0;1;1;1;NA;0
NA;THE_CHANNINGS_(NOVEL);0;0;0;0;1;1;1;NA;0
the children of the abbey;THE_CHILDREN_OF_THE_ABBEY;0;1;1;0;1;3;1;the children of the abbey;1
NA;THE_CHILDREN_OF_THE_NEW_FOREST;0;0;0;1;0;1;1;NA;0
NA;THE_CHIMES;0;0;0;0;0;0;0;NA;0
clayhanger;THE_CLAYHANGER;0;0;0;0;0;0;0;clayhanger;1
NA;THE_CLEVER_WOMAN_OF_THE_FAMILY;0;0;0;1;0;1;1;NA;0
the cloister and the hearth;THE_CLOISTER_AND_THE_HEARTH;0;0;0;1;1;2;1;the cloister and the hearth;1
the coming of cuculain;THE_COMING_OF_CUCULAIN;0;0;0;0;1;1;1;the coming of cuculain;1
confessions of harry lorrequer;THE_CONFESSIONS_OF_HARRY_LORREQUER;0;0;0;1;1;2;1;confessions of harry lorrequer;1
NA;THE_CONSOLIDATOR;0;0;0;0;0;0;0;NA;0
NA;THE_COUNTRY_OF_THE_BLIND;0;0;0;0;0;0;0;NA;0
NA;THE_CRICKET_ON_THE_HEARTH;0;0;0;0;0;0;0;NA;0
the crock of gold;THE_CROCK_OF_GOLD_(NOVEL);0;0;1;0;1;2;1;the crock of gold;1
NA;THE_CROWN_OF_SUCCESS;0;0;0;0;0;0;0;NA;0
NA;THE_DARK_FLOWER;0;0;0;0;0;0;0;NA;0
the days of auld lang syne;THE_DAYS_OF_AULD_LANGSYNE;0;0;0;0;1;1;1;the days of auld lang syne;1
NA;THE_DEAD_SECRET;0;0;0;1;1;2;1;NA;0
NA;THE_DEMI-GODS;0;0;0;0;0;0;0;NA;0
NA;THE_DIARY_OF_A_NOBODY;0;0;0;0;0;0;0;NA;0
the doctor's wife;THE_DOCTOR'S_WIFE_(MOORE_NOVEL);0;0;0;1;1;2;1;the doctor's wife;1
NA;THE_DUKE'S_CHILDREN;0;0;0;0;0;0;0;NA;0
the dynamiter;THE_DYNAMITER;0;0;0;0;1;1;1;the dynamiter;1
the ebb-tide;THE_EBB-TIDE;0;0;0;0;1;1;1;the ebb-tide;1
the egoist;THE_EGOIST_(NOVEL);0;0;0;0;1;1;1;the egoist;1
the emigrants of ahadarra;THE_EMIGRANTS_OF_AHADARRA;0;0;0;0;1;1;1;the emigrants of ahadarra;1
NA;THE_ENCHANTED_CASTLE;0;0;0;0;0;0;0;NA;0
the entail or the lairds of grippy;THE_ENTAIL;0;0;1;0;1;2;1;the entail or the lairds of grippy;1
the eustace diamonds;THE_EUSTACE_DIAMONDS;0;0;0;1;1;2;1;the eustace diamonds;1
the evil guest;THE_EVIL_GUEST;0;0;0;0;1;1;1;the evil guest;1
NA;THE_EXECUTOR;0;0;0;0;1;1;1;NA;0
the expedition of humphry clinker;THE_EXPEDITION_OF_HUMPHRY_CLINKER;0;1;1;0;1;3;1;the expedition of humphry clinker;1
the experiences of loveday brooke, lady detective;THE_EXPERIENCES_OF_LOVEDAY_BROOKE,_LADY_DETECTIVE;0;0;0;0;1;1;1;the experiences of loveday brooke, lady detective;1
NA;THE_FAIR_JILT;0;0;0;0;0;0;0;NA;0
the fair maid of perth;THE_FAIR_MAID_OF_PERTH;0;0;1;1;1;3;1;the fair maid of perth;1
NA;THE_FAIRCHILD_FAMILY;0;0;0;0;0;0;0;NA;0
NA;THE_FALLEN_LEAVES_(BOOK);0;0;0;0;0;0;0;NA;0
father and daughter;THE_FATHER_AND_DAUGHTER;0;1;1;1;1;4;1;father and daughter;1
"the female quixote; or, the adventures of arabella";THE_FEMALE_QUIXOTE;0;0;1;0;0;1;1;"the female quixote; or, the adventures of arabella";1
NA;THE_FIDDLER_OF_THE_REELS;0;0;0;0;0;0;0;NA;0
NA;THE_FIGURE_IN_THE_CARPET;0;0;0;0;0;0;0;NA;0
the first man in the moon;THE_FIRST_MEN_IN_THE_MOON;0;0;0;0;1;1;1;the first man in the moon;1
NA;THE_FIXED_PERIOD;0;0;0;0;1;1;1;NA;0
NA;THE_FOOD_OF_THE_GODS_AND_HOW_IT_CAME_TO_EARTH;0;0;0;0;1;1;1;NA;0
NA;THE_FOOL_OF_QUALITY;1;0;0;0;0;1;1;NA;0
NA;THE_FORSYTE_SAGA;0;0;0;0;0;0;0;NA;0
the fortunes of nigel;THE_FORTUNES_OF_NIGEL;0;0;1;1;1;3;1;the fortunes of nigel;1
NA;THE_FROZEN_DEEP;0;0;0;0;1;1;1;NA;0
NA;THE_GENTLEMAN;0;0;0;0;0;0;0;NA;0
NA;THE_GOLDEN_AGE;0;0;0;0;1;1;1;NA;0
the golden bowl;THE_GOLDEN_BOWL;0;0;0;0;1;1;1;the golden bowl;1
NA;THE_GORILLA_HUNTERS;0;0;0;0;0;0;0;NA;0
NA;"THE_GOVERNESS;_OR,_THE_LITTLE_FEMALE_ACADEMY";0;0;1;0;0;1;1;NA;0
NA;THE_GREAT_GOD_PAN;0;0;0;0;1;1;1;NA;0
NA;THE_GREAT_TABOO;0;0;0;0;1;1;1;NA;0
NA;THE_GREAT_WAR_IN_ENGLAND_IN_1897;0;0;0;0;1;1;1;NA;0
NA;THE_GREEN_CARNATION;0;0;0;0;1;1;1;NA;0
NA;THE_GRIM_SMILE_OF_THE_FIVE_TOWNS;0;0;0;0;0;0;0;NA;0
NA;THE_HAPPY_PRINCE_AND_OTHER_TALES;0;0;0;0;0;0;0;NA;0
NA;THE_HAUNTED_HOUSE;0;0;0;0;0;0;0;NA;0
NA;THE_HAUNTED_MAN_AND_THE_GHOST'S_BARGAIN;0;0;0;0;0;0;0;NA;0
the heart of midlothian;THE_HEART_OF_MIDLOTHIAN;0;0;0;1;1;2;1;the heart of midlothian;1
the heavenly twins;THE_HEAVENLY_TWINS;0;0;0;0;1;1;1;the heavenly twins;1
heir of redclyffe;THE_HEIR_OF_REDCLYFFE;0;0;0;1;1;2;1;heir of redclyffe;1
NA;THE_HERO;0;0;0;0;1;1;1;NA;0
NA;THE_HEROINE;0;0;0;0;0;0;0;NA;0
NA;THE_HILL;0;0;0;0;1;1;1;NA;0
NA;THE_HILL_OF_DREAMS;0;0;0;0;0;0;0;NA;0
NA;THE_HISTORY_AND_REMARKABLE_LIFE_OF_THE_TRULY_HONOURABLE_COL;0;0;0;0;0;0;0;NA;0
the history of emily montague;THE_HISTORY_OF_EMILY_MONTAGUE;0;0;0;0;0;0;0;the history of emily montague;1
the history of jack connor;THE_HISTORY_OF_JACK_CONNOR;0;1;0;0;0;1;1;the history of jack connor;1
the history of little goody two-shoes;THE_HISTORY_OF_LITTLE_GOODY_TWO-SHOES;0;0;0;0;0;0;0;the history of little goody two-shoes;1
the history of miss betsy thoughtless;THE_HISTORY_OF_MISS_BETSY_THOUGHTLESS;0;0;1;0;0;1;1;the history of miss betsy thoughtless;1
the history of mr polly;THE_HISTORY_OF_MR_POLLY;0;0;0;0;0;0;0;the history of mr polly;1
the history of rasselas, prince of abissinia;THE_HISTORY_OF_RASSELAS,_PRINCE_OF_ABYSSINIA;1;1;1;0;0;3;1;the history of rasselas, prince of abissinia;1
NA;THE_HISTORY_OF_SANDFORD_AND_MERTON;1;0;0;1;0;2;1;NA;0
sir charles grandison;THE_HISTORY_OF_SIR_CHARLES_GRANDISON;0;1;0;0;1;2;1;sir charles grandison;1
the history of the countess of dellwyn;THE_HISTORY_OF_THE_COUNTESS_OF_DELLWYN;0;0;0;0;0;0;0;the history of the countess of dellwyn;1
NA;THE_HISTORY_OF_THE_FAIRCHILD_FAMILY;0;0;0;0;0;0;0;NA;0
NA;THE_HISTORY_OF_THE_NUN;0;0;0;0;0;0;0;NA;0
the history of tom jones, a foundling;THE_HISTORY_OF_TOM_JONES,_A_FOUNDLING;0;1;1;0;1;3;1;the history of tom jones, a foundling;1
NA;THE_HORRORS_OF_OAKENDALE_ABBEY;0;1;0;0;0;1;1;NA;0
the hound of the baskervilles;THE_HOUND_OF_THE_BASKERVILLES;0;0;0;0;1;1;1;the hound of the baskervilles;1
the house by the church-yard;THE_HOUSE_BY_THE_CHURCHYARD;0;0;0;1;1;2;1;the house by the church-yard;1
NA;THE_HOUSE_ON_THE_BORDERLAND;0;0;0;0;0;0;0;NA;0
the house with the green shutters;THE_HOUSE_WITH_THE_GREEN_SHUTTERS;0;0;0;0;1;1;1;the house with the green shutters;1
NA;THE_INHERITORS_(CONRAD_AND_FORD_NOVEL);0;0;0;0;1;1;1;NA;0
the interesting narrative of the life of olaudah equiano, or gustavus vassa, the african, written by himself;THE_INTERESTING_NARRATIVE_OF_THE_LIFE_OF_OLAUDAH_EQUIANO;0;1;0;0;0;1;1;the interesting narrative of the life of olaudah equiano, or gustavus vassa, the african, written by himself;1
NA;THE_INTERPRETERS;0;0;0;0;1;1;1;NA;0
the invisible man;THE_INVISIBLE_MAN;0;0;0;0;1;1;1;the invisible man;1
the island of dr moreau;THE_ISLAND_OF_DOCTOR_MOREAU;0;0;0;0;1;1;1;the island of dr moreau;1
NA;THE_ITALIAN_(RADCLIFFE_NOVEL);0;0;0;0;0;0;0;NA;0
NA;THE_JOLLY_CORNER;0;0;0;0;0;0;0;NA;0
the jungle book;THE_JUNGLE_BOOK;0;0;0;0;1;1;1;the jungle book;1
NA;THE_KELLYS_AND_THE_O'KELLYS;0;0;0;1;1;2;1;NA;0
NA;THE_KING_AND_QUEEN_OF_HEARTS;0;0;0;0;1;1;1;NA;0
NA;THE_KING_OF_THE_GOLDEN_RIVER;0;0;0;0;1;1;1;NA;0
NA;THE_KING_OF_THE_PIRATES;0;0;0;0;0;0;0;NA;0
the king's own;THE_KING'S_OWN;0;0;0;1;1;2;1;the king's own;1
NA;THE_LANCASHIRE_WITCHES;0;0;0;0;1;1;1;NA;0
NA;THE_LAND_IRONCLADS;0;0;0;0;0;0;0;NA;0
NA;THE_LANDLEAGUERS;0;0;0;0;1;1;1;NA;0
the last days of pompeii;THE_LAST_DAYS_OF_POMPEII;0;0;0;1;1;2;1;the last days of pompeii;1
the last man;THE_LAST_MAN;0;0;0;0;0;0;0;the last man;1
the law and the lady;THE_LAW_AND_THE_LADY_(NOVEL);0;0;0;0;1;1;1;the law and the lady;1
the life and opinions of tristram shandy;THE_LIFE_AND_OPINIONS_OF_TRISTRAM_SHANDY_GENTLEMAN;0;1;0;0;1;2;1;the life and opinions of tristram shandy;1
the life of harriot stuart;THE_LIFE_OF_HARRIOT_STUART;0;0;1;0;0;1;1;the life of harriot stuart;1
the life of john buncle;THE_LIFE_OF_JOHN_BUNCLE;0;1;1;0;0;2;1;the life of john buncle;1
the lifted veil;THE_LIFTED_VEIL_(NOVELLA);0;0;0;0;0;0;0;the lifted veil;1
NA;THE_LIGHT_PRINCESS;0;0;0;0;1;1;1;NA;0
NA;THE_LIGHTHOUSE;0;0;0;0;0;0;0;NA;0
NA;THE_LITTLE_LAME_PRINCE_AND_HIS_TRAVELLING_CLOAK;0;0;0;0;1;1;1;NA;0
NA;THE_LITTLE_MINISTER;0;0;0;0;1;1;1;NA;0
the longest journey;THE_LONGEST_JOURNEY;0;0;0;0;0;0;0;the longest journey;1
the lough derg pilgrim;THE_LOUGH_DERG_PILGRIM;0;0;0;0;1;1;1;the lough derg pilgrim;1
NA;THE_LUCK_OF_BARRY_LYNDON;0;0;0;0;0;0;0;NA;0
NA;THE_MACDERMOTS_OF_BALLYCORAN;0;0;0;0;0;0;0;NA;0
NA;THE_MAN;0;0;0;0;1;1;1;NA;0
the man of feeling;THE_MAN_OF_FEELING;1;1;1;0;0;3;1;the man of feeling;1
the man who could work miracles;THE_MAN_WHO_COULD_WORK_MIRACLES_(SHORT_STORY);0;0;0;0;1;1;1;the man who could work miracles;1
the man who was thursday: a nightmare;THE_MAN_WHO_WAS_THURSDAY;0;0;0;0;0;0;0;the man who was thursday: a nightmare;1
the man who would be king;THE_MAN_WHO_WOULD_BE_KING;0;0;0;0;0;0;0;the man who would be king;1
NA;THE_MANXMAN;0;0;0;0;1;1;1;NA;0
NA;THE_MARTIAN;0;0;0;0;1;1;1;NA;0
the master of ballantrae: a winter's tale;THE_MASTER_OF_BALLANTRAE;0;0;0;0;1;1;1;the master of ballantrae: a winter's tale;1
the mayor of casterbridge: the life and death of a man of character;THE_MAYOR_OF_CASTERBRIDGE;0;0;0;0;1;1;1;the mayor of casterbridge: the life and death of a man of character;1
memoirs of miss sidney bidulph;THE_MEMOIRS_OF_MISS_SIDNEY_BIDULPH;0;0;1;0;0;1;1;memoirs of miss sidney bidulph;1
NA;THE_MERCENARY_LOVER;0;0;0;0;0;0;0;NA;0
the mill on the floss;THE_MILL_ON_THE_FLOSS;0;0;0;1;1;2;1;the mill on the floss;1
NA;THE_MIRROR_OF_THE_SEA;0;0;0;0;0;0;0;NA;0
NA;THE_MISFORTUNES_OF_ELPHIN;0;0;0;0;0;0;0;NA;0
the monastery;THE_MONASTERY;0;0;1;1;1;3;1;the monastery;1
the monk;THE_MONK;0;0;1;0;0;1;1;the monk;1
the moonstone;THE_MOONSTONE;0;0;0;1;1;2;1;the moonstone;1
NA;THE_MUDFOG_PAPERS;0;0;0;0;1;1;1;NA;0
a mummer's wife;THE_MUMMER'S_WIFE;0;0;0;0;1;1;1;a mummer's wife;1
the murdered cousin;THE_MURDERED_COUSIN;0;0;0;0;0;0;0;the murdered cousin;1
the mysteries of london;THE_MYSTERIES_OF_LONDON;0;0;1;1;0;2;1;the mysteries of london;1
the mysteries of udolpho;THE_MYSTERIES_OF_UDOLPHO;1;1;1;1;1;5;1;the mysteries of udolpho;1
the mystery of a hansom cab;THE_MYSTERY_OF_A_HANSOM_CAB;0;0;0;0;1;1;1;the mystery of a hansom cab;1
the mystery of edwin drood;THE_MYSTERY_OF_EDWIN_DROOD;0;0;0;1;1;2;1;the mystery of edwin drood;1
the nether world;THE_NETHER_WORLD;0;0;0;0;1;1;1;the nether world;1
NA;THE_NEW_ACCELERATOR;0;0;0;0;0;0;0;NA;0
the new machiavelli;THE_NEW_MACHIAVELLI;0;0;0;0;0;0;0;the new machiavelli;1
NA;THE_NEW_MAGDALEN;0;0;0;0;1;1;1;NA;0
the new road;THE_NEW_ROAD;0;0;0;0;0;0;0;the new road;1
NA;THE_NEWCOMES;0;0;0;0;1;1;1;NA;0
the nigger of the narcissus: a tale of the forecastle;THE_NIGGER_OF_THE_NARCISSUS;0;0;0;0;1;1;1;the nigger of the narcissus: a tale of the forecastle;1
NA;THE_NOTTING_HILL_MYSTERY;0;0;0;0;0;0;0;NA;0
the odd women;THE_ODD_WOMEN;0;0;0;0;1;1;1;the odd women;1
NA;THE_O'DONOGHUE;0;0;0;1;1;2;1;NA;0
the old curiosity shop;THE_OLD_CURIOSITY_SHOP;0;0;0;1;1;2;1;the old curiosity shop;1
NA;THE_OLD_ENGLISH_BARON;1;1;1;0;0;3;1;NA;0
the old manor house;THE_OLD_MANOR_HOUSE;1;1;1;0;0;3;1;the old manor house;1
the old wives' tale;THE_OLD_WIVES'_TALE;0;0;0;0;0;0;0;the old wives' tale;1
NA;THE_ORDEAL_OF_RICHARD_FEVEREL;0;0;0;0;1;1;1;NA;0
NA;THE_OUTCAST;0;0;0;0;0;0;0;NA;0
NA;THE_PARASITE;0;0;0;0;0;0;0;NA;0
NA;THE_PARENT'S_ASSISTANT;0;0;0;0;1;1;1;NA;0
NA;THE_PERILS_OF_CERTAIN_ENGLISH_PRISONERS;0;0;0;0;0;0;0;NA;0
the phantom coach;THE_PHANTOM_COACH;0;0;0;0;0;0;0;the phantom coach;1
NA;THE_PHOENIX_AND_THE_CARPET;0;0;0;0;1;1;1;NA;0
NA;THE_PICKWICK_PAPERS;0;0;0;1;1;2;1;NA;0
the picture of dorian gray;THE_PICTURE_OF_DORIAN_GRAY;0;0;0;0;0;0;0;the picture of dorian gray;1
the pirate;THE_PIRATE_(NOVEL);0;0;0;1;1;2;1;the pirate;1
NA;THE_POINT_OF_VIEW;0;0;0;0;0;0;0;NA;0
NA;THE_PORTRAIT_OF_A_LADY;0;0;0;0;1;1;1;NA;0
NA;THE_PORTRAIT_OF_MR._W._H.;0;0;0;0;0;0;0;NA;0
NA;THE_PRIME_MINISTER;0;0;0;0;1;1;1;NA;0
the princess and the goblin;THE_PRINCESS_AND_THE_GOBLIN;0;0;0;1;1;2;1;the princess and the goblin;1
NA;THE_PRINCESS_CASAMASSIMA;0;0;0;0;1;1;1;NA;0
the private memoirs and confessions of a justified sinner: written by himself: with a detail of curious traditionary facts and other evidence by the editor;THE_PRIVATE_MEMOIRS_AND_CONFESSIONS_OF_A_JUSTIFIED_SINNER;0;0;0;0;0;0;0;the private memoirs and confessions of a justified sinner: written by himself: with a detail of curious traditionary facts and other evidence by the editor;1
NA;THE_PRIVATE_PAPERS_OF_HENRY_RYECROFT;0;0;0;0;1;1;1;NA;0
NA;THE_PROFESSOR_(NOVEL);0;0;0;0;0;0;0;NA;0
the provost;THE_PROVOST;0;0;1;0;0;1;1;the provost;1
NA;THE_PURCELL_PAPERS;0;0;0;0;0;0;0;NA;0
NA;THE_QUADROON;0;0;0;0;1;1;1;NA;0
NA;THE_QUIET_HEART;0;0;0;1;1;2;1;NA;0
the ragged-trousered philanthropists;THE_RAGGED-TROUSERED_PHILANTHROPISTS;0;0;0;0;0;0;0;the ragged-trousered philanthropists;1
the real charlotte;THE_REAL_CHARLOTTE;0;0;0;0;1;1;1;the real charlotte;1
NA;THE_RECOLLECTIONS_OF_GEOFFREY_HAMLYN;0;0;0;0;0;0;0;NA;0
NA;THE_REFORM'D_COQUET;0;0;0;0;0;0;0;NA;0
the return of the native;THE_RETURN_OF_THE_NATIVE;0;0;0;0;1;1;1;the return of the native;1
NA;THE_REVOLUTION_IN_TANNER'S_LANE;0;0;0;0;1;1;1;NA;0
the riddle of the sands;THE_RIDDLE_OF_THE_SANDS;0;0;0;0;0;0;0;the riddle of the sands;1
NA;THE_ROMANCE_OF_A_SHOP;0;0;0;0;1;1;1;NA;0
the romance of the forest;THE_ROMANCE_OF_THE_FOREST;1;1;1;0;1;4;1;the romance of the forest;1
NA;THE_ROMANY_RYE;0;0;0;0;0;0;0;NA;0
NA;THE_ROSARY;0;0;0;0;0;0;0;NA;0
NA;THE_ROSE_AND_THE_RING;0;0;0;0;0;0;0;NA;0
the scottish chiefs;THE_SCOTTISH_CHIEFS;0;0;0;0;1;1;1;the scottish chiefs;1
NA;THE_SEAFARER;0;0;0;0;1;1;1;NA;0
NA;THE_SECOND_JUNGLE_BOOK;0;0;0;0;1;1;1;NA;0
the secret agent: a simple tale;THE_SECRET_AGENT;0;0;0;0;0;0;0;the secret agent: a simple tale;1
the secret garden;THE_SECRET_GARDEN;0;0;0;0;0;0;0;the secret garden;1
NA;THE_SECRET_ROSE;0;0;0;0;0;0;0;NA;0
the secret sharer;THE_SECRET_SHARER;0;0;0;0;0;0;0;the secret sharer;1
NA;THE_SETTLERS_IN_CANADA;0;0;0;0;0;0;0;NA;0
NA;THE_SHADOW_OF_A_CRIME_1885;0;0;0;0;1;1;1;NA;0
NA;THE_SHADOW_OF_ASHLYDYAT;0;0;0;1;1;2;1;NA;0
NA;THE_SIGNAL-MAN;0;0;0;0;0;0;0;NA;0
the silverado squatters;THE_SILVERADO_SQUATTERS;0;0;0;0;0;0;0;the silverado squatters;1
NA;THE_SLEEPER_AWAKES;0;0;0;0;0;0;0;NA;0
NA;THE_SMALL_HOUSE_AT_ALLINGTON;0;0;0;1;1;2;1;NA;0
the sorrows of satan or the strange experience of one geoffrey tempest, millionaire;THE_SORROWS_OF_SATAN;0;0;0;0;1;1;1;the sorrows of satan or the strange experience of one geoffrey tempest, millionaire;1
NA;THE_SPOILS_OF_POYNTON;0;0;0;0;1;1;1;NA;0
NA;THE_STICKIT_MINISTER;0;0;0;0;0;0;0;NA;0
NA;THE_STORY_OF_A_MODERN_WOMAN;0;0;0;0;0;0;0;NA;0
NA;THE_STORY_OF_MY_HEART;0;0;0;0;0;0;0;NA;0
the story of the amulet;THE_STORY_OF_THE_AMULET;0;0;0;0;1;1;1;the story of the amulet;1
the story of the treasure seekers;THE_STORY_OF_THE_TREASURE_SEEKERS;0;0;0;0;1;1;1;the story of the treasure seekers;1
NA;THE_STRING_OF_PEARLS;0;0;0;0;0;0;0;NA;0
NA;THE_TAILOR_OF_GLOUCESTER;0;0;0;0;0;0;0;NA;0
NA;THE_TALE_OF_MR_JEREMY_FISHER;0;0;0;0;0;0;0;NA;0
the tale of peter rabbit;THE_TALE_OF_PETER_RABBIT;0;0;1;0;0;1;1;the tale of peter rabbit;1
the talisman;THE_TALISMAN_(SCOTT_NOVEL);0;0;1;1;1;3;1;the talisman;1
the tenant of wildfell hall;THE_TENANT_OF_WILDFELL_HALL;0;0;0;1;1;2;1;the tenant of wildfell hall;1
NA;THE_TENANTS_OF_MALORY;0;0;0;0;1;1;1;NA;0
the thorn in the flesh;THE_THORN_IN_THE_FLESH;0;0;0;0;0;0;0;the thorn in the flesh;1
NA;THE_THREE_BROTHERS;0;0;0;0;0;0;0;NA;0
NA;THE_THREE_MIDSHIPMEN;0;0;0;0;1;1;1;NA;0
the three perils of man: war, women and witchcraft;THE_THREE_PERILS_OF_MAN;0;0;1;0;0;1;1;the three perils of man: war, women and witchcraft;1
the time machine;THE_TIME_MACHINE;0;0;0;0;1;1;1;the time machine;1
NA;THE_TITHE_PROCTOR;0;0;0;0;0;0;0;NA;0
NA;THE_TOWER_OF_LONDON_(NOVEL);0;0;0;1;1;2;1;NA;0
NA;THE_TRAIL_OF_THE_SERPENT;0;0;0;0;1;1;1;NA;0
the triumph of prudence over passion;THE_TRIUMPH_OF_PRUDENCE_OVER_PASSION;0;0;0;0;0;0;0;the triumph of prudence over passion;1
NA;THE_TRUMPET;0;0;0;0;0;0;0;NA;0
the turn of the screw;THE_TURN_OF_THE_SCREW;0;0;0;0;1;1;1;the turn of the screw;1
the unclassed;THE_UNCLASSED;0;0;0;0;1;1;1;the unclassed;1
the untilled field;THE_UNTILLED_FIELD;0;0;0;0;1;1;1;the untilled field;1
the vampyre;THE_VAMPYRE;0;0;1;0;0;1;1;the vampyre;1
the vicar of wakefield: a tale, supposed to be written by himself;THE_VICAR_OF_WAKEFIELD;1;1;1;0;1;4;1;the vicar of wakefield: a tale, supposed to be written by himself;1
NA;THE_VICAR_OF_WREXHILL;0;0;0;0;0;0;0;NA;0
NA;THE_VILLAGE_IN_THE_JUNGLE;0;0;0;0;0;0;0;NA;0
NA;THE_VIRGINIANS;0;0;0;0;1;1;1;NA;0
the war in the air;THE_WAR_IN_THE_AIR;0;0;0;0;0;0;0;the war in the air;1
the warden;THE_WARDEN;0;0;0;1;1;2;1;the warden;1
the water-babies;THE_WATER-BABIES_A_FAIRY_TALE_FOR_A_LAND_BABY;0;0;0;1;1;2;1;the water-babies;1
the way of all flesh;THE_WAY_OF_ALL_FLESH;0;0;0;0;1;1;1;the way of all flesh;1
the way we live now;THE_WAY_WE_LIVE_NOW;0;0;0;0;1;1;1;the way we live now;1
NA;THE_WELL_AT_THE_WORLD'S_END;0;0;0;0;0;0;0;NA;0
NA;THE_WELL-BELOVED;0;0;0;0;1;1;1;NA;0
NA;THE_WHIRLPOOL;0;0;0;0;1;1;1;NA;0
the white company;THE_WHITE_COMPANY;0;0;0;0;1;1;1;the white company;1
the white peacock;THE_WHITE_PEACOCK;0;0;0;0;0;0;0;the white peacock;1
NA;THE_WHITE_ROOM;0;0;0;0;1;1;1;NA;0
NA;THE_WIDOW_BARNABY;0;0;0;0;0;0;0;NA;0
"the wild irish girl; a national tale";THE_WILD_IRISH_GIRL;0;1;0;0;1;2;1;"the wild irish girl; a national tale";1
the wind in the willows;THE_WIND_IN_THE_WILLOWS;0;0;0;0;0;0;0;the wind in the willows;1
the wings of a dove;THE_WINGS_OF_A_DOVE;0;0;0;0;1;1;1;the wings of a dove;1
the woman in white;THE_WOMAN_IN_WHITE_(NOVEL);0;0;0;1;1;2;1;the woman in white;1
the woodlanders;THE_WOODLANDERS;0;0;0;0;1;1;1;the woodlanders;1
the world set free;THE_WORLD_SET_FREE;0;0;0;0;0;0;0;the world set free;1
the wouldbegoods;THE_WOULDBEGOODS;0;0;0;0;1;1;1;the wouldbegoods;1
NA;THE_WRECKER;0;0;0;0;0;0;0;NA;0
NA;THE_YOUNG_BUGLERS;0;0;0;0;1;1;1;NA;0
NA;THE_YOUNG_DUKE;0;0;0;1;1;2;1;NA;0
NA;THE_YOUNG_FUR_TRADERS;0;0;0;0;0;0;0;NA;0
NA;THREE_WEEKS;0;0;0;0;0;0;0;NA;0
through the looking-glass, and what alice found there;THROUGH_THE_LOOKING-GLASS;0;0;0;1;1;2;1;through the looking-glass, and what alice found there;1
NA;THYRZA;0;0;0;0;1;1;1;NA;0
NA;TIME_AND_THE_GODS;0;0;0;0;1;1;1;NA;0
tom brown's schoolday;TOM_BROWN'S_SCHOOL_DAYS;0;0;0;1;1;2;1;tom brown's schoolday;1
tommy and grizel;TOMMY_AND_GRIZEL;0;0;0;0;1;1;1;tommy and grizel;1
tono-bungay;TONO-BUNGAY;0;0;0;0;0;0;0;tono-bungay;1
treasure island;TREASURE_ISLAND;0;0;0;0;1;1;1;treasure island;1
trilby;TRILBY_(NOVEL);0;0;0;0;0;0;0;trilby;1
NA;TWO_LITTLE_SAVAGES;0;0;0;0;1;1;1;NA;0
NA;TWO_ON_A_TOWER;0;0;0;0;0;0;0;NA;0
typhoon;TYPHOON;0;0;0;0;1;1;1;typhoon;1
uncle silas;UNCLE_SILAS;0;0;0;1;1;2;1;uncle silas;1
under the greenwood tree: a rural painting of the dutch school;UNDER_THE_GREENWOOD_TREE;0;0;0;1;1;2;1;under the greenwood tree: a rural painting of the dutch school;1
under western eyes;UNDER_WESTERN_EYES_(NOVEL);0;0;0;0;0;0;0;under western eyes;1
NA;UNKNOWN_TO_HISTORY;0;0;0;0;0;0;0;NA;0
NA;VALPERGA;0;0;0;0;0;0;0;NA;0
vanity fair;VANITY_FAIR_(NOVEL);0;0;1;0;1;2;1;vanity fair;1
varney the vampire;VARNEY_THE_VAMPIRE;0;0;0;0;0;0;0;varney the vampire;1
vathek;VATHEK;0;0;1;1;0;2;1;vathek;1
"vertue rewarded; or the irish princess";VERTUE_REWARDED;0;0;0;0;0;0;0;"vertue rewarded; or the irish princess";1
villette;VILLETTE_(NOVEL);0;0;0;0;1;1;1;villette;1
vivian grey;VIVIAN_GREY;0;0;0;1;1;2;1;vivian grey;1
NA;VRIL;0;0;0;0;0;0;0;NA;0
NA;WAVERLEY;0;0;0;0;1;1;1;NA;0
NA;WAYFARERS;0;0;0;0;0;0;0;NA;0
the weir of hermiston;WEIR_OF_HERMISTON;0;0;0;0;1;1;1;the weir of hermiston;1
westward ho!;WESTWARD_HO;0;0;0;1;1;2;1;westward ho!;1
NA;WET_MAGIC;0;0;0;0;0;0;0;NA;0
what maisie knew;WHAT_MAISIE_KNEW;0;0;0;0;1;1;1;what maisie knew;1
NA;WILD_ANIMALS_I_HAVE_KNOWN;0;0;0;0;1;1;1;NA;0
NA;WILLING_TO_DIE;0;0;0;0;1;1;1;NA;0
NA;WINTER_EVENING_TALES;0;0;0;0;0;0;0;NA;0
NA;WITH_THE_NIGHT_MAIL;0;0;0;0;0;0;0;NA;0
wives and daughters, an every-day story;WIVES_AND_DAUGHTERS;0;0;0;1;1;2;1;wives and daughters, an every-day story;1
wuthering heights;WUTHERING_HEIGHTS;0;0;0;1;1;2;1;wuthering heights;1
NA;YEAST;0;0;0;0;0;0;0;NA;0
NA;ZASTROZZI;0;0;1;0;0;1;1;NA;0
NA;ZOE;0;0;0;0;0;0;0;NA;0
zuleika dobson, an oxford love story;ZULEIKA_DOBSON;0;0;0;0;0;0;0;zuleika dobson, an oxford love story;1
