title;wikiname;Binz_1790;Binz_1812;Armbruster_1813;Bachmann_1851;Gerold_1859;Last_1901;sum_libraries;binary;best_match_circl;circl
abdallah;ABDALLAH;0;0;1;1;1;0;3;1;abdallah;1
abu telfan;ABU_TELFAN;0;0;0;0;0;1;1;1;abu telfan;1
adams erstes erwachen und erste seelige nächte;ADAMS_ERSTES_ERWACHEN_UND_ERSTE_SEELIGE_NAECHTE;1;0;0;0;0;0;1;1;adams erstes erwachen und erste seelige nächte;1
addrich im moos;ADDRICH_IM_MOOS;0;0;0;1;0;0;1;1;addrich im moos;1
NA;ADELE;0;0;0;0;0;0;0;0;NA;NA
aesthetische feldzüge;AESTHETISCHE_FELDZUEGE;0;0;0;0;0;0;0;0;aesthetische feldzüge;1
agathodämon;AGATHODAEMON;0;1;0;1;0;1;3;1;agathodämon;1
agnes von lilien;AGNES_VON_LILIEN;0;0;0;0;0;0;0;0;agnes von lilien;1
ahnung und gegenwart;AHNUNG_UND_GEGENWART;0;0;0;0;1;0;1;1;ahnung und gegenwart;1
also sprach zarathustra;ALSO_SPRACH_ZARATHUSTRA;0;0;0;0;0;1;1;1;also sprach zarathustra;1
alte nester;ALTE_NESTER;0;0;0;0;0;0;0;0;alte nester;1
altershausen;ALTERSHAUSEN;0;0;0;0;0;0;0;0;altershausen;1
eduard und amanda;AMANDA_UND_EDUARD;0;0;0;0;0;0;0;0;eduard und amanda;1
NA;AMAZONENSCHLACHT;0;0;0;0;0;0;0;0;NA;NA
an heiligen wassern;AN_HEILIGEN_WASSERN;0;0;0;0;0;1;1;1;an heiligen wassern;1
andrea delfin;ANDREA_DELFIN;0;0;0;0;0;1;1;1;andrea delfin;1
androgyne;ANDROGYNE;0;0;0;0;0;0;0;0;androgyne;1
angela borgia;ANGELA_BORGIA;0;0;0;0;0;1;1;1;angela borgia;1
NA;ANNA;0;0;0;0;0;0;0;0;NA;NA
anton reiser;ANTON_REISER;1;0;0;0;0;0;1;1;anton reiser;1
aquis submersus;AQUIS_SUBMERSUS;0;0;0;0;0;1;1;1;aquis submersus;1
NA;ARBEIT;0;0;0;0;0;0;0;0;NA;NA
ardinghello;ARDINGHELLO;0;0;0;0;1;1;2;1;ardinghello;1
ardistan und dschinnistan;ARDISTAN_UND_DSCHINNISTAN;0;0;0;0;0;0;0;0;ardistan und dschinnistan;1
NA;ARIEL'S_OFFENBARUNGEN;0;0;0;0;0;0;0;0;NA;NA
aristipp und einige seiner zeitgenossen;ARISTIPP_UND_EINIGE_SEINER_ZEITGENOSSEN;0;1;0;1;1;1;4;1;aristipp und einige seiner zeitgenossen;1
armut, reichtum, schuld und buße der gräfin dolores;ARMUT,_REICHTUM,_SCHULD_UND_BUSSE_DER_GRAEFIN_DOLORES;0;0;0;0;1;0;1;1;armut, reichtum, schuld und buße der gräfin dolores;1
asiatische banise;ASIATISCHE_BANISE;1;0;0;0;0;0;1;1;asiatische banise;1
aspasia;ASPASIA;0;0;0;0;0;1;1;1;aspasia;1
NA;AUCH_EINER;0;0;0;0;0;0;0;0;NA;NA
auf dem staatshof;AUF_DEM_STAATSHOF;0;0;0;0;0;1;1;1;auf dem staatshof;1
NA;AUF_DER_UNIVERSITAET;0;0;0;0;0;0;0;0;NA;NA
auf der wegwacht;AUF_DER_WEGWACHT;0;0;0;0;0;0;0;0;auf der wegwacht;1
NA;AUF_ZWEI_PLANETEN;0;0;0;0;0;0;0;0;NA;NA
aus dem böhmerwalde;AUS_DEM_BOEHMERWALDE;0;0;0;0;1;0;1;1;aus dem böhmerwalde;1
aus dem leben einer frau;AUS_DEM_LEBEN_EINER_FRAU;0;0;0;0;0;0;0;0;aus dem leben einer frau;1
aus dem leben eines taugenichts;AUS_DEM_LEBEN_EINES_TAUGENICHTS;0;0;0;0;0;1;1;1;aus dem leben eines taugenichts;1
aus den memoiren des herrn schnabelewopski;AUS_DEN_MEMOIREN_DES_HERRN_SCHNABELEWOPSKI;0;0;0;0;0;0;0;0;aus den memoiren des herrn schnabelewopski;1
NA;AUS_DER_CHRONIKA_EINES_FAHRENDEN_SCHUELERS;0;0;0;0;0;0;0;0;NA;NA
NA;AUS_EINER_FAMILIE;0;0;0;0;0;0;0;0;NA;NA
aus guter familie;AUS_GUTER_FAMILIE;0;0;0;0;0;1;1;1;aus guter familie;1
aus meinem leben. dichtung und wahrheit;AUS_MEINEM_LEBEN._DICHTUNG_UND_WAHRHEIT;0;1;0;1;0;0;2;1;NA;NA
NA;AUS_TROTZKOPFS_EHE;0;0;0;0;0;0;0;0;NA;NA
auswahl aus des teufels papieren;AUSWAHL_AUS_DES_TEUFELS_PAPIEREN;0;0;0;1;0;0;1;1;auswahl aus des teufels papieren;1
bahnwärter thiel;BAHNWAERTER_THIEL;0;0;0;0;0;1;1;1;bahnwärter thiel;1
NA;BARBAROSSA;0;0;0;0;0;0;0;0;NA;NA
beatrice;BEATRICE;0;0;0;0;0;1;1;1;beatrice;1
bebuquin oder die dilettanten des wunders;BEBUQUIN;0;0;0;0;0;0;0;0;bebuquin oder die dilettanten des wunders;1
belphegor;BELPHEGOR;1;1;0;0;0;0;2;1;belphegor;1
NA;BILDER_UND_GESCHICHTEN_AUS_SCHWABEN;0;0;0;0;0;0;0;0;NA;NA
NA;BLUMEN;0;0;0;0;0;0;0;0;NA;NA
bozena;BOZENA;0;0;0;0;0;0;0;0;bozena;1
briefe einers narren und einer närrin;BRIEFE_EINES_NARREN_UND_EINER_NAERRIN;0;0;0;1;1;0;2;1;briefe einers narren und einer närrin;1
brigitta;BRIGITTA_(STIFTER);0;0;0;1;1;1;3;1;brigitta;1
die buddenbrooks;BUDDENBROOKS;0;0;0;0;0;0;0;0;die buddenbrooks;1
NA;BULEMANNS_HAUS;0;0;0;0;0;0;0;0;NA;NA
NA;BUNTE_STEINE;0;0;0;0;0;0;0;0;NA;NA
cécile;CÉCILE;1;0;0;0;0;1;2;1;NA;NA
cabanis;CABANIS;0;0;0;1;1;0;2;1;cabanis;1
NA;CARSTEN_CURATOR;0;0;0;0;0;0;0;0;NA;NA
NA;CHRISTA_RUHLAND;0;0;0;0;0;0;0;0;NA;NA
clementine;CLEMENTINE;0;0;0;0;1;0;1;1;NA;NA
daphnis;DAPHNIS;0;1;1;0;1;0;3;1;daphnis;1
das alte haus;DAS_ALTE_HAUS;0;0;0;0;0;1;1;1;NA;NA
das amulett;DAS_AMULETT;0;0;0;0;0;1;1;1;das amulett;1
das blüthenalter der empfindung;DAS_BLUETHENALTER_DER_EMPFINDUNG;0;0;0;0;0;0;0;0;das blüthenalter der empfindung;1
NA;DAS_BUCH_LE_GRAND;0;0;0;0;0;0;0;0;NA;NA
NA;DAS_DUELL;0;0;0;0;0;0;0;0;NA;NA
das erdbeben von chili;DAS_ERDBEBEN_IN_CHILI;0;0;0;1;0;0;1;1;das erdbeben von chili;1
das erdbeermareili;DAS_ERDBEERIMAREILI;0;0;0;0;0;0;0;0;das erdbeermareili;1
NA;DAS_FRAEULEIN_VON_SCUDERI;0;0;0;0;0;0;0;0;NA;NA
das geheimnis der alten mamsell;DAS_GEHEIMNIS_DER_ALTEN_MAMSELL;0;0;0;0;0;1;1;1;NA;NA
NA;DAS_GEHEIMNISS_DES_KOSMOPOLITEN-ORDENS;0;0;0;0;0;0;0;0;NA;NA
das gemeindekind;DAS_GEMEINDEKIND;0;0;0;0;0;1;1;1;das gemeindekind;1
das gespenst;DAS_GESPENST;0;0;1;0;1;0;2;1;NA;NA
NA;DAS_GLUECK;0;0;0;0;0;0;0;0;NA;NA
das goldmacherdorf;DAS_GOLDMACHERDORF;0;0;0;1;1;0;2;1;das goldmacherdorf;1
NA;DAS_HEIMWEH;0;0;0;0;0;0;0;0;NA;NA
hexameron von rosenhain;DAS_HEXAMERON_VON_ROSENHAIN;0;1;0;0;1;0;2;1;hexameron von rosenhain;1
NA;DAS_HOELZERNE_BEIN;0;0;0;0;0;0;0;0;NA;NA
NA;DAS_JUDENGRAB;0;0;0;0;0;0;0;0;NA;NA
das junge europa;DAS_JUNGE_EUROPA;0;0;0;0;0;1;1;1;das junge europa;1
NA;DAS_KAJUETENBUCH;0;0;0;0;0;0;0;0;NA;NA
das kloster von sendomir;DAS_KLOSTER_BEI_SENDOMIR;0;0;0;0;0;0;0;0;das kloster von sendomir;1
NA;DAS_KREUZ_IM_VENN;0;0;0;0;0;0;0;0;NA;NA
das leben der hochgräfin gritta von rattenzuhausbeiuns;DAS_LEBEN_DER_HOCHGRAEFIN_GRITTA_VON_RATTENZUHAUSBEIUNS;0;0;0;0;0;0;0;0;das leben der hochgräfin gritta von rattenzuhausbeiuns;1
das leben und die meinung des herrn magister sebaldus nothanker;DAS_LEBEN_UND_DIE_MEINUNGEN_DES_HERRN_MAGISTER_SEBALDUS_NOTHANKER;1;0;0;0;0;0;1;1;das leben und die meinung des herrn magister sebaldus nothanker;1
die leiden eines knaben;DAS_LEIDEN_EINES_KNABEN;0;0;0;0;0;1;1;1;die leiden eines knaben;1
NA;DAS_MAEDCHEN_VON_TREPPI;0;0;0;0;0;0;0;0;NA;NA
das märchen der 672. nacht;DAS_MAERCHEN_DER_672._NACHT;0;0;0;0;0;0;0;0;das märchen der 672. nacht;1
marmorbild;DAS_MARMORBILD;0;0;0;0;0;0;0;0;marmorbild;1
das naturforscherschiff;DAS_NATURFORSCHERSCHIFF;0;0;0;0;0;1;1;1;das naturforscherschiff;1
das nuß-kernen;DAS_NUSS-KERNEN;0;0;0;0;0;0;0;0;das nuß-kernen;1
odfeld;DAS_ODFELD;0;0;0;0;0;1;1;1;odfeld;1
das recht der mutter;DAS_RECHT_DER_MUTTER;0;0;0;0;0;1;1;1;das recht der mutter;1
das sanctus;DAS_SANCTUS;0;0;0;1;1;0;2;1;das sanctus;1
das schädliche;DAS_SCHAEDLICHE;0;0;0;0;0;1;1;1;das schädliche;1
NA;DAS_SCHATZHAUS_DES_KOENIGS;0;0;0;0;0;0;0;0;NA;NA
NA;DAS_SCHLOSS_DUERANDE;0;0;0;0;0;0;0;0;NA;NA
das schweigen im walde;DAS_SCHWEIGEN_IM_WALDE;0;0;0;0;0;1;1;1;NA;NA
das steinerne herz;DAS_STEINERNE_HERZ;0;0;0;1;1;0;2;1;das steinerne herz;1
das stuttgarter hutzelmännlein;DAS_STUTTGARTER_HUTZELMAENNLEIN;0;0;0;0;0;0;0;0;das stuttgarter hutzelmännlein;1
NA;DAS_URTEIL_(KAFKA);0;0;0;0;0;0;0;0;NA;NA
NA;DAS_VERLASSENE_HAUS;0;0;0;0;0;0;0;0;NA;NA
NA;DAS_VERLORENE_LACHEN;0;0;0;0;0;0;0;0;NA;NA
das vermaechtnis des inka;DAS_VERMAECHTNIS_DES_INKA;0;0;0;0;0;1;1;1;NA;NA
das waldröschen;DAS_WALDROESCHEN;0;0;0;0;0;0;0;0;das waldröschen;1
das weiberdorf;DAS_WEIBERDORF;0;0;0;0;0;1;1;1;das weiberdorf;1
das zauberschloss;DAS_ZAUBERSCHLOSS;0;0;0;1;0;0;1;1;NA;NA
de profundis;DE_PROFUNDIS;0;0;0;0;0;1;1;1;de profundis;1
NA;DEN_STEIN_DER_WEISEN;0;0;0;0;0;0;0;0;NA;NA
der alte vom berge;DER_ALTE_VOM_BERGE;0;0;0;1;1;0;2;1;NA;NA
der amerikamüde;DER_AMERIKAMUEDE;0;0;0;0;1;1;2;1;der amerikamüde;1
der amtmann von hohenweiler;DER_AMTMANN_VON_HOHENWEILER;0;1;0;0;0;0;1;1;der amtmann von hohenweiler;1
NA;DER_APOSTEL_(HAUPTMANN);0;0;0;0;0;0;0;0;NA;NA
der arme spielmann;DER_ARME_SPIELMANN;0;0;0;0;0;0;0;0;der arme spielmann;1
aufruhr in den cevennen;DER_AUFRUHR_IN_DEN_CEVENNEN;0;0;0;0;0;0;0;0;aufruhr in den cevennen;1
der bauernspiegel;DER_BAUERNSPIEGEL;0;0;0;1;0;0;1;1;der bauernspiegel;1
NA;DER_BESUCH;0;0;0;0;0;0;0;0;NA;NA
der blonde eckbert;DER_BLONDE_ECKBERT;0;0;0;1;0;0;1;1;der blonde eckbert;1
der büttnerbauer;DER_BUETTNERBAUER;0;0;0;0;0;1;1;1;der büttnerbauer;1
der condor;DER_CONDOR;0;0;0;1;0;0;1;1;der condor;1
NA;DER_DRAEUMLING;0;0;0;0;0;0;0;0;NA;NA
NA;DER_EINSAME;0;0;0;0;0;0;0;0;NA;NA
der falsche woldemar;DER_FALSCHE_WOLDEMAR;0;0;0;1;1;0;2;1;der falsche woldemar;1
der faust der morgenländer;DER_FAUST_DER_MORGENLAENDER;0;0;0;1;1;0;2;1;der faust der morgenländer;1
der findling;DER_FINDLING;0;1;0;1;0;0;2;1;der findling;1
der freihof von aarau;DER_FREIHOF_VON_AARAU;0;0;0;1;0;0;1;1;der freihof von aarau;1
NA;DER_FROMME_SPRUCH;0;0;0;0;0;0;0;0;NA;NA
NA;DER_GEHUELFE;0;0;0;0;0;0;0;0;NA;NA
der geisterseher;DER_GEISTERSEHER;0;1;1;1;1;0;4;1;der geisterseher;1
der genius. aus den papieren des marquis c* von g*;DER_GENIUS;0;0;0;0;0;0;0;0;der genius. aus den papieren des marquis c* von g*;1
der goldne spiegel;DER_GOLDNE_SPIEGEL;1;1;1;1;1;1;6;1;der goldne spiegel;1
der goldene topf;DER_GOLDNE_TOPF;0;0;0;1;1;1;3;1;der goldene topf;1
der gottsucher;DER_GOTTSUCHER;0;0;0;0;0;1;1;1;NA;NA
der grüne heinrich;DER_GRUENE_HEINRICH;0;0;0;0;1;1;2;1;der grüne heinrich;1
der heilige;DER_HEILIGE;0;0;0;0;0;1;1;1;der heilige;1
der heizer;DER_HEIZER;0;0;0;0;0;0;0;0;der heizer;1
der herr etatsrat;DER_HERR_ETATSRAT;0;0;0;0;0;1;1;1;der herr etatsrat;1
NA;DER_HEXENMEISTER;0;0;0;0;0;0;0;0;NA;NA
NA;DER_HEXENSABBAT;0;0;0;0;0;0;0;0;NA;NA
der hochwald;DER_HOCHWALD;0;0;0;1;1;1;3;1;der hochwald;1
der hungerpastor;DER_HUNGERPASTOR;0;0;0;0;0;1;1;1;der hungerpastor;1
der im irr-garten der liebe herum taumelnde cavalier;DER_IM_IRR-GARTEN_DER_LIEBE_HERUM_TAUMELNDE_CAVALIER;1;0;0;0;0;0;1;1;der im irr-garten der liebe herum taumelnde cavalier;1
der junge tischlermeister;DER_JUNGE_TISCHLERMEISTER;0;0;0;1;1;0;2;1;der junge tischlermeister;1
NA;DER_JUNKER_VON_DENOW;0;0;0;0;0;0;0;0;NA;NA
NA;DER_KLEINE_HAEWELMANN;0;0;0;0;0;0;0;0;NA;NA
der könig der bernina;DER_KOENIG_DER_BERNINA;0;0;0;0;0;1;1;1;der könig der bernina;1
der landprediger;DER_LANDPREDIGER;0;0;0;0;0;0;0;0;der landprediger;1
der landvogt von greifensee;DER_LANDVOGT_VON_GREIFENSEE;0;0;0;0;0;1;1;1;der landvogt von greifensee;1
NA;DER_MAGNETISEUR_(E._T._A._HOFFMANN);0;0;0;0;0;0;0;0;NA;NA
NA;DER_MAJOR;0;0;0;0;0;0;0;0;NA;NA
der nachsommer;DER_NACHSOMMER;0;0;0;0;1;1;2;1;der nachsommer;1
NA;DER_POJAZ;0;0;0;0;0;0;0;0;NA;NA
NA;DER_POSTEN_DER_FRAU;0;0;0;0;0;0;0;0;NA;NA
der prinz von theben;DER_PRINZ_VON_THEBEN;0;0;0;0;0;0;0;0;der prinz von theben;1
NA;DER_PSYCHOLOGE;0;0;0;0;0;0;0;0;NA;NA
der rabbi von bacharach;DER_RABBI_VON_BACHERACH;0;0;0;0;0;0;0;0;der rabbi von bacharach;1
der rangierbahnhof;DER_RANGIERBAHNHOF;0;0;0;0;0;1;1;1;der rangierbahnhof;1
NA;DER_RAUBGRAF;0;0;0;0;0;0;0;0;NA;NA
NA;DER_REBELL;0;0;0;0;0;0;0;0;NA;NA
der redliche mann am hofe;DER_REDLICHE_MANN_AM_HOFE;0;0;0;0;0;0;0;0;der redliche mann am hofe;1
der roland von berlin;DER_ROLAND_VON_BERLIN;0;0;0;1;1;0;2;1;der roland von berlin;1
runenberg;DER_RUNENBERG;0;0;0;1;0;0;1;1;runenberg;1
die sadduzäer von amsterdam;DER_SADDUZAEER_VON_AMSTERDAM;0;0;0;0;0;0;0;0;die sadduzäer von amsterdam;1
der sandmann;DER_SANDMANN_(HOFFMANN);0;0;0;1;1;0;2;1;der sandmann;1
der satyr mopus;DER_SATYR_MOPSUS;0;0;0;0;0;0;0;0;der satyr mopus;1
NA;DER_SCHATZ;0;0;0;0;0;0;0;0;NA;NA
der schatz im silbersee;DER_SCHATZ_IM_SILBERSEE;0;0;0;0;0;1;1;1;NA;NA
der schimmelreiter;DER_SCHIMMELREITER;0;0;0;0;0;1;1;1;der schimmelreiter;1
der schmied seine glücks;DER_SCHMIED_SEINES_GLUECKS;0;0;0;0;1;1;2;1;der schmied seine glücks;1
der schüdderump;DER_SCHUEDDERUMP;0;0;0;0;0;1;1;1;der schüdderump;1
der schuss von der kanzel;DER_SCHUSS_VON_DER_KANZEL;0;0;0;0;0;1;1;1;der schuss von der kanzel;1
der schweizerische robinson oder der schiffbrüchige schweizer prediger und seine familie;DER_SCHWEIZER_ROBINSON_ODER_DER_SCHWEIZER-PREDIGER_UND_SEINE_FAMILIE;0;0;0;0;0;0;0;0;der schweizerische robinson oder der schiffbrüchige schweizer prediger und seine familie;1
der selbstmoerder;DER_SELBSTMOERDER;0;0;0;1;0;0;1;1;NA;NA
der sonnenwirt;DER_SONNENWIRT;0;0;0;0;1;0;1;1;der sonnenwirt;1
stechlin;DER_STECHLIN_(ROMAN);0;0;0;0;0;1;1;1;stechlin;1
der sternsteinhof;DER_STERNSTEINHOF;0;0;0;0;0;1;1;1;der sternsteinhof;1
der tod abels;DER_TOD_ABELS;1;1;1;0;1;0;4;1;der tod abels;1
der tod georgs;DER_TOD_GEORGS;0;0;0;0;0;1;1;1;der tod georgs;1
NA;DER_TOLLE_INVALIDE_AUF_DEM_FORT_RATONNEAU;0;0;0;0;0;0;0;0;NA;NA
NA;DER_TORSO;0;0;0;0;0;0;0;0;NA;NA
NA;DER_TROTZKOPF;0;0;0;0;0;0;0;0;NA;NA
der übergang;DER_UEBERGANG;0;0;0;0;0;0;0;0;der übergang;1
der untertan;DER_UNTERTAN;0;0;0;0;0;0;0;0;der untertan;1
der verbrecher aus verlorener ehre;DER_VERBRECHER_AUS_VERLORENER_EHRE;0;0;1;0;0;0;1;1;der verbrecher aus verlorener ehre;1
der waldbruder. ein pendant zu werthers leiden;DER_WALDBRUDER;0;0;0;0;0;0;0;0;der waldbruder. ein pendant zu werthers leiden;1
der waldbrunnen;DER_WALDBRUNNEN;0;0;0;0;0;0;0;0;der waldbrunnen;1
NA;DER_WASSERMENSCH;0;0;0;0;0;0;0;0;NA;NA
NA;DER_WEG_INS_FREIE;0;0;0;0;0;0;0;0;NA;NA
NA;DER_WEHRWOLF;0;0;0;0;0;0;0;0;NA;NA
der wintergarten;DER_WINTERGARTEN;0;0;0;0;0;0;0;0;der wintergarten;1
der zauberring;DER_ZAUBERRING;0;0;0;0;1;0;1;1;der zauberring;1
der zweikampf;DER_ZWEIKAMPF;1;0;0;1;0;1;3;1;der zweikampf;1
des deutschen spießers wunderhorn;DES_DEUTSCHEN_SPIESSERS_WUNDERHORN;0;0;0;0;0;0;0;0;des deutschen spießers wunderhorn;1
NA;DES_LEBENS_UEBERFLUSS;0;0;0;0;0;0;0;0;NA;NA
NA;DES_REICHES_KRONE;0;0;0;0;0;0;0;0;NA;NA
des vetters eckfenster;DES_VETTERS_ECKFENSTER;0;0;0;1;0;0;1;1;des vetters eckfenster;1
deutsche pioniere;DEUTSCHE_PIONIERE;0;0;0;0;0;1;1;1;NA;NA
NA;DEUTSCHER_ADEL_(WILHELM_RAABE);0;0;0;0;0;0;0;0;NA;NA
dichter und ihre gesellen;DICHTER_UND_IHRE_GESELLEN;0;0;0;0;1;0;1;1;dichter und ihre gesellen;1
NA;DICHTERLEBEN;0;0;0;0;0;0;0;0;NA;NA
die abderiten;DIE_ABDERITEN;0;1;0;0;0;0;1;1;NA;NA
die abenteuer der sylvesternacht;DIE_ABENTEUER_DER_SYLVESTERNACHT;0;0;0;1;1;1;3;1;die abenteuer der sylvesternacht;1
die abentheuer des don sylvio von rosalva;DIE_ABENTHEUER_DES_DON_SYLVIO_VON_ROSALVA;1;1;1;1;1;1;6;1;die abentheuer des don sylvio von rosalva;1
die ahnen;DIE_AHNEN;0;0;0;0;0;1;1;1;die ahnen;1
akten des vogelsangs;DIE_AKTEN_DES_VOGELSANGS;0;0;0;0;0;1;1;1;akten des vogelsangs;1
die anarchisten;DIE_ANARCHISTEN;0;0;0;0;0;0;0;0;die anarchisten;1
die baronin;DIE_BARONIN;0;0;0;0;1;0;1;1;NA;NA
die beichte;DIE_BEICHTE;0;0;0;0;1;0;1;1;NA;NA
NA;DIE_BRAUTNACHT;0;0;0;0;0;0;0;0;NA;NA
NA;DIE_CHINESISCHE_MAUER;0;0;0;0;0;0;0;0;NA;NA
chronik der sperlingsgasse;DIE_CHRONIK_DER_SPERLINGSGASSE;0;0;0;0;1;1;2;1;chronik der sperlingsgasse;1
NA;DIE_DREI_GERECHTEN_KAMMMACHER;0;0;0;0;0;0;0;0;NA;NA
NA;DIE_DREI_NUESSE;0;0;0;0;0;0;0;0;NA;NA
die elfen;DIE_ELFEN_(LUDWIG_TIECK);0;0;0;1;0;0;1;1;die elfen;1
die elixiere des teufels;DIE_ELIXIERE_DES_TEUFELS;0;0;0;1;1;1;3;1;die elixiere des teufels;1
NA;DIE_ENTFUEHRUNG;0;0;0;0;0;0;0;0;NA;NA
die epigonen;DIE_EPIGONEN;0;0;0;0;1;0;1;1;die epigonen;1
ermordung einer butterblume;DIE_ERMORDUNG_EINER_BUTTERBLUME;0;0;0;0;0;0;0;0;ermordung einer butterblume;1
die europamüden;DIE_EUROPAMUEDEN;0;0;0;0;0;0;0;0;die europamüden;1
die familie;DIE_FAMILIE;0;0;0;0;1;0;1;1;NA;NA
die familie seldorf;DIE_FAMILIE_SELDORF;0;0;0;0;0;0;0;0;die familie seldorf;1
die familie worel;DIE_FAMILIE_WOREL;0;0;0;0;0;0;0;0;die familie worel;1
NA;DIE_FERMATE;0;0;0;0;0;0;0;0;NA;NA
die flusspiraten des mississippi;DIE_FLUSSPIRATEN_DES_MISSISSIPPI;0;0;0;0;1;1;2;1;NA;NA
die frau professorin;DIE_FRAU_PROFESSORIN;0;0;0;1;1;1;3;1;die frau professorin;1
die freiherren von gemperlein;DIE_FREIHERREN_VON_GEMPERLEIN;0;0;0;0;0;1;1;1;die freiherren von gemperlein;1
NA;DIE_FREUNDE_(LUDWIG_TIECK);0;0;0;0;0;0;0;0;NA;NA
die geier-wally (roman);DIE_GEIER-WALLY_(ROMAN);0;0;0;0;0;1;1;1;NA;NA
die geigerin;DIE_GEIGERIN;0;0;0;0;0;1;1;1;die geigerin;1
die geschichte der anna waser. ein roman aus der wende des 17. jahrhunderts;DIE_GESCHICHTE_DER_ANNA_WASER;0;0;0;0;0;0;0;0;die geschichte der anna waser. ein roman aus der wende des 17. jahrhunderts;1
die glückliche reise;DIE_GLUECKLICHE_REISE;0;0;0;0;0;0;0;0;die glückliche reise;1
die glücksritter;DIE_GLUECKSRITTER;0;0;0;0;0;0;0;0;die glücksritter;1
NA;DIE_GOETTINNEN_ODER_DIE_DREI_ROMANE_DER_HERZOGIN_VON_ASSY;0;0;0;0;0;0;0;0;NA;NA
NA;DIE_GOLDENE_SCHMIEDE;0;0;0;0;0;0;0;0;NA;NA
die günderrode;DIE_GUENDERODE;0;0;0;0;0;0;0;0;die günderrode;1
die gute schule;DIE_GUTE_SCHULE;0;0;0;0;0;1;1;1;die gute schule;1
hanna;DIE_HANNA;0;0;0;0;0;1;1;1;hanna;1
die heilige cäcilie oder die gewalt der musik;DIE_HEILIGE_CAECILIE_ODER_DIE_GEWALT_DER_MUSIK;0;0;0;1;0;0;1;1;die heilige cäcilie oder die gewalt der musik;1
die hochzeit des mã¶nchs;DIE_HOCHZEIT_DES_MOENCHS;0;0;0;0;0;1;1;1;die hochzeit des mã¶nchs;1
die hosen des herrn von bredow;DIE_HOSEN_DES_HERRN_VON_BREDOW;0;0;0;1;0;1;2;1;die hosen des herrn von bredow;1
NA;DIE_INNERSTE;0;0;0;0;0;0;0;0;NA;NA
NA;DIE_INSEL_FELSENBURG;0;0;0;0;0;0;0;0;NA;NA
die juden von barnow;DIE_JUDEN_VON_BARNOW;0;0;0;0;0;1;1;1;NA;NA
die judenbuch;DIE_JUDENBUCHE;0;0;0;0;0;0;0;0;die judenbuch;1
die käserei in der vehfreude;DIE_KAESEREI_IN_DER_VEHFREUDE;0;0;0;1;1;0;2;1;die käserei in der vehfreude;1
die kinder von finkenrode;DIE_KINDER_VON_FINKENRODE;0;0;0;0;0;1;1;1;NA;NA
die kleine stadt;DIE_KLEINE_STADT;0;0;0;0;0;0;0;0;die kleine stadt;1
die klugen jungfrauen;DIE_KLUGEN_JUNGFRAUEN;0;0;0;0;0;1;1;1;die klugen jungfrauen;1
NA;DIE_KOENIGSBRAUT;0;0;0;0;0;0;0;0;NA;NA
die kronenwächter;DIE_KRONENWAECHTER;0;0;0;0;0;0;0;0;die kronenwächter;1
die lehrlinge zu sais;DIE_LEHRLINGE_ZU_SAIS;0;0;0;0;0;0;0;0;die lehrlinge zu sais;1
die leiden des jungen werther;DIE_LEIDEN_DES_JUNGEN_WERTHERS;1;1;1;1;0;1;5;1;die leiden des jungen werther;1
die letzte reckenburgerin;DIE_LETZTE_RECKENBURGERIN;0;0;0;0;0;1;1;1;NA;NA
NA;DIE_LEUTE_AUS_DEM_WALDE;0;0;0;0;0;0;0;0;NA;NA
die leute vom blauen gucuckhaus;DIE_LEUTE_VOM_BLAUEN_GUGUCKHAUS;0;0;0;0;0;0;0;0;die leute vom blauen gucuckhaus;1
die leute von seldwyla;DIE_LEUTE_VON_SELDWYLA;0;0;0;0;1;1;2;1;die leute von seldwyla;1
NA;DIE_LIEBENSWUERDIGE_ADALIE;0;0;0;0;0;0;0;0;NA;NA
die mädchenfeinde;DIE_MAEDCHENFEINDE;0;0;0;0;0;0;0;0;die mädchenfeinde;1
majoratsherren;DIE_MAJORATSHERREN;0;0;0;0;0;0;0;0;majoratsherren;1
die mandanen-waise;DIE_MANDANEN-WAISE;0;0;0;0;0;0;0;0;die mandanen-waise;1
die marzipanlise;DIE_MARZIPANLIESE;0;0;0;0;0;0;0;0;die marzipanlise;1
NA;DIE_MEHREREN_WEHMUELLER;0;0;0;0;0;0;0;0;NA;NA
die molkenkur;DIE_MOLKENKUR;0;0;0;0;0;0;0;0;die molkenkur;1
NA;DIE_NACHBARN;0;0;0;0;0;0;0;0;NA;NA
die nächte tino von bagdads;DIE_NAECHTE_TINO_VON_BAGDADS;0;0;0;0;0;0;0;0;die nächte tino von bagdads;1
die narrenburg;DIE_NARRENBURG;0;0;0;1;0;0;1;1;die narrenburg;1
die nihilisten;DIE_NIHILISTEN;0;0;0;0;0;1;1;1;NA;NA
NA;DIE_PFRUENDER;0;0;0;0;0;0;0;0;NA;NA
die poppenpuhls;DIE_POGGENPUHLS;0;0;0;0;0;1;1;1;die poppenpuhls;1
die richterin;DIE_RICHTERIN_(NOVELLE);0;0;0;0;0;1;1;1;die richterin;1
die ritter vom geiste;DIE_RITTER_VOM_GEISTE;0;0;0;1;1;1;3;1;die ritter vom geiste;1
die rose von disentis;DIE_ROSE_VON_DISENTIS;0;0;0;1;0;0;1;1;die rose von disentis;1
die schriften des waldschulmeister;DIE_SCHRIFTEN_DES_WALDSCHULMEISTERS;0;0;0;0;0;1;1;1;die schriften des waldschulmeister;1
die schwarze galeere;DIE_SCHWARZE_GALEERE;0;0;0;0;0;0;0;0;die schwarze galeere;1
die schwarze spinne;DIE_SCHWARZE_SPINNE_(NOVELLE);0;0;0;1;0;0;1;1;die schwarze spinne;1
die serapions-brüder;DIE_SERAPIONSBRUEDER;0;0;0;1;1;0;2;1;die serapions-brüder;1
NA;DIE_SOEHNE_DES_SENATORS;0;0;0;0;0;0;0;0;NA;NA
der steinklopfer;DIE_STEINKLOPFER;0;0;0;0;0;1;1;1;der steinklopfer;1
NA;DIE_TOTEN_SCHWEIGEN;0;0;0;0;0;0;0;0;NA;NA
die verlobung in st. domingo;DIE_VERLOBUNG_IN_ST._DOMINGO;0;0;0;1;0;0;1;1;die verlobung in st. domingo;1
die verlorene handschrift;DIE_VERLORENE_HANDSCHRIFT;0;0;0;0;0;1;1;1;die verlorene handschrift;1
die versuchung des pescara;DIE_VERSUCHUNG_DES_PESCARA;0;0;0;0;0;1;1;1;die versuchung des pescara;1
die verwandlung;DIE_VERWANDLUNG;0;0;0;0;0;0;0;0;die verwandlung;1
verwirrungen des zoeglings toerless;DIE_VERWIRRUNGEN_DES_ZOEGLINGS_TOERLESS;0;0;0;0;0;0;0;0;verwirrungen des zoeglings toerless;1
die waffen nieder!;DIE_WAFFEN_NIEDER;0;0;0;0;0;1;1;1;die waffen nieder!;1
die wahlverwandtschaften;DIE_WAHLVERWANDTSCHAFTEN;0;1;1;1;1;1;5;1;die wahlverwandtschaften;1
NA;DIE_WASSERNOT_IM_EMMENTAL;0;0;0;0;0;0;0;0;NA;NA
die weise von liebe und tod des cornets christoph rilke;DIE_WEISE_VON_LIEBE_UND_TOD_DES_CORNETS_CHRISTOPH_RILKE;0;0;0;0;0;0;0;0;die weise von liebe und tod des cornets christoph rilke;1
NA;DIE_WIEDERTAEUFER;0;0;0;0;0;0;0;0;NA;NA
NA;DIE_WISKOTTENS;0;0;0;0;0;0;0;0;NA;NA
NA;DIE_ZAUBEREI_IM_HERBSTE;0;0;0;0;0;0;0;0;NA;NA
die zweite frau;DIE_ZWEITE_FRAU;0;0;0;0;0;1;1;1;NA;NA
NA;DIE_ZWOELF_APOSTEL;0;0;0;0;0;0;0;0;NA;NA
dies buch gehã¶rt dem kã¶nig;DIES_BUCH_GEHOERT_DEM_KOENIG;0;0;0;0;1;0;1;1;dies buch gehã¶rt dem kã¶nig;1
don juan von kolomea;DON_JUAN_VON_KOLOMEA;0;0;0;0;0;0;0;0;don juan von kolomea;1
NA;DORFGAENGE;0;0;0;0;0;0;0;0;NA;NA
draußen im heidedorf;DRAUSSEN_IM_HEIDEDORF;0;0;0;0;0;1;1;1;draußen im heidedorf;1
drei federn;DREI_FEDERN;0;0;0;0;0;1;1;1;NA;NA
dschinnistan;DSCHINNISTAN;1;1;0;0;0;0;2;1;dschinnistan;1
aus eduard allwills papieren;EDUARD_ALLWILLS_PAPIEREN;1;1;0;0;0;0;2;1;aus eduard allwills papieren;1
NA;EEKENHOF;0;0;0;0;0;0;0;0;NA;NA
effi briest;EFFI_BRIEST;0;0;0;0;0;0;0;0;effi briest;1
NA;EIGENSINN_UND_LAUNE;0;0;0;0;0;0;0;0;NA;NA
NA;EIN_ABSCHIED;0;0;0;0;0;0;0;0;NA;NA
NA;EIN_BEKENNTNIS;0;0;0;0;0;0;0;0;NA;NA
ein brief;EIN_BRIEF_(HOFMANNSTHAL);0;0;0;0;0;0;0;0;ein brief;1
ein doppelgänger;EIN_DOPPELGAENGER;0;0;0;0;0;1;1;1;ein doppelgänger;1
ein fest auf haderslevhuus;EIN_FEST_AUF_HADERSLEVHUUS;0;0;0;0;0;1;1;1;ein fest auf haderslevhuus;1
NA;EIN_GRUENES_BLATT;0;0;0;0;0;0;0;0;NA;NA
ein kampf um rom;EIN_KAMPF_UM_ROM;0;0;0;0;0;1;1;1;ein kampf um rom;1
ein kampf ums recht;EIN_KAMPF_UMS_RECHT;0;0;0;0;0;1;1;1;ein kampf ums recht;1
NA;EIN_WORT;0;0;0;0;0;0;0;0;NA;NA
eine ägyptische königstocher;EINE_AEGYPTISCHE_KOENIGSTOCHTER;0;0;0;0;0;0;0;0;eine ägyptische königstocher;1
eine ausschweifung;EINE_AUSSCHWEIFUNG;0;0;0;0;0;1;1;1;eine ausschweifung;1
reich und arm. eine geschichte aus dem bregenzerwalde;EINE_GESCHICHTE_AUS_DEM_BREGENZERWALDE;0;0;0;0;0;0;0;0;reich und arm. eine geschichte aus dem bregenzerwalde;1
NA;EINE_MALERARBEIT;0;0;0;0;0;0;0;0;NA;NA
NA;EINE_STUNDE_HINTER_MITTERNACHT;0;0;0;0;0;0;0;0;NA;NA
ekkehard;EKKEHARD;0;0;0;0;1;1;2;1;ekkehard;1
eleagabal kuperus;ELEAGABAL_KUPERUS;0;0;0;0;0;0;0;0;eleagabal kuperus;1
elisa oder das weib wie es seyn sollte;ELISA_ODER_DAS_WEIB_WIE_ES_SEYN_SOLLTE;0;1;1;1;0;0;3;1;elisa oder das weib wie es seyn sollte;1
ellen von der weiden;ELLEN_VON_DER_WEIDEN;0;0;0;0;0;1;1;1;ellen von der weiden;1
ellernkipp;ELLERNKLIPP;0;0;0;0;0;1;1;1;ellernkipp;1
else von der tanne;ELSE_VON_DER_TANNE;0;0;0;0;0;0;0;0;else von der tanne;1
elsi, die seltsame magd;ELSI,_DIE_SELTSAME_MAGD;0;0;0;0;0;0;0;0;elsi, die seltsame magd;1
NA;ERINNERUNGEN_VON_LUDOLF_URSLEU;0;0;0;0;0;0;0;0;NA;NA
NA;ESCH_ODER_DIE_ANARCHIE;0;0;0;0;0;0;0;0;NA;NA
NA;EVREMONT;0;0;0;0;0;0;0;0;NA;NA
fausts leben, thaten und hã¶llenfahrt;FAUSTS_LEBEN,_THATEN_UND_HOELLENFAHRT;0;0;0;1;1;0;2;1;fausts leben, thaten und hã¶llenfahrt;1
NA;FELICITAS;0;0;0;0;0;0;0;0;NA;NA
flegeljahre;FLEGELJAHRE;0;0;0;1;1;1;3;1;flegeljahre;1
florentin;FLORENTIN;0;0;0;0;0;0;0;0;florentin;1
florentinische nächte;FLORENTINISCHE_NAECHTE;0;0;0;0;0;0;0;0;florentinische nächte;1
fragment eines romans;FRAGMENT_EINES_ROMANS;0;0;0;0;0;0;0;0;fragment eines romans;1
franz sternbalds wanderungen;FRANZ_STERNBALDS_WANDERUNGEN;0;0;0;1;1;0;2;1;franz sternbalds wanderungen;1
NA;FRAU_BEATE_UND_IHR_SOHN;0;0;0;0;0;0;0;0;NA;NA
frau bertha garlan;FRAU_BERTHA_GARLAN;0;0;0;0;0;1;1;1;NA;NA
frau jenny treibel;FRAU_JENNY_TREIBEL;0;0;0;0;0;1;1;1;frau jenny treibel;1
NA;FRAU_SORGE;0;0;0;0;0;0;0;0;NA;NA
NA;FRAU_VON_SAVERNE;0;0;0;0;0;0;0;0;NA;NA
freigeboren;FREIGEBOREN;0;0;0;0;0;1;1;1;freigeboren;1
freiheit, die ich meine;FREIHEIT_DIE_ICH_MEINE;0;0;0;0;0;0;0;0;freiheit, die ich meine;1
freuden des jungen werthers;FREUDEN_DES_JUNGEN_WERTHERS;0;0;0;0;0;1;1;1;NA;NA
NA;FRIDOLIN_UND_SEIN_GLUECK;0;0;0;0;0;0;0;0;NA;NA
NA;FRUEHLING;0;0;0;0;0;0;0;0;NA;NA
gabriele;GABRIELE;0;0;0;1;1;0;2;1;gabriele;1
geheime geschichte des philosophen peregrinus proteus;GEHEIME_GESCHICHTE_DES_PHILOSOPHEN_PEREGRINUS_PROTEUS;0;1;0;1;0;1;3;1;geheime geschichte des philosophen peregrinus proteus;1
geld und geist;GELD_UND_GEIST;0;0;0;1;0;1;2;1;geld und geist;1
agathon;GESCHICHTE_DES_AGATHON;1;1;1;1;0;1;5;1;agathon;1
geschichte des fräulein von sterneim;GESCHICHTE_DES_FRAEULEINS_VON_STERNHEIM;1;1;0;0;0;0;2;1;geschichte des fräulein von sterneim;1
geschichte eines deutschen der neusten zeit;GESCHICHTE_EINES_DEUTSCHEN_DER_NEUSTEN_ZEIT;0;0;0;0;0;1;1;1;NA;NA
geschichten eines wienerkindes;GESCHICHTE_EINES_WIENERKINDES;0;0;0;0;0;0;0;0;geschichten eines wienerkindes;1
geschichte vom braven kasperl und dem schã¶nen annerl;GESCHICHTE_VOM_BRAVEN_KASPERL_UND_DEM_SCHOENEN_ANNERL;0;0;0;0;1;0;1;1;geschichte vom braven kasperl und dem schã¶nen annerl;1
eine geschichte vom galgenmännlein;GESCHICHTE_VOM_GALGENMAENNLEIN;0;0;0;0;0;0;0;0;eine geschichte vom galgenmännlein;1
geschichten aus den tiroler bergen;GESCHICHTEN_AUS_DEN_TIROLER_BERGEN;0;0;0;0;0;1;1;1;NA;NA
NA;GESCHWISTER_TANNER;0;0;0;0;0;0;0;0;NA;NA
NA;GESPRAECHE_MIT_DAEMONEN;0;0;0;0;0;0;0;0;NA;NA
NA;GIB_MICH_FREI;0;0;0;0;0;0;0;0;NA;NA
gockel, hinkel und gackeleia;GOCKEL,_HINKEL_UND_GACKELEIA;0;0;0;0;0;0;0;0;gockel, hinkel und gackeleia;1
godwi;GODWI;0;0;0;0;0;0;0;0;godwi;1
goldelse;GOLDELSE_(MARLITT);0;0;0;0;0;1;1;1;goldelse;1
grandison der zweyte;GRANDISON_DER_ZWEYTE;1;1;1;0;1;0;4;1;grandison der zweyte;1
grete minde;GRETE_MINDE;0;0;0;0;0;1;1;1;grete minde;1
grillparzers liebesroman;GRILLPARZERS_LIEBESROMAN;0;0;0;0;0;0;0;0;grillparzers liebesroman;1
groenlaendische prozesse;GROENLAENDISCHE_PROZESSE;0;0;0;1;0;0;1;1;NA;NA
großmüthiger feldherr arminius;GROSZMUETHIGER_FELDHERR_ARMINIUS;1;0;0;0;0;0;1;1;großmüthiger feldherr arminius;1
gutmanns reisen;GUTMANNS_REISEN;0;0;0;0;0;1;1;1;NA;NA
halbtier!;HALBTIER;0;0;0;0;0;1;1;1;halbtier!;1
hammer und amboß;HAMMER_UND_AMBOSS;0;0;0;0;0;1;1;1;hammer und amboß;1
hans und heinz kirch;HANS_UND_HEINZ_KIRCH;0;0;0;0;0;1;1;1;hans und heinz kirch;1
hastenbeck;HASTENBECK;0;0;0;0;0;1;1;1;hastenbeck;1
NA;HEIDI_(ROMAN);0;0;0;0;0;0;0;0;NA;NA
heinrich stillings jugend;HEINRICH_JUNG_STILLINGS_JUGEND;0;1;0;0;1;0;2;1;heinrich stillings jugend;1
heinrich von ofterdingen;HEINRICH_VON_OFTERDINGEN;0;0;0;0;0;0;0;0;heinrich von ofterdingen;1
NA;HEITERETEI;0;0;0;0;0;0;0;0;NA;NA
hermann von unna;HERMANN_VON_UNNA;0;1;0;0;0;0;1;1;hermann von unna;1
herr lorenz stark;HERR_LORENZ_STARK;0;0;0;0;0;1;1;1;NA;NA
hermann und ulrike;HERRMANN_UND_ULRIKE;1;1;0;0;0;0;2;1;hermann und ulrike;1
herrn dames aufzeichnungen aus einem merkwürdigen stadtteil;HERRN_DAMES_AUFZEICHNUNGEN;0;0;0;0;0;0;0;0;herrn dames aufzeichnungen aus einem merkwürdigen stadtteil;1
hesperus;HESPERUS_ODER_45_HUNDPOSTTAGE;0;0;0;1;1;0;2;1;hesperus;1
höxter und corvey;HOEXTER_UND_CORVEY;0;0;0;0;0;0;0;0;höxter und corvey;1
NA;HOLLAENDISCHE_LIEBHABEREIEN;0;0;0;0;0;0;0;0;NA;NA
hollin's liebeleben;HOLLINS_LIEBELEBEN;0;0;0;0;0;0;0;0;hollin's liebeleben;1
NA;HOMO_SUM;0;0;0;0;0;0;0;0;NA;NA
humoristische skizzen aus dem deutschen handelsleben;HUMORISTISCHEN_SKIZZEN_AUS_DEM_DEUTSCHEN_HANDELSLEBEN;0;0;0;0;0;0;0;0;humoristische skizzen aus dem deutschen handelsleben;1
hyperion;HYPERION_(HOELDERLIN);0;0;0;0;0;0;0;0;hyperion;1
im alten eisen;IM_ALTEN_EISEN;0;0;0;0;0;1;1;1;NA;NA
im hause des kommerzienrates;IM_HAUSE_DES_KOMMERZIENRATES;0;0;0;0;0;1;1;1;im hause des kommerzienrates;1
im nachbarhause links;IM_NACHBARHAUSE_LINKS;0;0;0;0;0;1;1;1;im nachbarhause links;1
im reiche der homunkuliden;IM_REICHE_DER_HOMUNKULIDEN;0;0;0;0;0;0;0;0;im reiche der homunkuliden;1
im schlaraffenland;IM_SCHLARAFFENLAND;0;0;0;0;0;1;1;1;NA;NA
NA;IM_SIESGESKRANZE;0;0;0;0;0;0;0;0;NA;NA
immensee;IMMENSEE;0;0;0;0;0;1;1;1;immensee;1
NA;IN_ST._JUERGEN;0;0;0;0;0;0;0;0;NA;NA
innocens;INNOCENS;0;0;0;0;0;1;1;1;innocens;1
irrungen, wirrungen;IRRUNGEN_WIRRUNGEN;0;0;0;0;0;1;1;1;irrungen, wirrungen;1
isabella von ã„gypten;ISABELLA_VON_AEGYPTEN;0;0;0;0;0;0;0;0;isabella von ã„gypten;1
isegrimm;ISEGRIMM;0;0;0;0;1;0;1;1;isegrimm;1
jakob der letzte;JAKOB_DER_LETZTE;0;0;0;0;0;1;1;1;jakob der letzte;1
NA;JAKOB_VON_GUNTEN;0;0;0;0;0;0;0;0;NA;NA
jakobs des handwerksgesellen wanderungen durch die schweiz;JAKOBS_DES_HANDWERKSGESELLEN_WANDERUNGEN_DURCH_DIE_SCHWEIZ;0;0;0;1;1;0;2;1;jakobs des handwerksgesellen wanderungen durch die schweiz;1
jenny;JENNY;0;0;0;1;1;0;2;1;jenny;1
judith, die kluswirtin;JUDITH,_DIE_KLUSWIRTIN;0;0;0;0;0;1;1;1;NA;NA
jürg jenatsch;JUERG_JENATSCH;0;0;0;0;0;1;1;1;jürg jenatsch;1
julchen grünthal;JULCHEN_GRUENTHAL;0;0;0;0;0;0;0;0;julchen grünthal;1
jungfer mutter;JUNGFER_MUTTER;0;0;0;0;0;0;0;0;jungfer mutter;1
NA;KINDER_DER_EIFEL;0;0;0;0;0;0;0;0;NA;NA
NA;KINDER_DER_WELT;0;0;0;0;0;0;0;0;NA;NA
kleider machen leute;KLEIDER_MACHEN_LEUTE;0;0;0;0;1;1;2;1;kleider machen leute;1
klein zaches genannt zinnober;KLEIN_ZACHES_GENANNT;0;0;0;1;1;1;3;1;klein zaches genannt zinnober;1
krambambuli;KRAMBAMBULI_(ERZAEHLUNG);0;0;0;0;0;1;1;1;krambambuli;1
kreisleriana;KREISLERIANA;0;0;0;1;1;1;3;1;kreisleriana;1
NA;KRIMINAL-HUMORESKEN;0;0;0;0;0;0;0;0;NA;NA
NA;KUSS_VON_SENTZE;0;0;0;0;0;0;0;0;NA;NA
l'adultera;L'ADULTERA;0;0;0;0;0;1;1;1;l'adultera;1
l'arrabiata;L'ARRABIATA;0;0;0;0;0;1;1;1;l'arrabiata;1
leben der schwedischen gräfin von g;LEBEN_DER_SCHWEDISCHEN_GRAEFIN_VON_G;1;1;1;0;1;0;4;1;leben der schwedischen gräfin von g;1
leben des quintus fixlein;LEBEN_DES_QUINTUS_FIXLEIN;0;0;0;1;0;0;1;1;NA;NA
NA;LEBEN_DES_VERGNUEGTEN_SCHULMEISTERLEIN_MARIA_WUTZ_IN_AUENTHAL;0;0;0;0;0;0;0;0;NA;NA
leben und taten des berühmten ritters schnapphahnski;LEBEN_UND_TATEN_DES_BERUEHMTEN_RITTERS_SCHNAPPHAHNSKI;0;0;0;1;0;0;1;1;leben und taten des berühmten ritters schnapphahnski;1
lebens-ansichten des katers murr;LEBENS-ANSICHTEN_DES_KATERS_MURR;0;0;0;1;0;0;1;1;NA;NA
lebensgeschichte und natürliche abentheuer des armen mannes in tockenburg;LEBENSGESCHICHTE_UND_NATUERLICHE_ABENTHEUER_DES_ARMEN_MANNES_IN_TOCKENBURG;1;1;0;0;0;0;2;1;lebensgeschichte und natürliche abentheuer des armen mannes in tockenburg;1
NA;LEDWINA;0;0;0;0;0;0;0;0;NA;NA
leib weihnachtskuchen und sein kind;LEIB_WEIHNACHTSKUCHEN_UND_SEIN_KIND;0;0;0;0;0;1;1;1;leib weihnachtskuchen und sein kind;1
leiden und freuden eines schulmeisters;LEIDEN_UND_FREUDEN_EINES_SCHULMEISTERS;0;0;0;1;1;0;2;1;leiden und freuden eines schulmeisters;1
lenz;LENZ_(BUECHNER);0;0;0;0;0;0;0;0;lenz;1
leutnant gustl;LEUTNANT_GUSTL;0;0;0;0;0;0;0;0;leutnant gustl;1
libertas und ihrer freier;LIBERTAS_UND_IHRE_FREIER;0;0;0;0;0;0;0;0;libertas und ihrer freier;1
lichtenstein;LICHTENSTEIN;0;0;0;1;1;1;3;1;lichtenstein;1
liebeszauber;LIEBESZAUBER;0;0;0;0;0;0;0;0;liebeszauber;1
NA;LIED_DER_PARZEN;0;0;0;0;0;0;0;0;NA;NA
lienhard und getrud;LIENHARD_UND_GERTRUD;1;0;0;0;0;0;1;1;lienhard und getrud;1
NA;LOLA;0;0;0;0;0;0;0;0;NA;NA
lotti, die uhrmacherin;LOTTI,_DIE_UHRMACHERIN;0;0;0;0;0;1;1;1;lotti, die uhrmacherin;1
lucinde;LUCINDE;0;0;0;0;0;0;0;0;lucinde;1
lydia;LYDIA;0;0;0;0;0;1;1;1;NA;NA
madonna. unterhaltungen mit einer heiligen;MADONNA;0;0;0;1;1;1;3;1;madonna. unterhaltungen mit einer heiligen;1
NA;MAERCHEN_DES_LEBENS;0;0;0;0;0;0;0;0;NA;NA
maler nolten;MALER_NOLTEN;0;0;0;0;0;1;1;1;maler nolten;1
maria;MARIA;0;1;0;0;0;0;1;1;maria;1
marion;MARION;0;0;0;0;0;1;1;1;marion;1
die marquise von o;MARQUISE_VON_O;0;0;0;1;0;0;1;1;die marquise von o;1
martin salander;MARTIN_SALANDER;0;0;0;0;0;1;1;1;martin salander;1
NA;MEIN_HERZ_(ROMAN);0;0;0;0;0;0;0;0;NA;NA
NA;MEINE_KINDERJAHRE;0;0;0;0;0;0;0;0;NA;NA
NA;MEISTER_AUTOR_ODER_DIE_GESCHICHTEN_VOM_VERSUNKENEN_GARTEN;0;0;0;0;0;0;0;0;NA;NA
meister floh;MEISTER_FLOH;0;0;0;1;1;1;3;1;meister floh;1
NA;MEISTER_MARTIN_DER_KUEFNER_UND_SEINE_GESELLEN;0;0;0;0;0;0;0;0;NA;NA
meister timpe;MEISTER_TIMPE;0;0;0;0;0;1;1;1;meister timpe;1
michael kohlhaas;MICHAEL_KOHLHAAS;0;0;0;1;0;0;1;1;michael kohlhaas;1
moderne lebenswirren briefe und zeitabenteuer eines salzschreibers;MODERNE_LEBENSWIRREN;0;0;0;0;0;0;0;0;moderne lebenswirren briefe und zeitabenteuer eines salzschreibers;1
NA;MORALISCHEN_ERZAEHLUNGEN;0;0;0;0;0;0;0;0;NA;NA
mozart auf der reise nach prag;MOZART_AUF_DER_REISE_NACH_PRAG;0;0;0;0;0;0;0;0;mozart auf der reise nach prag;1
münchhausen;MUENCHHAUSEN;0;0;0;1;1;1;3;1;münchhausen;1
NA;NACH_DEM_GROSSEN_KRIEGE;0;0;0;0;0;0;0;0;NA;NA
nachtstuecke;NACHTSTUECKE;0;0;0;0;0;1;1;1;NA;NA
nachtwachen des bonaventura;NACHTWACHEN;0;0;0;0;0;1;1;1;nachtwachen des bonaventura;1
NA;NESTHAEKCHEN_(KINDERBUCHREIHE);0;0;0;0;0;0;0;0;NA;NA
neue geschichten aus dem ghetto;NEUE_GESCHICHTEN_AUS_DEM_GHETTO;0;0;0;0;0;1;1;1;NA;NA
NA;NEUE_IDYLLEN;0;0;0;0;0;0;0;0;NA;NA
ninon;NINON;0;0;0;0;0;0;0;0;ninon;1
novellen aus oesterreich;NOVELLEN_AUS_OESTERREICH;0;0;0;0;0;1;1;1;NA;NA
NA;OHNE_LIEBE;0;0;0;0;0;0;0;0;NA;NA
pankraz, der schmoller;PANKRAZ_DER_SCHMOLLER;0;0;0;0;1;1;2;1;pankraz, der schmoller;1
papa hamlet;PAPA_HAMLET;0;0;0;0;0;0;0;0;papa hamlet;1
paralyse;PARALYSE;0;0;0;0;0;0;0;0;paralyse;1
NA;PETER_CAMENZIND;0;0;0;0;0;0;0;0;NA;NA
peter schlemihls wundersame geschichte;PETER_SCHLEMIHLS_WUNDERSAME_GESCHICHTE;0;0;0;0;1;1;2;1;peter schlemihls wundersame geschichte;1
pfisters mühle;PFISTERS_MUEHLE;0;0;0;0;0;1;1;1;pfisters mühle;1
NA;PFLUG_UND_SCHRAUBSTOCK;0;0;0;0;0;0;0;0;NA;NA
plautus im nonnenkloster;PLAUTUS_IM_NONNENKLOSTER;0;0;0;0;0;1;1;1;plautus im nonnenkloster;1
pole poppenspäler;POLE_POPPENSPAELER;0;0;0;0;0;1;1;1;pole poppenspäler;1
polizeigeschichten;POLIZEIGESCHICHTEN;0;0;0;1;0;0;1;1;polizeigeschichten;1
NA;POLNISCHE_GHETTO-GESCHICHTEN;0;0;0;0;0;0;0;0;NA;NA
prinzessin brambilla;PRINZESSIN_BRAMBILLA;0;0;0;1;1;0;2;1;prinzessin brambilla;1
prinzessin fisch;PRINZESSIN_FISCH;0;0;0;0;0;1;1;1;NA;NA
professor unrat;PROFESSOR_UNRAT;0;0;0;0;0;0;0;0;professor unrat;1
prokopus;PROKOPUS;0;0;0;0;0;0;0;0;prokopus;1
NA;PSYCHE;0;0;0;0;0;0;0;0;NA;NA
quitt;QUITT_(FONTANE);0;0;0;0;0;0;0;0;quitt;1
reich und arm. eine geschichte aus dem bregenzerwalde;REICH_UND_ARM;0;0;0;0;0;0;0;0;reich und arm. eine geschichte aus dem bregenzerwalde;1
reichsgräfin gisela;REICHSGRAEFIN_GISELA;0;0;0;0;0;1;1;1;reichsgräfin gisela;1
braunschweig;REISE_NACH_BRAUNSCHWEIG;0;0;0;1;0;1;2;1;braunschweig;1
reisenovellen;REISENOVELLEN;0;0;0;0;0;1;1;1;NA;NA
reitergeschichte;REITERGESCHICHTE;0;0;0;0;0;0;0;0;reitergeschichte;1
renate;RENATE;0;0;0;0;0;1;1;1;renate;1
requiem der liebe;REQUIEM_DER_LIEBE;0;0;0;0;0;0;0;0;requiem der liebe;1
NA;REVOLUTION_UND_CONTREREVOLUTION;0;0;0;0;0;0;0;0;NA;NA
rinaldo rinaldini;RINALDO_RINALDINI;0;1;0;0;0;0;1;1;rinaldo rinaldini;1
rittmeister brand;RITTMEISTER_BRAND;0;0;0;0;0;1;1;1;rittmeister brand;1
robinson der juengere;ROBINSON_DER_JUENGERE;0;1;0;0;0;0;1;1;NA;NA
roman aus der decadence;ROMAN_AUS_DER_DECADENCE;0;0;0;0;0;1;1;1;NA;NA
NA;ROSSHALDE;0;0;0;0;0;0;0;0;NA;NA
ruhe ist die erste bürgerpflicht;RUHE_IST_DIE_ERSTE_BUERGERPFLICHT;0;0;0;0;1;0;1;1;ruhe ist die erste bürgerpflicht;1
NA;RYNO;0;0;0;0;0;0;0;0;NA;NA
saly's revolutionstage ;SALY'S_REVOLUTIONSTAGE;0;0;0;0;0;0;0;0;saly's revolutionstage ;1
sankt thomas;SANKT_THOMAS_(NOVELLE);0;0;0;0;0;0;0;0;sankt thomas;1
NA;SATIRISCHE_ERZAEHLUNGEN;0;0;0;0;0;0;0;0;NA;NA
schach von wuthenow;SCHACH_VON_WUTHENOW;0;0;0;0;0;1;1;1;schach von wuthenow;1
die schachtel mit der friedenspuppe;SCHACHTEL_MIT_DER_FRIEDENSPUPPE;0;0;0;0;0;0;0;0;die schachtel mit der friedenspuppe;1
schelmuffsky;SCHELMUFFSKY;0;0;0;0;0;0;0;0;schelmuffsky;1
schicksale einer seele;SCHICKSALE_EINER_SEELE;0;0;0;0;0;1;1;1;schicksale einer seele;1
schloß avalon;SCHLOSS_AVALON;0;0;0;1;0;0;1;1;schloß avalon;1
schloß und fabrik;SCHLOSS_UND_FABRIK;0;0;0;0;0;0;0;0;schloß und fabrik;1
schwarzwaelder dorfgeschichten;SCHWARZWAELDER_DORFGESCHICHTEN;0;0;0;0;1;0;1;1;NA;NA
schweigen;SCHWEIGEN;0;0;0;0;0;1;1;1;schweigen;1
NA;SELTSAMES_BEGEGNEN_UND_WIEDERSEHEN;0;0;0;0;0;0;0;0;NA;NA
seraphine;SERAPHINE;0;0;0;1;1;0;2;1;seraphine;1
sibilla dalmar;SIBILLA_DALMAR;0;0;0;0;0;1;1;1;sibilla dalmar;1
sibylle;LA_SIBYLLE;0;0;0;0;1;0;1;1;sibylle;1
sieben legenden;SIEBEN_LEGENDEN;0;0;0;0;0;0;0;0;sieben legenden;1
siebenkaes;SIEBENKAES;0;0;1;0;0;1;2;1;NA;NA
siegwart;SIEGWART;1;0;0;1;0;0;2;1;siegwart;1
soll und haben;SOLL_UND_HABEN_(ROMAN);0;0;0;0;1;1;2;1;soll und haben;1
NA;STERBEN;0;0;0;0;0;0;0;0;NA;NA
stine;STINE_(FONTANE);0;0;0;0;0;0;0;0;stine;1
stopfkuchen;STOPFKUCHEN;0;0;0;0;0;0;0;0;stopfkuchen;1
stufenjahre eines gluecklichen;STUFENJAHRE_EINES_GLUECKLICHEN;0;0;0;0;0;1;1;1;NA;NA
sturmflut;STURMFLUT;0;0;0;0;0;1;1;1;sturmflut;1
tagebuch einer verlorenen;TAGEBUCH_EINER_VERLORENEN;0;0;0;0;0;0;0;0;tagebuch einer verlorenen;1
tagebuch eines armen fräuleins;TAGEBUCH_EINES_ARMEN_FRAEULEINS;0;0;0;0;0;0;0;0;tagebuch eines armen fräuleins;1
tambi;TAMBI;0;0;0;0;0;0;0;0;tambi;1
titan;TITAN_(JEAN_PAUL);0;0;0;1;1;0;2;1;titan;1
tod in venedig;TOD_IN_VENEDIG;0;0;0;0;0;0;0;0;tod in venedig;1
tonio kröger;TONIO_KROEGER;0;0;0;0;0;0;0;0;tonio kröger;1
totenmesse;TOTENMESSE;0;0;0;0;0;0;0;0;totenmesse;1
NA;TRAGIK_DES_LEBENS;0;0;0;0;0;0;0;0;NA;NA
tubutsch;TUBUTSCH;0;0;0;0;0;0;0;0;tubutsch;1
uli der knecht;ULI_DER_KNECHT;0;0;0;1;1;0;2;1;uli der knecht;1
uli der pächter;ULI_DER_PAECHTER;0;0;0;1;1;0;2;1;uli der pächter;1
udine;UNDINE;0;0;0;0;1;1;2;1;udine;1
unruhige gaeste;UNRUHIGE_GAESTE;0;0;0;0;0;1;1;1;NA;NA
unsuehnbar;UNSUEHNBAR;0;0;0;0;0;1;1;1;NA;NA
unterhaltungen deutscher ausgewanderten;UNTERHALTUNGEN_DEUTSCHER_AUSGEWANDERTEN;0;1;1;1;1;0;4;1;unterhaltungen deutscher ausgewanderten;1
madonna. unterhaltungen mit einer heiligen;UNTERHALTUNGEN_MIT_EINER_HEILIGEN;0;0;0;1;1;0;2;1;madonna. unterhaltungen mit einer heiligen;1
unterm birnbaum;UNTERM_BIRNBAUM;0;0;0;0;0;1;1;1;unterm birnbaum;1
NA;UNTERM_RAD;0;0;0;0;0;0;0;0;NA;NA
unwahrscheinliche wahrhaftigkeiten;UNWAHRSCHEINLICHE_WAHRHAFTIGKEITEN;0;0;0;0;0;0;0;0;unwahrscheinliche wahrhaftigkeiten;1
unwiederbringlich;UNWIEDERBRINGLICH;0;0;0;0;0;1;1;1;unwiederbringlich;1
usong;USONG;1;0;0;0;0;0;1;1;usong;1
venus im pelz;VENUS_IM_PELZ;0;0;0;0;0;0;0;0;venus im pelz;1
vereinigungen;VEREINIGUNGEN;0;0;0;0;0;0;0;0;vereinigungen;1
NA;VERWORRENES_LEBEN;0;0;0;0;0;0;0;0;NA;NA
viel lärmen um nichts;VIEL_LAERMEN_UM_NICHTS;0;0;0;0;1;0;1;1;viel lärmen um nichts;1
NA;VIOLA_TRICOLOR_(STORM);0;0;0;0;0;0;0;0;NA;NA
vittoria accorombona;VITTORIA_ACCOROMBONA;0;0;0;1;1;0;2;1;vittoria accorombona;1
von paul zu pedro;VON_PAUL_ZU_PEDRO;0;0;0;0;0;0;0;0;von paul zu pedro;1
vor dem sturm;VOR_DEM_STURM_(ROMAN);0;0;0;0;0;1;1;1;vor dem sturm;1
NA;WALDEINSAMKEIT;0;0;0;0;0;0;0;0;NA;NA
NA;WALDHEIMAT;0;0;0;0;0;0;0;0;NA;NA
wally, die zweiflerin;WALLY,_DIE_ZWEIFLERIN;0;0;0;0;1;0;1;1;wally, die zweiflerin;1
was die isar rauscht;WAS_DIE_ISAR_RAUSCHT;0;0;0;0;0;0;0;0;was die isar rauscht;1
weiße sclaven oder die leiden des volkes;WEISSE_SCLAVEN_ODER_DIE_LEIDEN_DES_VOLKES;0;0;0;1;1;0;2;1;weiße sclaven oder die leiden des volkes;1
wie frauen werden. werde, die du bist;WIE_FRAUEN_WERDEN._WERDE,_DIE_DU_BIST;0;0;0;0;0;0;0;0;wie frauen werden. werde, die du bist;1
wie fünf mädchen im branntwein jämmerlich umkommen;WIE_FUENF_MAEDCHEN_IM_BRANNTWEIN_JAEMMERLICH_UMKOMMEN;0;0;0;0;0;0;0;0;wie fünf mädchen im branntwein jämmerlich umkommen;1
wie wunderbar ---;WIE_WUNDERBAR;0;0;0;0;0;0;0;0;wie wunderbar ---;1
wiener blut;WIENER_BLUT;0;0;0;0;0;0;0;0;wiener blut;1
wilhelm meisters lehrjahre;WILHELM_MEISTERS_LEHRJAHRE;0;1;1;1;1;1;5;1;wilhelm meisters lehrjahre;1
NA;WILHELM_MEISTERS_THEATRALISCHE_SENDUNG;0;0;0;0;0;0;0;0;NA;NA
wilhelm meisters wanderjahre;WILHELM_MEISTERS_WANDERJAHRE;0;0;0;1;1;1;3;1;wilhelm meisters wanderjahre;1
die geschichte des herrn william lovell;WILLIAM_LOVELL;0;0;0;1;1;0;2;1;die geschichte des herrn william lovell;1
woldemar;WOLDEMAR;0;1;0;0;1;0;2;1;woldemar;1
zerbin oder die neuere philospohie;ZERBIN_ODER_DIE_NEUERE_PHILOSOPHIE;0;0;0;0;0;0;0;0;zerbin oder die neuere philospohie;1
NA;ZUERICHER_NOVELLEN;0;0;0;0;0;0;0;0;NA;NA
zum wilden mann;ZUM_WILDEN_MANN;0;0;0;0;0;0;0;0;zum wilden mann;1
zum zeitvertreib;ZUM_ZEITVERTREIB;0;0;0;0;0;1;1;1;NA;NA
zur chronik von grieshuus;ZUR_CHRONIK_VON_GRIESHUUS;0;0;0;0;0;1;1;1;zur chronik von grieshuus;1
zur wald- und wasserfreude;ZUR_WALD-_UND_WASSERFREUDE;0;0;0;0;0;1;1;1;zur wald- und wasserfreude;1
die zwei schwestern;ZWEI_SCHWESTERN;1;0;0;0;0;0;1;1;die zwei schwestern;1
zwischen himmel und erde;ZWISCHEN_HIMMEL_UND_ERDE_(ERZAEHLUNG_1856);0;0;0;0;1;1;2;1;zwischen himmel und erde;1
