wikiname;variations;author;author_firstname;wikiID;freq;repoID;pub_year;genre;text_source
A_BELEAGUERED_CITY;['A Beleaguered City'];Oliphant;Margaret;noWikiID;3;11521;1900;novel;Gutenberg-US
A_CHILD_OF_THE_JAGO;['A Child of the Jago', 'Child of the Jago'];Morrison;Arthur;Q4655860;5;36958;1896;([], ['novel']);Gutenberg-US
A_CHRISTMAS_CAROL;['A Christmas Carol', 'A Christmas Carol Scrooge', 'Between A Christmas Carol'];Dickens;Charles;Q62879;10;30368;1843;(['Christmas fiction', 'novella'], ['novella']);Gutenberg-US
A_COMPLETE_COLLECTION_OF_GENTEEL_AND_INGENIOUS_CONVERSATION;['Polite Conversation', 'Complete Collection of Genteel and Ingenious Conversation'];Swift;Jonathan;Q4656050;2;60186;1738;satire;Gutenberg-US
A_CRYSTAL_AGE;['A Crystal Age'];Hudson;W. H.;Q4656205;1;7401;1887;([], ['novel']);Gutenberg-US
A_DARK_NIGHT'S_WORK;"[""A Dark Night's Work""]";Elizabeth;Gaskell;Q16385401;2;2522;1863;([], ['novel', 'novella']);Gutenberg-US
A_DRAMA_IN_MUSLIN;['A Drama in Muslin'];Moore;George;noWikiID;17;14659;1886;;Gutenberg-US
A_DREAM_OF_JOHN_BALL;"[""A Dream of John Ball'""]";Morris;William;noWikiID;2;357;1888;([], ['novel']);Gutenberg-US
A_HOLIDAY_ROMANCE;['A Holiday Romance'];Dickens;Charles;noWikiID;3;809;1867;children's book;Gutenberg-US
A_HOUSE_TO_LET;['A House to Let'];MULTIPLE_AUTHORS;;Q4657430;1;2324;1858;(['novel'], ['short story']);Gutenberg-US
A_JOURNAL_OF_THE_PLAGUE_YEAR;['Journal of the Plague Year', 'A Journal of the Plague Year'];Defoe;Daniel;Q1215399;10;376;1722;(['epistolary novel', 'historical novel'], []);Gutenberg-US
A_JOURNEY_FROM_THIS_WORLD_TO_THE_NEXT;['A Journey from This World to the Next'];Fielding;Henry;noWikiID;1;1147;1749;novel;Gutenberg-US
A_LADY'S_LIFE_IN_THE_ROCKY_MOUNTAINS;"[""A Lady's Life in the Rocky Mountains""]";Bird;Isabella L.;noWikiID;2;755;1879;travel novel;Gutenberg-US
A_LAODICEAN;['A Laodicean'];Hardy;Thomas;Q2105252;3;3258;1880;([], ['novel']);Gutenberg-US
A_LEGEND_OF_MONTROSE;['A Legend of Montrose'];Scott;Walter;Q3549611;1;1461;1819;(['historical novel'], []);Gutenberg-US
A_LITTLE_PRINCESS;['A Little Princess'];Burnett;Frances Hodgson;Q10483376;2;146;1905;"([""children's fiction""], ['novel'])";Gutenberg-US
A_MERE_ACCIDENT;['A Mere Accident'];Moore;George;noWikiID;1;11733;1887;novel;Gutenberg-US
A_MODERN_UTOPIA;['A Modern Utopia'];Wells;H. G.;Q1249074;3;6424;1905;([], ['novel']);Gutenberg-US
A_MODEST_PROPOSAL;['A Modest Proposal'];Swift;Jonathan;Q264143;12;1080;1729;(['essay', 'polemical lampoon'], []);Gutenberg-US
A_PAIR_OF_BLUE_EYES;['A Pair of Blue Eyes'];Hardy;Thomas;Q2931240;6;224;1873;([], ['novel']);Gutenberg-US
A_PATCH-WORK_SCREEN_FOR_THE_LADIES;['A Patch-Work Screen', 'A Patch-Work Screen for the Ladies', 'A Patchwork Screen for the Ladies'];Barker;Jane;noWikiID;6;ebooks@adelaide;1723;;ebooks@adelaide
A_POLITICAL_ROMANCE;['A Political Romance', 'Political Romance'];Sterne;Laurence;Q4658949;3;20257;1759;([], ['novel']);Gutenberg-US
A_RIDE_ACROSS_PALESTINE;['A Ride across Palestine'];Trollope;Anthony;noWikiID;1;3723;1861;short story;Gutenberg-US
A_ROMANCE_OF_TWO_WORLDS;['A Romance of Two Worlds'];Corelli;Marie;Q4659270;2;4394;1886;([], ['novel']);Gutenberg-US
A_ROOM_WITH_A_VIEW;['A Room with a View'];Forster;E. M.;Q120288;2;2641;1908;(['romance'], ['novel']);Gutenberg-US
A_SENTIMENTAL_JOURNEY_THROUGH_FRANCE_AND_ITALY;['A Sentimental Journey', 'Sentimental Journey', 'A Sentimental Journey through France and Italy', 'A Sentimental Journey through France and Italy, By', 'A Sentimental Journey through France and Italy by Mr. Yorick'];Sterne;Laurence;Q768792;14;804;1768;(['imaginary voyage'], ['novel']);Gutenberg-US
A_SICILIAN_ROMANCE;['A Sicilian Romance'];Radcliffe;Ann;Q979649;10;7371;1790;(['Gothic fiction'], ['novel']);Gutenberg-US
A_SIMPLE_STORY;['A Simple Story', 'A Simple Story'];Inchbald;Elizabeth;Q4659531;8;22002;1791;([], ['novel']);Gutenberg-US
A_SON_OF_THE_SOIL;['A Son of the Soil'];Oliphant;Margaret;Q106040512;2;57988;1865;([], ['novel']);Gutenberg-US
A_SPORTSMAN'S_SKETCHES;"[""A Sportsman's Sketches""]";Trollope;Anthony;noWikiID;1;814;1865;collection of stories;Gutenberg-US
A_STORY_OF_THE_STONE_AGE;['A Story of the Stone Age'];Wells;H. G.;Q4659835;1;27365;1899;(['prehistoric fiction'], ['short story']);Gutenberg-US
A_STUDY_IN_SCARLET;['A Study in Scarlet', 'The Study in Scarlet'];Doyle;Arthur Conan;Q223131;8;244;1887;(['detective fiction', 'mystery fiction', 'crime fiction'], ['novel']);Gutenberg-US
A_TALE_OF_A_TUB;['A Tale of a Tub', 'Tale of a Tub', 'A Tale of A Tub', 'A Tale of Tub'];Swift;Jonathan;Q2353123;18;4737;1704;prose satire;Gutenberg-US
A_TALE_OF_TWO_CITIES;['A Tale of Two Cities', 'Tale of Two Cities'];Dickens;Charles;Q308918;23;98;1859;(['historical fiction', 'social problem fiction'], ['novel']);Gutenberg-US
A_WINDOW_IN_THRUMS;['A Window in Thrums'];Barrie;J. M. ;noWikiID;1;20914;1889;novel;Gutenberg-US
A_WORLD_OF_GIRLS;['A World of Girls'];Meade;L.T.;noWikiID;2;25870;1886;story;Gutenberg-US
ACROSS_THE_ZODIAC;['Across the Zodiac'];Greg;Percy;Q4676516;1;10165;1880;(['science fiction'], ['novel']);Gutenberg-US
ACTIONS_AND_REACTIONS;['Actions and Reactions', 'In Actions and Reactions'];Kipling;Rudyard;noWikiID;2;2381;1909;short stories;Gutenberg-US
ADAM_BEDE;['Adam Bede'];Eliot;George;Q2611046;44;507;1859;(['historical novel'], ['novel']);Gutenberg-US
ADELA_CATHCART;['Adela Cathcart'];MacDonald;George;noWikiID;1;"8892; 8929; 8943";1864;;Gutenberg-US
ADELINE_MOWBRAY;['Adeline Mowbray', 'Adeline Mowbray, or Mother and Daughter'];Opie;Amelia;Q65083334;3;37908;1804;novel;Gutenberg-US
ADVENTURES_OF_A_PINCUSHION;['Adventures of a Pincushion'];Kilner;Mary Ann;noWikiID;1;63541;1788;children's book;Gutenberg-US
AFTER_DARK;['After Dark'];Collins;Wilkie;noWikiID;5;1626;1856;short stories;Gutenberg-US
"AFTER_LONDON;_OR,_WILD_ENGLAND";"['After London; or, Wild England']";Jefferies;Richard;noWikiID;1;13944;1885;novel;Gutenberg-US
AGNES_GREY;['Agnes Grey', 'Agnes Greyish'];Brontë;Anne;Q517172;26;767;1847;(['novel'], ['novel']);Gutenberg-US
ALEC_FORBES_OF_HOWGLEN;['Alec Forbes of Howglen'];MacDonald;George;noWikiID;1;18810;1865;;Gutenberg-US
ALICE'S_ADVENTURES_IN_WONDERLAND;"['Alice in Wonderland', ""Alice's Adventures in Wonderland"", 'Alice? Wonderland']";Carroll;Lewis;Q92640;11;https://en.wikisource.org/wiki/Alice%27s_Adventures_Under_Ground/Chapter_1;1865;"([""children's novel"", 'fairy tale', 'literary nonsense'], ['novel'])";Gutenberg-US
ALL_SORTS_AND_CONDITIONS_OF_MEN;['All Sorts and Conditions of Men'];Besant;Walter;noWikiID;3;47098;1882;novel;Gutenberg-US
ALLAN_QUATERMAIN_(NOVEL);['Allan Quatermain', 'When Allan Quatermain'];Haggard;H. Rider;Q4062545;7;711;1887;(['adventure novel'], []);Gutenberg-US
ALMAYER'S_FOLLY;"[""Almayer's Folly""]";Conrad;Joseph;Q2404359;3;720;1895;([], ['novel']);Gutenberg-US
ALTON_LOCKE;['Alton Locke'];Kingsley;Charles;Q4736895;8;8374;1850;([], ['novel']);Gutenberg-US
AMY_FOSTER;['Amy Foster'];Conrad;Joseph;Q4749187;1;495;1901;(['short story'], ['short story']);Gutenberg-US
AN_APOLOGY_FOR_THE_LIFE_OF_MRS._SHAMELA_ANDREWS;['Shamela', 'In Shamela', 'An Apology for the Life of Mrs Shamela'];Fielding;Henry;Q2743569;6;30962;1741;(['parody', 'epistolary novel'], []);Gutenberg-US
AN_IRISH_COUSIN;['An Irish Cousin', 'When An Irish Cousin'];Sommerville/Ross;Edith/Martin;noWikiID;4;"58633; 58634";1889;;Gutenberg-US
AN_OUTCAST_OF_THE_ISLANDS;['An Outcast of the Islands'];Conrad;Joseph;Q1090444;1;638;1896;(['novel'], ['novel']);Gutenberg-US
ANN_VERONICA;['Ann Veronica'];Wells;H. G.;Q1247736;10;524;1909;(['feminist novel'], []);Gutenberg-US
ANNA_ST_IVES;['Anna St. Ives', 'Anna St Ives'];Holfcroft;Thomas;noWikiID;3;9468;1792;novel;Gutenberg-US
ANNALS_OF_THE_PARISH;['Annals of the Parish', 'The Annals of the Parish'];Galt;John;Q4767877;12;1310;1821;([], ['novel']);Gutenberg-US
ANTAR;['Antar'];Hamilton;Terrick;noWikiID;1;57857;1820;novel;Gutenberg-US
ARMADALE;['Armadale'];Collins;Wilkie;Q4792516;12;1895;1864;novel;Gutenberg-US
ARTHUR_MERVYN;['Arthur Mervyn'];Brown;Arthur Mervyn;Q4799713;1;18508;1799;(['Gothic novel'], []);Gutenberg-US
AT_THE_BACK_OF_THE_NORTH_WIND;['At the Back of the North Wind'];MacDonald;George;Q1619593;6;225;1871;"(['fantasy', ""children's fiction""], ['novel'])";Gutenberg-US
AT_THE_END_OF_THE_PASSAGE;['At the End of the Passage'];Kipling;Rudyard;noWikiID;2;https://en.wikisource.org/wiki/Life%27s_Handicap/At_the_End_of_the_Passage;1890;;Wikisource
AULD_LICHT_IDYLLS;['Auld Licht Idylls'];Barrie;J. M. ;noWikiID;2;8590;1888;collection of stories;Gutenberg-US
AURORA_FLOYD;['Aurora Floyd'];Braddon;Mary Elizabeth;Q4822530;25;https://docsouth.unc.edu/imls/braddon/braddon.html;1863;([], ['novel']);https://docsouth.unc.edu
AYESHA_(NOVEL);['Ayesha'];Haggard;H. Rider;Q2604590;7;5228;1905;(['adventure novel', 'lost world fiction', 'Gothic novel'], []);Gutenberg-US
BARCHESTER_TOWERS;['Barchester Towers'];Trollope;Anthony;Q4859885;3;2432;1857;([], ['novel']);Gutenberg-US
BASIL;['Basil'];Collins;Wilkie;noWikiID;2;4605;1852;novel;Gutenberg-US
BELINDA;['Belinda'];Edgeworth;Maria;noWikiID;11;9455;1801;novel;Gutenberg-US
BLACK_BEAUTY;['Black Beauty'];Sewell;Anna;Q880092;9;271;1877;(['young adult literature'], ['novel']);Gutenberg-US
BLEAK_HOUSE;['Bleak House'];Dickens;Charles;Q883305;91;1023;1852;([], ['novel']);Gutenberg-US
BLIND_LOVE;['Blind Love'];Collins;Wilkie;noWikiID;1;7890;1889;novel;Gutenberg-US
BORN_IN_EXILE;['Born in Exile'];Gissing;George;Q4945890;1;4526;1890;novel;Gutenberg-US
BROKEN_TO_HARNESS;['Broken to Harness'];Yates;Edmund;noWikiID;2;59207;1864;prose ficiton;Gutenberg-US
CALEB_WILLIAMS;['Caleb Williams'];Godwin;William;Q7784409;32;11323;1794;novel;Gutenberg-US
CALLISTA_(NOVEL);['Callista'];Newman;John Henry;Q2934238;1;30664;1855;(['short story'], ['novel']);Gutenberg-US
CAMILLA;"['Camilla', 'Camilla, or, a Picture of Youth', 'Camilla, or a Picture of Youth', 'Camilla; or, A Picture of Youth']";Burney;Fanny;Q2934813;26;40619;1796;([], ['novel']);Gutenberg-US
CAPTAIN_SINGLETON;['Captain Singleton', 'When Captain Singleton', 'As for Captain Singleton'];Defoe;Daniel;Q1728631;3;6422;1720;(['picaresque novel', 'pirate fiction'], ['novel']);Gutenberg-US
CAPTAINS_COURAGEOUS;['Captains Courageous'];Kipling;Charles;Q1035138;1;2186;1897;(['novel'], ['novel']);Gutenberg-US
CARMILLA;['Carmilla'];Sheridan Le Fanu;Joseph;Q1043792;6;10007;1872;(['fantasy', 'lesbian literature', 'vampire fiction', 'Gothic fiction'], ['novella', 'novel']);Gutenberg-US
CARNIVAL;['Carnival'];Mackenzie;Compton;noWikiID;1;33012;1912;novel;Gutenberg-US
CARROTS;['Carrots'];Molesworth;Mary;noWikiID;1;33544;1876;children's book;Gutenberg-US
CASTLE_RACKRENT;['Castle Rackrent', 'In Castle Rackrent'];Edgeworth;Maria;Q5050238;63;1424;1800;(['political novel', 'historical fiction'], ['novel']);Gutenberg-US
CASTLE_RICHMOND;['Castle Richmond'];Trollope;Anthony;Q5050241;2;5897;1860;([], ['novel']);Gutenberg-US
CATHERINE,_A_STORY;['Catherine, A Story'];Thackeray;William Makepeace;noWikiID;1;1969;1839;novel;Gutenberg-US
CATRIONA;['Catriona'];Stevenson;Robert Louis;noWikiID;1;589;1893;novel;Gutenberg-US
CECILIA;['Cecilia'];Burney;Frances;Q3233990;8;"6346; 7146; 7152";1782;(['novel'], ['novel']);Gutenberg-US
CELESTINA;['Celestina'];Smith;Charlotte;Q583705;1;ECCO;1791;(['drama', 'comedy'], ['play', 'novel']);ECCO
CELIBATES;['Celibates'];Moore;George;noWikiID;2;6005;1895;novel;Gutenberg-US
CHANCE;['Chance'];Conrad;Joseph;Q793748;2;1476;1912;(['novel'], ['novel']);Gutenberg-US
CHARLOTTE_TEMPLE;['Charlotte Temple'];Rowson;Susanna Hswell;noWikiID;1;171;1791;novel;Gutenberg-US
CHILDREN_OF_THE_GHETTO;['Children of the Ghetto'];Zangwill;Israel;noWikiID;3;12680;1892;novel;Gutenberg-US
CHRONICLES_OF_THE_CANONGATE;"['Chronicles of the Canongate', ""The Surgeon's Daughter""]";Scott;Walter;Q17352486;7;1828;1827;collection of stories;Gutenberg-US
CITY_SCENES;['City Scenes'];Taylor/Taylor;Anne/Jane;noWikiID;1;38612;1806;children's book;Gutenberg-US
CLARISSA;['Clarissa', 'Clarissa Harlowe', 'In Clarissa', 'Clarissa, or The History of a Young Lady', 'Clarissa, or the History of a Young Lady'];Richardson;Samuel;Q980534;121;https://standardebooks.org/ebooks/samuel-richardson/clarissa/download?format=epub;1748;(['epistolary novel'], ['novel']);https://standardebooks.org/ebooks
CLEG_KELLY;['Cleg Kelly'];Crockett;S. R. ;noWikiID;1;48354;1896;novel;Gutenberg-US
COCK_AND_ANCHOR;['Cock and Anchor'];Sheridan Le Fanu;Joseph;noWikiID;1;40126;1845;novel;Gutenberg-US
COELEBS_IN_SEARCH_OF_A_WIFE;['Coelebs in Search of a Wife', 'Coelebs'];Moore;Hannah;Q5140605;10;31879;1814;([], ['novel']);Gutenberg-US
COMETH_UP_AS_A_FLOWER;['Cometh Up as a Flower'];Broughton;Rhoda;Q19571321;3;https://webapp1.dlib.indiana.edu/vwwp/view?docId=VAB7038&doc.view=print;1867;([], ['novel']);https://webapp1.dlib.indiana.edu
CONFESSIONS_OF_A_THUG_(NOVEL);['Confessions of a Thug', 'The Confessions of a Thug'];Taylor;Meadows ;Q5160036;5;44881;1839;([], ['novel']);Gutenberg-US
CONFESSIONS_OF_A_YOUNG_MAN;['Confessions of a Young Man'];Moore;George;Q5160039;6;11654;1888;memoir;Gutenberg-US
CONFESSIONS_OF_AN_ENGLISH_OPIUM-EATER;['Confessions of an English Opium-Eater', 'Confessions of an English Opium Eater', 'Confessions of an English Opium Eater', 'Confessions'];De Quincey;Thomas;Q1610128;8;2040;1821;(['autobiography'], []);Gutenberg-US
CONINGSBY;['Coningsby, or the New Generation', 'Coningsby'];Disreali;Benjamin;Q5161083;3;7412;1843;([], ['novel']);Gutenberg-US
CORAL_ISLAND;['Coral Island'];Ballantyne;R. M. ;Q4232653;5;7124;1858;(['adventure fiction', 'robinsonade'], ['novel']);Gutenberg-US
COUNT_ROBERT_OF_PARIS;['Count Robert of Paris'];Scott;Walter;noWikiID;2;6661;1832;(['historical novel'], []);Gutenberg-US
COUSIN_PHILLIS;"['Cousin Phillis""']";Gaskell;Elizabeth;noWikiID;1;4268;1864;novel;Gutenberg-US
CRANFORD_(NOVEL);['Cranford'];Gaskell;Elizabeth;Q265100;15;394;1851;([], ['novel']);Gutenberg-US
CROTCHET_CASTLE;['Crotchet Castle'];Peacock;Thomas Love;Q5188976;1;2075;1831;([], ['novel']);Gutenberg-US
DANIEL_DERONDA;['Daniel Deronda'];Eliot;George;Q552238;40;7469;1876;(['Bildungsroman'], ['novel']);Gutenberg-US
DAUGHTERS_OF_MEN;['Daughters of Men'];Lynch;Hannah;noWikiID;1;65098;1892;novel;Gutenberg-US
DAVID_COPPERFIELD;['David Copperfield', 'David Copperfield,'];Dickens;Charles;Q189811;18;766;1850;(['autobiographical novel', 'Bildungsroman'], ['novel']);Gutenberg-US
DAVID_ELGINBROD;['David Elginbrod'];MacDonald;George;Q5233331;2;2291;1863;([], ['novel']);Gutenberg-US
DE_PROFUNDIS_(LETTER);['De Profundis'];Wilde;Oscar;Q1249459;9;921;1905;(['epistle'], []);Gutenberg-US
DEERBROOK;['Deerbrook'];Martineau;Harriet;noWikiID;2;24210;1839;;Gutenberg-US
DEMOS;['Demos'];Gissing;George;noWikiID;4;4309;1886;novel;Gutenberg-US
DESPERATE_REMEDIES;['Desperate Remedies'];Hardy;Thomas;Q2846293;3;3044;1871;([], ['novel']);Gutenberg-US
DIANA_OF_THE_CROSSWAYS;['Diana of the Crossways'];Meredith;George;Q5271362;1;4470;1884;([], ['novel']);Gutenberg-US
DISCIPLINE;['Discipline'];Brunton;Mary;noWikiID;4;38510;1814;novel;Gutenberg-US
DOCTOR_THORNE;['Doctor Thorne'];Trollope;Anthony;noWikiID;2;3166;1858;novel;Gutenberg-US
DOMBEY_AND_SON;['Dombey and Son'];Dickens;Charles;Q963659;30;821;1846;(['social criticism'], ['novel']);Gutenberg-US
DR_JEKYLL_AND_MR_HYDE;['Jekyll and Hyde'];Stevenson;Robert Louis;Q217352;51;43;1886;(['sensation fiction', 'Gothic fiction', 'science fiction', 'crime fiction'], ['novella', 'novel']);Gutenberg-US
DRACULA;['Dracula', 'In Dracula'];Stoker;Bram;Q41542;95;345;1897;(['epistolary novel', 'invasion literature', 'Gothic fiction', 'vampire fiction', 'horror fiction', 'Romanticism'], ['novel']);Gutenberg-US
DREAMERS_OF_THE_GHETTO;['Dreamers of the Ghetto'];Zangwill;Israel;noWikiID;1;29875;1898;novel;Gutenberg-US
DUBLINERS;['Dubliners'];Joyce;James;Q459592;52;2814;1914;short stories;Gutenberg-US
EAST_LYNNE;['East Lynne'];Wood;Ellen;Q5328900;42;3322;1861;(['sensation fiction'], ['novel']);Gutenberg-US
EMMA_(NOVEL);['Emma'];Austen;Jane;Q223880;38;158;1815;(['romantic fiction'], ['novel']);Gutenberg-US
EMMA_OR_THE_UNFORTUNATE_ATTACHMENT;['Emma'];Cavendish;Georgiana;noWikiID;2;pdf;1773;novel;PDF
EMMELINE;['Emmeline, the Orphan of the Castle', 'Emmeline', 'Castle from Emmeline, the Orphan of the Castle'];Smith;Charlotte;Q5373421;6;41646;1788;(['Gothic fiction'], ['novel']);Gutenberg-US
ENNUI;['Ennui'];Edgeworth;Maria;Q117149111;2;9439;1809;([], ['novel']);Gutenberg-US
EREWHON;['Erewhon'];Butler;Samuel;Q1350048;10;1906;1872;(['science fiction', 'fantasy', 'satirical fiction', 'utopian fiction', 'lost world fiction'], ['novel']);Gutenberg-US
EREWHON_REVISITED;['Erewhon Revisited'];Butler;Samuel;Q5385740;1;1971;1901;([], ['novel']);Gutenberg-US
ERIC_OR_LITTLE_BY_LITTLE;['Eric, or, Little by Little', 'Eric, or Little by Little'];Farrar;Frederic;Q5385958;4;23126;1858;([], ['novel']);Gutenberg-US
ESTHER;['Esther'];Carey;Rosa Nouchette;noWikiID;1;6850;1887;novel;Gutenberg-US
ESTHER_WATERS;['Esther Waters'];Moore;George;Q5401319;1;8157;1894;([], ['novel']);Gutenberg-US
EUGENE_ARAM_(NOVEL);['Eugene Aram'];Bulwer-Lytton;Edward;Q16385636;1;7614;1832;(['historical fiction'], ['novel']);Gutenberg-US
EVELINA;['Evelina'];Burney;Fanny;Q1635110;54;6053;1778;(['epistolary novel'], ['novel']);Gutenberg-US
EVENINGS_AT_HOME;['Evenings at Home'];Aikin/Barbauld;John/Anna Laetitia;Q5416654;4;53323;1796;([], ['novel']);Gutenberg-US
EXILUS;"[""Exilus; or, The Banish'd Roman""]";Barker;Jane;noWikiID;1;ebooks@adelaide;1715;;ebooks@adelaide
FANNY_HILL;['Memoirs of a Woman of Pleasure'];Cleland;John;Q1395765;2;25305;1748;(['LGBT-related literature', 'erotica'], ['novel']);Gutenberg-US
FANTOMINA;['Fantomina'];Haywood;Eliza;Q5434405;1;https://digital.library.upenn.edu/women/haywood/fantomina/fantomina.html;1725;(['romantic fiction'], ['novel']);https://digital.library.upenn.edu
FAR_FROM_THE_MADDING_CROWD;['Far From the Madding Crowd', 'Far from the Madding Crowd'];Hardy;Thomas;Q5642996;5;27;1874;([], ['novel']);Gutenberg-US
FARDOROUGHA_THE_MISER;['Fardorougha the Miser'];Carleton;William;noWikiID;4;16002;1839;novel;Gutenberg-US
FELIX_HOLT_THE_RADICAL;['Felix Holt', 'Felix Holt the Radical'];Eliot;George;Q5442230;9;40882;1866;(['social novel'], ['novel']);Gutenberg-US
FIVE_CHILDREN_AND_IT;['Five Children and It'];Nesbit;Edith;noWikiID;1;778;1902;novel;Gutenberg-US
FLATLAND;['Flatland'];Abbott;Edwin Abbott;noWikiID;2;97;1884;(['science fiction', 'mathematical fiction', 'satirical fiction'], ['novella']);Gutenberg-US
FOR_THE_TERM_OF_HIS_NATURAL_LIFE;['For the Term of His Natural Life'];Clarke;Marcus;noWikiID;1;3424;1870;(['adventure novel'], []);Gutenberg-US
FORTUNATE_FOUNDLINGS;['Fortunate Foundlings'];Haywood;Eliza;noWikiID;1;10804;1744;novel;Gutenberg-US
FRANKENSTEIN;['Frankenstein', 'Frankenstein or the Modern Prometheus'];Shelley;Mary Wollstonecraft;Q150827;116;84;1818;(['epistolary novel', 'body horror literature', 'Gothic fiction', 'science fiction', 'fantasy'], ['novel']);Gutenberg-US
GHETTO_TRAGEDIES;['Ghetto Tragedies'];Zangwill;Israel;noWikiID;1;35076;1893;collection of stories;Gutenberg-US
GLENARVON;['Glenarvon'];Lamb;Caroline;Q3771960;5;"68754; 68773; 68776";1816;(['novel'], ['novel']);Gutenberg-US
GOING_TO_MAYNOOTH;['Going to Maynooth'];Carleton;William;noWikiID;1;16016;1830;collection of stories;Gutenberg-US
GRANNY'S_WONDERFUL_CHAIR;"[""Granny's Wonderful Chair""]";Browne;Frances;noWikiID;2;26018;1856;children's book;Gutenberg-US
GREAT_EXPECTATIONS;['Great Expectations', 'Pip in Great Expectations', 'Great Expectorations'];Dickens;Charles;Q219552;41;1400;1861;(['black comedy', 'Bildungsroman'], ['novel']);Gutenberg-US
GULLIVER'S_TRAVELS;"[""Gulliuer's Travels"", ""Gulliver's Travels"", 'Travels into Several Remote Nations of the World', 'Lemuel Gulliver, Travels into Several Remote Nations of the World', ""Gulliver's Travels(1726"", 'Gulliver in Lilliput', 'Gulliver']";Swift;Jonathan;Q181488;100;829;1726;(['satire', 'fantasy', 'dystopian fiction'], ['novel']);Gutenberg-US
GUY_MANNERING;['Guy Mannering'];Scott;Walter;Q2288976;12;2590;1815;(['historical novel'], []);Gutenberg-US
HALF_A_LIFE-TIME_AGO;['Half a Life-time Ago'];Gaskell;Elizabeth;noWikiID;1;2547;1855;short story;Gutenberg-US
HARD_CASH_(NOVEL);['Hard Cash'];Reade;Charles;Q30314349;5;3067;1863;(['sensation fiction'], ['novel']);Gutenberg-US
HARD_TIMES_(NOVEL);['Hard Times', 'Sissy Jupe'];Dickens;Charles;Q1340493;41;786;1854;(['social novel', 'serialized fiction'], ['novel']);Gutenberg-US
HARRINGTON;['Harrington'];Edgeworth;Maria;noWikiID;1;9107;1817;;Gutenberg-US
HAUNTINGS;['Hauntings'];Lee;Vernon;noWikiID;2;9956;1890;collection of stories;Gutenberg-US
HE_KNEW_HE_WAS_RIGHT;['He Knew He Was Right'];Trollope;Anthony;noWikiID;8;5140;1869;novel;Gutenberg-US
HEADLONG_HALL;['Headlong Hall'];Peacock;Thomas Love;Q5689829;2;12803;1816;([], ['novel']);Gutenberg-US
HEART_AND_SCIENCE;['Heart and Science'];Collins;Wilkie;noWikiID;4;7892;1882;novel;Gutenberg-US
HEART_OF_DARKNESS;['Heart of Darkness', 'Of Heart of Darkness'];Conrad;Joseph;Q129778;47;219;1899;(['fiction literature', 'serialized fiction'], ['novella']);Gutenberg-US
HELBECK_OF_BANNISDALE;['Helbeck of Bannisdale'];Ward;Mary Augusta;Q19572074;1;9442;1898;([], ['novel']);Gutenberg-US
HELEN;['Helen'];Edgeworth;Maria;noWikiID;1;8531;1834;novel;Gutenberg-US
HENRY_DUNBAR;['Henry Dunbar'];Braddon;Mary Elizabeth;noWikiID;1;9189;1864;novel;Gutenberg-US
HEREWARD_THE_WAKE_(NOVEL);['Hereward the Wake'];Kingsley;Charles;Q5738318;3;7815;1866;([], ['novel']);Gutenberg-US
HERMSPRONG;['Hermsprong'];Bage;Robert;Q5742104;1;pdf;1796;([], ['novel']);PDF
HESTER;['Hester'];Oliphant;Margaret;noWikiID;1;"48197; 48198; 48199";1883;;Gutenberg-US
HIDE_AND_SEEK;['Hide and Seek'];Collins;Wilkie;noWikiID;1;7893;1854;novel;Gutenberg-US
HISTORY_OF_JOHN_BULL;['History of John Bull'];Arbuthnot;John;noWikiID;1;2643;1712;prose satire;Gutenberg-US
HOLIDAY_HOUSE;['Holiday House'];Sinclair;Catherine;noWikiID;5;32811;1839;children's book;Gutenberg-US
HOWARDS_END;"['Howards End', ""Howard's End"", 'Leonard Bast']";Forster;E. M.;Q1146642;11;2891;1910;(['family drama'], ['novel']);Gutenberg-US
HYMNS_IN_PROSE_FOR_CHILDREN;['Hymns in Prose for Children'];Barbauld;Anna Laetitia;Q9005648;4;https://digital.library.upenn.edu/women/barbauld/hymns/hymns-in-prose.html;1781;children's book;https://digital.library.upenn.edu
IMAGINARY_PORTRAITS;['Imaginary Portraits'];Pater;Walter;noWikiID;4;2399;1887;short stories;Gutenberg-US
IMPRESSIONS_OF_THEOPHRASTUS_SUCH;['Impressions of Theophrastus Such'];Eliot;George;Q6007633;2;10762;1879;([], ['novella']);Gutenberg-US
IN_A_GLASS_DARKLY;['In a Glass Darkly'];Sheridan Le Fanu;Joseph;Q6011356;3;37174;1872;(['mystery fiction', 'Gothic literature', 'horror fiction'], ['short story collection']);Gutenberg-US
IN_THE_YEAR_OF_JUBILEE;['In the Year of Jubilee'];Gissing;George;Q19572195;2;4307;1894;([], ['novel']);Gutenberg-US
IT_IS_NEVER_TOO_LATE_TO_MEND_(NOVEL);"[""It's Never Too Late"", ""It's Never Too Late to Mend"", ""It's Never Too Late To Mend"", 'It Is Never Too Late to Mend', 'It is Never Too Late to Mend']";Reade;Charles;Q6091852;7;4606;1856;([], ['novel']);Gutenberg-US
IVANHOE;['Ivanhoe', 'Ivanhoe: A Romance'];Scott;Walter;Q840974;41;82;1820;(['historical fiction'], ['novel']);Gutenberg-US
JACK_SHEPPARD;['Jack Sheppard'];Ainsworth;William Harrison;noWikiID;2;16215;1839;([], ['novel']);Gutenberg-US
JANE_EYRE;['Jane Eyre', 'Jane Eyre: An Autobiography'];Brontë;Charlotte;Q182961;134;1260;1847;(['education novel', 'autobiographical novel', 'romance novel', 'Gothic fiction'], ['novel']);Gutenberg-US
JESSICA'S_FIRST_PRAYER;"[""Jessica's First Prayer""]";Stretton;Hesba;noWikiID;6;50104;1867;children's book;Gutenberg-US
JEZEBEL'S_DAUGHTER;"[""Jezebel's Daughter""]";Collins;Wilkie;noWikiID;1;3633;1880;novel;Gutenberg-US
JOHN_BURNET_OF_BARNS;['John Burnet of Barns'];Buchan;John;noWikiID;1;40014;1898;novel;Gutenberg-US
JOHN_HALIFAX_GENTLEMAN;['John Halifax, Gentleman'];Craik;Dinah;Q6237289;5;2351;1856;([], ['novel']);Gutenberg-US
JONATHAN_WILD;['Jonathan Wild'];Fielding;Henry;noWikiID;3;5256;1743;novel;Gutenberg-US
JORROCK'S_JAUNTS_AND_JOLLITIES;"[""Jorrocks' Jaunts and Jollities""]";Surtees;Robert;noWikiID;2;15387;1838;novel;Gutenberg-US
JOSEPH_ANDREWS;['Joseph Andrews'];Fielding;Henry;Q784226;2;"9611; 9609";1742;(['comic novel'], ['novel']);Gutenberg-US
JUDE_THE_OBSCURE;['Jude the Obscure', 'Jude The Obscure'];Hardy;Thomas;Q1248773;28;153;1894;([], ['novel']);Gutenberg-US
JUST_SO_STORIES;['Just So Stories'];Kipling;Rudyard;Q1247723;2;2781;1902;children's book;Gutenberg-US
KENILWORTH;['Kenilworth'];Scott;Walter;Q2600597;2;1606;1821;(['historical novel'], []);Gutenberg-US
KIDNAPPED_(NOVEL);['Kidnapped'];Stevenson;Robert Louis;Q2349094;11;421;1886;"(['adventure novel', 'historical novel', 'fiction', ""children's literature""], ['novel'])";Gutenberg-US
KIM_(NOVEL);"['Kim', ""Kimball O'Hara""]";Kipling;Rudyard;Q589868;39;2226;1901;(['espionage novel'], []);Gutenberg-US
KING_SOLOMON'S_MINES;"[""King Solomon's Mines""]";Haggard;H. Rider;Q1137494;13;2166;1885;(['adventure novel', 'lost world fiction'], ['novel']);Gutenberg-US
KIPPS;['Kipps'];Wells;H. G.;Q1249082;7;39162;1906;(['social novel', 'comic novel'], ['novel']);Gutenberg-US
KNOCKNAGOW;['If Knocknagow', 'Knocknagow'];Kickham;Charles;noWikiID;8;https://www.exclassics.com/knockngw/knock.txt;1879;novel;Exclassics
LADY_AUDLEY'S_SECRET;"[""Lady Audley's Secret"", ""When Lady Audley's Secret"", ""Lady Audley's Secrets"", ""Lady Audley' s Secret""]";Braddon;Mary Elizabeth;Q2738351;69;8954;1862;(['sensation fiction'], []);Gutenberg-US
LEVER'S_LORD_KILGOBBIN;"[""Lever's Lord Kilgobbin""]";Lever;Charles;noWikiID;1;8941;1872;novel;Gutenberg-US
LIBER_AMORIS;['Liber Amoris'];Hazlitt;William;noWikiID;2;2049;1823;;Gutenberg-US
LIFE_AND_ADVENTURES_OF_PETER_WILKINS;['Life and Adventures of Peter Wilkins'];Paltock;Robert;noWikiID;1;51967;1763;novel;Gutenberg-US
LIFE_AND_PERAMBULATIONS_OF_A_MOUSE;['Life and Perambulations of a Mouse'];Kilner;Dorothy;noWikiID;2;1904;1784;children's book;Gutenberg-US
LIFE'S_LITTLE_IRONIES;"[""Life's Little Ironies""]";Hardy;Thomas;noWikiID;1;3047;1894;short stories;Gutenberg-US
LILITH;['Lilith'];MacDonald;George;noWikiID;3;1640;1895;novel;Gutenberg-US
LITTLE_DORRIT;['Little Dorrit', 'Little Dorritt', 'Amy Dorrit'];Dickens;Charles;Q565638;38;963;1855;([], ['novel']);Gutenberg-US
LITTLE_LORD_FAUNTLEROY;['Little Lord Fauntleroy'];Burnett;Frances Hodgson;Q387480;3;479;1885;"([""children's novel""], [])";Gutenberg-US
LONGSWORD_(NOVEL);['Longsword'];Leland;Thomas;Q104859091;3;ECCO;1762;novel;ECCO
LORD_JIM;['Lord Jim'];Conrad;Joseph;Q727408;4;5658;1900;(['psychological novel'], []);Gutenberg-US
LORNA_DOONE;['Lorna Doone'];Blackmore;R. D.;Q3400981;1;17460;1869;(['romantic fiction'], ['novel']);Gutenberg-US
LOSS_AND_GAIN;['Loss and Gain'];Newman;John Henry;Q3259809;3;24574;1848;(['philosophical novel', 'campus novel'], []);Gutenberg-US
LOST_DIARIES;['Lost Diaries'];Baring;Maurice;noWikiID;1;42542;1913;short stories;Gutenberg-US
LOVE_AMONG_THE_RUINS;['Love Among the Ruins', 'Love among the Ruins'];Deeping;Warwick;noWikiID;2;42284;1904;novel;Gutenberg-US
LOVE_AND_MADNESS;['Love and Madness'];Croft;Herbert;Q6691643;1;https://www.exclassics.com/lovemad/lovemadintro.htm;1780;([], ['novel']);Exclassics
LOVE_AND_MR_LEWISHAM;['Love and Mr Lewisham'];Wells;H. G.;Q4271834;2;11640;1900;(['novel'], ['novel']);Gutenberg-US
"LOVE_IN_EXCESS;_OR_THE_FATAL_ENQUIRY";['Love in Excess'];Haywood;Eliza;Q1588738;20;67612;1719;(['romance novel'], []);Gutenberg-US
LOVE_INTRIGUES;['Love Intrigues'];Barker;Jane;noWikiID;4;ebooks@adelaide;1713;novel;ebooks@adelaide
MADAM_HOW_AND_LADY_WHY;['Madam How and Lady Why'];Kingsley;Charles;noWikiID;1;1697;1870;children's book;Gutenberg-US
MAN_AND_WIFE_(NOVEL);['Man and Wife'];Collins;Wilkie;Q16386863;4;1586;1870;([], ['novel']);Gutenberg-US
MANSFIELD_PARK;['Mansfield Park'];Austen;Jane;Q469690;34;141;1814;(['romantic fiction'], ['novel']);Gutenberg-US
MARIA_OR_THE_WRONGS_OF_WOMAN;"['Wrongs of Woman', 'The Wrongs of Woman and', 'The Wrongs of Woman', 'The Wrongs of Woman after', 'The Wrongs of Woman, or Maria', 'Wrongs of Woman; or Maria', 'The Wrongs of Woman; or, Maria', 'The Wrongs of Woman: Or, Maria. A Fragment', 'The Wrongs of Women', 'The Wrongs of Woman; or Maria', 'Maria, or The Wrongs of Woman', 'Maria or the Wrongs of Woman']";Wollstonecraft;Mary;Q890170;32;134;1798;(['Gothic novel'], []);Gutenberg-US
MARIUS_THE_EPICUREAN;['Marius the Epicurean', 'Marius, the Epicurean'];Pater;Walter;Q5477441;8;4058;1885;(['philosophical fiction', 'historical fiction'], ['novel']);Gutenberg-US
MARRIAGE;['Marriage'];Ferrier;Susan;noWikiID;4;12669;1818;novel;Gutenberg-US
MARTIN_CHUZZLEWIT;['Martin Chuzzlewit', 'Pecksniff'];Dickens;Charles;Q1903609;12;968;1844;(['social criticism'], ['novel']);Gutenberg-US
MARY_A_FICTION;['Mary: A Fiction . Or', 'Mary, a Fiction', 'Mary: A Fiction'];Wollstonecraft;Mary;Q2900963;5;16357;1788;([], ['novel']);Gutenberg-US
MARY_BARTON;['Mary Barton', 'In Mary Barton'];Gaskell;Elizabeth;Q2607078;53;2153;1848;(['novel'], ['novel']);Gutenberg-US
MASTERMAN_READY_OR_THE_WRECK_OF_THE_PACIFIC;['Masterman Ready'];Marryat;Frederick;Q6785376;1;1412;1841;([], ['novel']);Gutenberg-US
MATHILDA;['Mathilda'];Shelley;Mary;Q3851863;1;15238;1820;novella;Gutenberg-US
MAX;['Max'];Thurston;Katherine Cecil;noWikiID;1;14054;1910;novel;Gutenberg-US
MAZEPPA;['Mazeppa'];Whishaw;Frederick;noWikiID;1;56522;1902;novel;Gutenberg-US
MELMOTH_THE_WANDERER;['Melmoth the Wanderer', 'Melmoth the Wanderer: A Tale', 'Melmoth theWanderer'];Maturin;Charles Robert;Q1475956;29;"53685; 53686; 53687; 53688";1820;(['Gothic novel'], []);Gutenberg-US
MEMOIRS_OF_A_CAVALIER;['Memoirs of a Cavalier', 'If Memoirs of a Cavalier'];Defoe;Daniel;Q6815274;6;12259;1720;(['historical fiction'], ['novel']);Gutenberg-US
MEMOIRS_OF_A_MAGDALEN;['Memoirs of a Magdalen', 'In Memoirs of a Magdalen'];Kelly;Hugh;Q6815279;3;ECCO;1767;([], ['novel']);ECCO
MEMOIRS_OF_CARWIN_THE_BILOQUIST;['Memoirs of Carwin the Biloquist'];Brown;Charles Brockden;Q6815263;1;842;1803;story fragment;Gutenberg-US
MEMOIRS_OF_EMMA_COURTNEY;['Memoirs of Emma Courtney', 'Emma', 'The Memoirs of Emma Courtney'];Hays;Mary;Q2395365;11;41256;1796;([], ['novel']);Gutenberg-US
MICAH_CLARKE;['Micah Clarke'];Doyle;Arthur Conan;Q3050442;2;9504;1889;(['historical novel'], []);Gutenberg-US
MIDDLEMARCH;['Middlemarch'];Eliot;George;Q313129;104;145;1871;(['realist novel'], ['novel']);Gutenberg-US
MILLENIUM_HALL;['Millenium Hall', 'A Description of Millenium Hall and the Country Adjacent'];Scott;Sarah;Q6858753;3;26050;1762;(['fantasy'], ['novel']);Gutenberg-US
MOLL_FLANDERS;['Moll Flanders', 'Moll Flanders Defoe'];Defoe;Daniel;Q612523;31;370;1722;(['picaresque novel'], ['novel']);Gutenberg-US
MOPSA_THE_FAIRY;['Mopsa the Fairy'];Inglow;Jean;noWikiID;1;32867;1869;story;Gutenberg-US
MORAL_TALES;['Moral Tales'];Edgeworth;Maria;noWikiID;5;8826;1802;collection of stories;Gutenberg-US
MR_MIDSHIPMAN_EASY;['Mr. Midshipman Easy'];Marryat;Frederick;Q1936382;1;6629;1836;(['adventure fiction', 'nautical fiction'], ['novel']);Gutenberg-US
MY_KALULU_PRINCE,_KING,_AND_SLAVE;['My Kalulu: Prince, King, and Slave'];Stanley;Henry M.;noWikiID;1;32923;1873;narrative;Gutenberg-US
MY_LADY_LUDLOW;['My Lady Ludlow'];Gaskell;Elizabeth;Q16387198;1;2524;1858;([], ['novel', 'novella']);Gutenberg-US
MY_NEW_CURATE;['My New Curate'];Sheehan;P. A. ;noWikiID;1;20295;1900;;Gutenberg-US
NATURE_AND_ART;['Nature and Art'];Inchbald;Elizabeth;Q48770862;4;3787;1796;([], ['novel']);Gutenberg-US
NEW_ARABIAN_NIGHTS;['New Arabian Nights'];Stevenson;Robert Louis;noWikiID;1;839;1882;collection of stories;Gutenberg-US
NEW_GRUB_STREET;['New Grub Street'];Gissing;George;noWikiID;15;1709;1891;novel;Gutenberg-US
NEWS_FROM_NOWHERE;['News from Nowhere'];Morris;William;Q7019506;11;3261;1890;(['social science fiction', 'futuristic novel', 'political novel', 'utopian novel', 'time-travel fiction'], ['novel']);Gutenberg-US
NIGHT_AND_MORNING;['Night and Morning'];Bulwer-Lytton;Edward;noWikiID;1;9750;1841;novel;Gutenberg-US
NIGHTMARE_ABBEY;['Nightmare Abbey'];Peacock;Thomas Love;Q4054406;7;9909;1818;(['Gothic novel'], []);Gutenberg-US
NO_NAME_(NOVEL);['No Name'];Collins;Wilkie;Q7044605;7;1438;1862;(['mystery fiction', 'sensation fiction'], []);Gutenberg-US
NO_THOROUGHFARE;['No Thoroughfare'];Dickens/Collins;Charles/Wilkie;Q7045074;1;1423;1867;(['novel'], ['novel']);Gutenberg-US
NORTH_AND_SOUTH_(GASKELL_NOVEL);['North and South'];Gaskell;Elizabeth;Q1853142;19;4276;1854;([], ['novel']);Gutenberg-US
NORTHANGER_ABBEY;['Northanger Abbey', 'In Northanger Abbey'];Austen;Jane;Q477508;28;121;1818;(['romantic fiction'], ['novel']);Gutenberg-US
NOSTROMO;['Nostromo'];Conrad;Joseph;Q430248;18;2021;1904;(['historical fiction'], ['novel']);Gutenberg-US
NOUGHTS_&_CROSSES;['Noughts & Crosses'];Quiller-Couch;Arthur Thomas;noWikiID;1;15865;1888;short stories;Gutenberg-US
ODD_MAN_OUT;['Odd Man Out'];Jacobs;William Wymark;noWikiID;3;10786;1909;short story;Gutenberg-US
ODOUR_OF_CHRYSANTHEMUMS;['Odour of Chrysanthemums'];Lawrence;D. H. ;Q7078330;2;22480;1911;([], ['short story']);Gutenberg-US
OLD_MORTALITY;['Old Mortality'];Scott;Walter;Q3234969;17;6941;1816;(['historical novel'], []);Gutenberg-US
OLIVER_TWIST;['Oliver Twist', 'To Oliver Twist', 'From Oliver Twist'];Dickens;Charles;Q164974;73;730;1838;([], ['novel']);Gutenberg-US
ON_THE_FACE_OF_THE_WATERS;['On the Face of the Waters'];Steel;Flora Annie;Q59151630;3;40140;1896;([], ['novel']);Gutenberg-US
ORIGINAL_STORIES_FROM_REAL_LIFE;['Original Stories from Real Life', 'Original Stories'];Wollstonecraft;Mary;Q2705647;10;64275;1791;"([""children's literature""], [])";Gutenberg-US
ORLEY_FARM_(NOVEL);['Orley Farm'];Trollope;Anthony;Q16962094;2;23000;1861;([], ['novel']);Gutenberg-US
OROONOKO;['Oroonoko: or, the Royal Slave', 'Oroonoko', 'Oroonoko, or, The Royal Slave', 'Oroonoko, or The Royal Slave', 'Oroonoko, or the History of the Royal Slave', 'Oroonoko, or the Royal Slave', 'Oroonoko: Or, The Royal Slave'];Behn;Aphra;Q2453934;55;29854;1688;(['literature'], ['novel', 'novella']);Gutenberg-US
OUR_MUTUAL_FRIEND;['Our Mutual Friend', 'Silas Wegg', 'Our Mutual Friend41'];Dickens;Charles;Q1557935;30;883;1864;([], ['novel']);Gutenberg-US
OUR_VILLAGE;['Our Village'];Mitford;Mary Russell;Q7111226;13;2496;1824;collection of stories;Gutenberg-US
OUT_ON_THE_PAMPAS;['Out on the Pampas'];Henty;George Alfred;noWikiID;1;30143;1871;novel;Gutenberg-US
PAMELA_OR_VIRTUE_REWARDED;['Pamela', 'Pamela, or Virtue Rewarded', 'Pamela, or, Virtue Rewarded'];Richardson;Samuel;Q2048624;59;6124;1740;(['epistolary novel', 'education novel'], ['novel']);Gutenberg-US
PANDORA;['Pandora'];James;Henry;noWikiID;1;2299;1909;novel;Gutenberg-US
PATRONAGE_(NOVEL);['Patronage'];Edgeworth;Maria;Q7148133;4;8937;1814;([], ['novel']);Gutenberg-US
PENDENNIS;['Pendennis', 'The History of Pendennis'];Thackeray;William Makepeace;Q7162382;6;9904;1850;(['novel'], ['novel']);Gutenberg-US
PERSUASION_(NOVEL);['Persuasion'];Austen;Jane;Q333179;14;105;1817;(['romantic fiction'], ['novel']);Gutenberg-US
PETER_AND_WENDY;['Peter Pan'];Barrie;J. M. ;Q3435337;10;16;1911;(['fantasy'], ['novel']);Gutenberg-US
PETER_THE_WHALER;['Peter the Whaler'];Kingston;William Henry Giles;noWikiID;2;21474;1851;children's book;Gutenberg-US
PETER'S_PENCE;"[""Peter's Pence""]";Jacobs;William Wymark;noWikiID;1;10788;1909;short story;Gutenberg-US
PHANTASTES;['Phantastes'];MacDonald;George;Q1616808;6;325;1858;(['fantasy'], ['novel']);Gutenberg-US
PHILISTIA;['Philistia'];Allen;Grant;noWikiID;1;6060;1884;novel;Gutenberg-US
PHINEAS_REDUX;['Phineas Redux'];Trollope;Anthony;Q7186370;3;18640;1874;([], ['novel']);Gutenberg-US
PLAIN_TALES_FROM_THE_HILLS;['Plain Tales from the Hills'];Kipling;Rudyard;Q3484772;4;1858;1888;collection of stories;Gutenberg-US
PLATTNER_STORY;"['Plattner Story""']";Wells;H. G. ;noWikiID;1;42989;1896;([], ['short story']);Gutenberg-US
POPULAR_TALES;['Popular Tales'];Edgeworth;Maria;noWikiID;4;33931;1800;collection of stories;Gutenberg-US
PRIDE_AND_PREJUDICE;['Pride and Prejudice', 'If Pride and Prejudice'];Austen;Jane;Q170583;30;1342;1813;(['novel of manners', 'satirical fiction', 'psychological fiction', 'romantic fiction'], ['novel']);Gutenberg-US
PRINCE_RICARDO_OF_PANTOUFLIA;['Prince Ricardo of Pantouflia'];Lang;Andrew;noWikiID;1;21994;1893;children's book;Gutenberg-US
PUCK_OF_POOK'S_HILL;"[""Puck of Pook's Hill""]";Kipling;Rudyard;Q4342308;2;557;1906;collection of stories;Gutenberg-US
QUENTIN_DURWARD;['Quentin Durward'];Scott;Walter;Q2469230;2;7853;1823;(['historical novel'], []);Gutenberg-US
RECOLLECTIONS_OF_A_DETECTIVE_POLICE_OFFICER;['Recollections of a Detective Police Officer'];Waters;Thomas;noWikiID;2;46462;1856;;Gutenberg-US
RECORDS_OF_A_GIRLHOOD;['Records of a Girlhood'];Kemble;Frances Ann;noWikiID;4;16478;1878;novel;Gutenberg-US
RED_POTTAGE;['In Red Pottage', 'Red Pottage'];Cholmondeley;Mary;noWikiID;4;14885;1899;novel;Gutenberg-US
REDGAUNTLET;"['Redgauntlet', ""Wandering Willie's Tale""]";Scott;Walter;Q3422871;27;2516;1824;(['historical novel'], []);Gutenberg-US
RINGAN_GILHAIZE;['Ringan Gilhaize'];Galt;John;noWikiID;9;30749;1823;novel;Gutenberg-US
ROB_ROY;['Rob Roy'];Scott;Walter;Q2156104;31;16828;1817;(['historical novel', 'Bildungsroman'], []);Gutenberg-US
ROBERT_ELSMERE;['Robert Elsmere'];Ward;Mary Augusta;Q7344052;8;8737;1888;([], ['novel']);Gutenberg-US
ROBERT_FALCONER;['Robert Falconer'];MacDonald;George;noWikiID;3;2561;1868;novel;Gutenberg-US
ROBINSON_CRUSOE;['Robinson Crusoe', 'Crusoe', 'Robison Crusoe', 'The Life and Strange Surprizing Adventures of Robinson Crusoe'];Defoe;Daniel;Q483034;79;521;1719;(['developmental novel', 'autobiography', 'robinsonade', 'adventure fiction', 'pirate fiction'], ['novel']);Gutenberg-US
ROMOLA;['Romola'];Eliot;George;Q7363279;1;24020;1862;(['historical novel'], ['novel']);Gutenberg-US
ROOKWOOD_(NOVEL);['Rookwood'];Ainsworth;William Harrison;Q7366231;2;23564;1834;(['Gothic fiction'], ['novel']);Gutenberg-US
ROXANA;['Roxana'];Defoe;Daniel;Q3825485;39;30344;1724;novel;Gutenberg-US
RUJUB_THE_JUGGLER;['Rujub the Juggler'];Henty;George Alfred;noWikiID;1;7229;1893;children's book;Gutenberg-US
RUTH;['Ruth'];Gaskell;Elizabeth;Q80038;13;4275;1853;novel;Gutenberg-US
SAINT_RONAN'S_WELL;"[""Saint Ronan's Well""]";Scott;Walter;Q3232270;1;ebooks@adelaide;1823;([], ['novel']);ebooks@adelaide
SALEM_CHAPEL;['Salem Chapel'];Oliphant;Margaret;noWikiID;5;"42013; 42044";1863;;Gutenberg-US
SANDERS_OF_THE_RIVER;['In Sanders of the River', 'Sanders of the River'];Wallace;Edgar;noWikiID;2;35545;1911;collection of stories;Gutenberg-US
SANDITON;['Sanditon'];Austen;Jane;Q3180417;5;https://gutenberg.net.au/ebooks/fr008641.html;1817;novel ;Gutenberg-AUS
SARTOR_RESARTUS;['Sartor Resartus'];Carlyle;Thomas;Q1134140;31;1051;1834;(['comic novel'], []);Gutenberg-US
SCENES_OF_CLERICAL_LIFE;['Scenes of Clerical Life', 'Amos Barton'];Eliot;George;Q6544172;11;17780;1857;(['short story'], []);Gutenberg-US
SECRESY;['Secresy'];Fenwick;Eliza;noWikiID;2;43529;1795;novel;Gutenberg-US
SELF-CONTROL_(NOVEL);['Self-Control'];Brunton;Mary;Q3478102;10;41196;1811;([], ['novel']);Gutenberg-US
SENSE_AND_SENSIBILITY;['Sense and Sensibility'];Austen;Jane;Q274744;32;161;1811;(['Bildungsroman', 'romantic fiction'], ['novel']);Gutenberg-US
SENTIMENTAL_TOMMY;['Sentimental Tommy'];Barrie;J. M. ;noWikiID;1;14961;1895;novel;Gutenberg-US
SEVEN_LITTLE_AUSTRALIANS;['Seven Little Australians'];Turner;Ethel;Q7457323;1;4731;1894;"([""children's novel""], [])";Gutenberg-US
SHE_A_HISTORY_OF_ADVENTURE;['She'];Haggard;H. Rider;Q640513;20;3155;1887;(['lost world fiction', 'adventure fiction', 'Gothic fiction', 'fantasy'], ['novel']);Gutenberg-US
SHIRLEY_(NOVEL);['Shirley'];Brontë;Charlotte;Q615175;24;30486;1849;(['social novel'], ['novel']);Gutenberg-US
SILAS_MARNER;['Silas Marner'];Eliot;George;Q638327;15;550;1861;(['novel of manners'], ['novel']);Gutenberg-US
SING_A_SONG_OF_SIXPENCE;['Sing a Song of Sixpence'];Holdsworth;Mary;noWikiID;1;40154;1892;children's book;Gutenberg-US
SIR_GIBBIE;['Sir Gibbie'];MacDonald;George;noWikiID;1;2370;1879;novel;Gutenberg-US
SIR_NIGEL;['Sir Nigel'];Doyle;Arthur Conan;Q1963997;1;2845;1906;novel;Gutenberg-US
SKETCHES_BY_BOZ;['Sketches by Boz'];Dickens;Charles;Q2609480;1;882;1833;collection of stories;Gutenberg-US
SOME_EXPERIENCES_OF_AN_IRISH_R.M.;['Some Experiences of an Irish R.M.'];Sommerville/Ross;Edith/Martin;noWikiID;1;34630;1889;;Gutenberg-US
SON_OF_MARS;['Son of Mars'];Griffith;Arthur;noWikiID;1;"57195; 57196";1880;novel;Gutenberg-US
SONS_AND_LOVERS;['Sons and Lovers'];Lawrence;D. H. ;Q80771;10;217;1913;([], ['novel']);Gutenberg-US
SPIES_OF_THE_KAISER;['Spies of the Kaiser'];Le Queux;William;noWikiID;1;33298;1909;novel;Gutenberg-US
ST_IVES;['St Ives'];Stevenson;Robert Louis;Q4675044;1;322;1897;novel;Gutenberg-US
ST_LEON;['St. Leon', 'St Leon'];Godwin;William;Q7589523;6;53707;1794;novel;Gutenberg-US
ST_MARTIN'S_EVE;"[""St Martin's Eve""]";Wood;Ellen;noWikiID;2;58582;1866;novel;Gutenberg-US
STALKY_&_CO.;['Stalky & Co.'];Kipling;Rudyard;Q4439259;3;3006;1899;(['novel'], ['novel']);Gutenberg-US
STELLA_MARIS;['Stella Maris'];Locke;William J. ;noWikiID;4;53994;1913;novel;Gutenberg-US
STORIES_OF_RED_HANRAHAN;['Stories of Red Hanrahan'];Yeats;William Butler;noWikiID;2;5793;1904;collection of stories;Gutenberg-US
SUNRISE;['Sunrise'];Black;William;noWikiID;1;17308;1880;novel;Gutenberg-US
SUSPIRIA_DE_PROFUNDIS;['Suspiria de Profundis'];De Quincey;Thomas;Q3978307;2;23788;1845;(['novel'], ['novel']);Gutenberg-US
SYBIL;['Sybil, or The Two Nations', 'Sybil, or the Two Nations', 'Sybil', 'Sybil: Or The Two Nations'];Disreali;Benjamin;Q3506752;17;3760;1845;novel;Gutenberg-US
SYLVIAS_LOVERS;"[""Sylvia's Lovers""]";Gaskell;Elizabeth;Q14566477;3;4537;1863;([], ['novel']);Gutenberg-US
SYLVIE_AND_BRUNO;['Sylvie and Bruno'];Carroll;Lewis;Q1632505;1;620;1889;(['fantasy'], ['novel']);Gutenberg-US
TALE_OF_TWO_BAD_MICE;['Tale of Two Bad Mice'];Potter;Beatrix;noWikiID;1;45264;1904;children's book;Gutenberg-US
TALES_FROM_SHAKESPEARE;['Tales from Shakespear', 'Tales from Shakespeare'];Lamb/Lamb;Charles/Mary;Q589197;6;573;1807;children's stories;Gutenberg-US
TALES_OF_FASHIONABLE_LIFE;['Tales of Fashionable Life'];Edgeworth;Maria;noWikiID;3;9414;1809;;Gutenberg-US
TALES_OF_MEAN_STREETS;['Tales of Mean Streets'];Morrison;Arthur;noWikiID;3;40569;1894;novel;Gutenberg-US
TALES_OF_UNREST;['Tales of Unrest'];Conrad;Joseph;noWikiID;6;1202;1898;short stories;Gutenberg-US
TANCRED_(NOVEL);"['Tancred', 'Tancred; or, the New Crusade']";Disreali;Benjamin;Q7682378;6;20004;1847;([], ['novel']);Gutenberg-US
TESS_OF_THE_D'URBERVILLES;"[""Tess of the D'Urbervilles"", ""Tess of the d'Urbervilles"", ""Tess of the d' Urbervilles""]";Hardy;Thomas;Q649409;32;110;1891;(['tragedy'], ['novel']);Gutenberg-US
THE_ABBOT;['The Abbot'];Scott;Walter;Q2717772;3;6407;1820;(['historical novel'], []);Gutenberg-US
THE_ABSENTEE;['The Absentee'];Edgeworth;Maria;Q7712149;24;1473;1812;(['political novel'], []);Gutenberg-US
THE_ADVENTURES_OF_A_BROWNIE;['The Adventures of a Brownie'];Craik;Dinah;noWikiID;1;30494;1874;children's book;Gutenberg-US
THE_ADVENTURES_OF_ANTHONY_VARNISH;['The Adventures of Anthony Varnish'];Johnstone;Charles;noWikiID;2;ECCO;1786;;ECCO
THE_ADVENTURES_OF_DAVID_SIMPLE;['The Adventures of David Simple'];Fielding;Sarah;noWikiID;5;pdf;1744;;PDF
THE_ADVENTURES_OF_HAJJI_BABA;['The Adventures of Hajji Baba', 'The Adventures of Hajji Baba of Ispahan'];Morier;James;noWikiID;2;21331;1824;;Gutenberg-US
THE_ADVENTURES_OF_HUGH_TREVOR;['The Adventures of Hugh Trevor'];Holcroft;Thomas;noWikiID;1;9811;1794;novel;Gutenberg-US
THE_ADVENTURES_OF_PEREGRINE_PICKLE;['Peregrine Pickle', 'In Peregrine Pickle'];Smollett;Tobias;Q7712607;3;4084;1751;([], ['novel']);Gutenberg-US
THE_ADVENTURES_OF_RIVELLA;['The Adventures of Rivella'];Manley;Delarivier;Q85806338;1;pdf;1714;novel;PDF
THE_ADVENTURES_OF_RODERICK_RANDOM;['Roderick Random'];Smollett;Tobias;Q7712626;3;4085;1748;([], ['novel']);Gutenberg-US
THE_ADVENTURES_OF_SHERLOCK_HOLMES;['Adventures of Sherlock Holmes', 'The Adventures of Sherlock Holmes'];Doyle;Arthur Conan;Q392147;9;1661;1892;(['detective fiction'], ['short story collection']);Gutenberg-US
THE_ALTAR_OF_THE_DEAD;['The Altar of the Dead'];James;Henry;Q7713242;1;642;1895;([], ['short story']);Gutenberg-US
THE_AMBASSADORS;['The Ambassadors'];James;Henry;Q650571;8;432;1903;(['novel'], ['novel']);Gutenberg-US
THE_AMERICAN;['The American'];James;Henry;Q3080503;1;177;1876;(['novel'], ['novel']);Gutenberg-US
THE_ANTI-PAMELA;"['Anti-Pamela', ""Anti-Pamela: or, Feign'd Innocence Detected, In a Series of Syrena's Adventures""]";Haywood;Eliza;Q7713932;4;https://digital.library.upenn.edu/women/haywood/pamela/pamela.html;1741;(['parody', 'epistolary novel'], []);https://digital.library.upenn.edu
THE_ANTIQUARY;['The Antiquary'];Scott;Walter;Q1157183;5;7005;1816;(['Gothic fiction', 'historical fiction'], ['novel']);Gutenberg-US
THE_ASPERN_PAPERS;['The Aspern Papers'];James;Henry;Q2362409;1;211;1888;([], ['novel', 'novella']);Gutenberg-US
THE_AUTOBIOGRAPHY_OF_MARK_RUTHERFORD;['Autobiography of Mark Rutherford', 'The Autobiography of Mark Rutherford'];Rutherford;Mark;noWikiID;2;3269;1881;fictionalised autobiography;Gutenberg-US
THE_AWKWARD_AGE;['The Awkward Age'];James;Henry;noWikiID;1;7433;1899;(['novel'], ['novel']);Gutenberg-US
THE_AYRSHIRE_LEGATEES;['The Ayrshire Legatees'];Galt;John;noWikiID;1;1384;1821;narrative;Gutenberg-US
THE_BATTLE_OF_DORKING;['The Battle of Dorking'];Powell;G. H.;Q7715857;3;65882;1871;(['polemical lampoon', 'political fiction', 'science fiction'], ['novel']);Gutenberg-US
THE_BATTLE_OF_THE_BOOKS;['The Battle of the Books', 'The Battel of the Books', 'In the Battle of the Books'];Swift;Jonathan;Q7715895;5;623;1704;(['polemical lampoon'], []);Gutenberg-US
THE_BEACH_OF_FALESA;['The Beach of FalesÃ ', 'The Beach of FalesÃ¡', 'The Beach of Falesa'];Stevenson;Robert Louis;Q7715970;8;329;1892;(['short story'], ['short story']);Gutenberg-US
THE_BEETLE_(NOVEL);['The Beetle'];Marsh;Richard;Q7716299;3;5164;1897;(['fantasy'], ['novel']);Gutenberg-US
THE_BETH_BOOK;['The Beth Book'];Grand;Sarah;noWikiID;8;28088;1897;novel;Gutenberg-US
THE_BICKERSTAFF_PAPERS;['The Bickerstaff Papers'];Swift;Jonathan;noWikiID;1;1090;1708;prose satire;Gutenberg-US
THE_BLACK_ARROW;['The Black Arrow'];Stevenson;Robert Louis;noWikiID;1;848;1888;children's book;Gutenberg-US
THE_BLACK_DWARF;['The Black Dwarf'];Scott;Walter;noWikiID;5;1460;1816;novel;Gutenberg-US
THE_BLACK_PROPHET;['The Black Prophet', 'The Black Prophet,'];Carleton;William;noWikiID;9;16018;1846;novel;Gutenberg-US
THE_BODY-SNATCHER;['The Body-Snatcher'];Stevenson;Robert Louis;noWikiID;1;426;1884;;Gutenberg-US
THE_BOOK_OF_WONDER;['The Book of Wonder'];Plunkett;Edward;Q7719322;1;7477;1912;(['fantasy'], ['short story']);Gutenberg-US
THE_BRIDE_OF_LAMMERMOOR;['The Bride of Lammermoor'];Scott;Walter;Q2659725;11;471;1819;(['historical fiction'], ['novel']);Gutenberg-US
THE_BRITISH_BARBARIANS;['The British Barbarians'];Allen;Grant;noWikiID;1;4340;1895;novel;Gutenberg-US
THE_BROWNIE_OF_BODSBECK;['The Brownie of Bodsbeck', 'Brownie of Bodsbeck'];Hogg;James;Q96408508;8;"40955; 41796";1818;novel;Gutenberg-US
THE_CANTERVILLE_GHOST;['The Canterville Ghost'];Wilde;Oscar;Q288020;2;14522;1887;(['historical novel'], ['short story']);Gutenberg-US
THE_CARVED_LIONS;['The Carved Lions'];Molesworth;Mary Louisa;Q7721468;1;39549;1895;([], ['novel']);Gutenberg-US
THE_CASTLE_OF_OTRANTO;['The Castle of Otranto', 'Otranto', 'Castle of Otranto'];Walpole;Horace;Q548576;74;696;1764;(['Gothic novel'], []);Gutenberg-US
THE_CASTLE_OF_WOLFENBACH;['The Castle of Wolfenbach', 'The Castle ofWolfenbach'];Parsons;Eliza;Q3520218;2;https://gutenberg.net.au/ebooks06/0606211h.html;1793;(['Gothic novel'], []);Gutenberg-AUS
THE_CASTLES_OF_ATHLIN_AND_DUNBAYNE;['The Castles of Athlin and Dunbayne', 'Castles of Athlin and Dunbayne'];Radcliffe;Ann;Q7721600;2;https://digital.library.upenn.edu/women/radcliffe/athlin/athlin.html;1789;(['Gothic fiction'], ['novel']);https://digital.library.upenn.edu
THE_CAXTONS;['The Caxtons'];Bulwer-Lytton;Edward;Q16385244;1;7605;1849;([], ['novel']);Gutenberg-US
THE_CHANGELING;['The Changeling'];Besant;Walter;noWikiID;2;49035;1898;novel;Gutenberg-US
THE_CHANNINGS_(NOVEL);['The Channings'];Wood;Ellen;Q7722115;1;9192;1862;([], ['novel']);Gutenberg-US
THE_CHILDREN_OF_THE_ABBEY;['Children of the Abbey', 'The Children of the Abbey', 'The Children of the Abbey: A Tale'];Roche;Regina Maria;Q7722505;11;60174;1796;(['Gothic fiction'], ['novel']);Gutenberg-US
THE_CHILDREN_OF_THE_NEW_FOREST;['The Children of the New Forest', 'In Children of the New Forest'];Marryat;Frederick;Q7722508;2;6471;1847;([], ['novel']);Gutenberg-US
THE_CHIMES;['The Chimes'];Dickens;Charles;Q3828573;1;653;1844;([], ['novella']);Gutenberg-US
THE_CLAYHANGER;['Clayhanger', 'The Clayhanger'];Bennett;Arnold;noWikiID;6;21249;1910;novel;Gutenberg-US
THE_CLEVER_WOMAN_OF_THE_FAMILY;['The Clever Woman of the Family'];Yonge;Charlotte;noWikiID;1;3292;1865;novel;Gutenberg-US
THE_CLOISTER_AND_THE_HEARTH;['The Cloister and the Hearth'];Reade;Charles;Q7723455;4;1366;1861;(['historical fiction'], ['novel']);Gutenberg-US
THE_COMING_OF_CUCULAIN;['The Coming of Cuculain'];O'Grady;Standish;noWikiID;1;5092;1894;novel;Gutenberg-US
THE_CONFESSIONS_OF_HARRY_LORREQUER;['Confessions of Harry Lorrequer', 'The Confessions of Harry Lorrequer'];Lever;Charles James;noWikiID;2;5240;1837;novel;Gutenberg-US
THE_CONSOLIDATOR;['The Consolidator'];Defoe;Daniel;Q60753482;1;7089;1705;novel;Gutenberg-US
THE_COUNTRY_OF_THE_BLIND;['The Country of the Blind'];Wells;H. G.;Q823691;9;11870;1904;(['short story', 'science fiction'], ['short story']);Gutenberg-US
THE_CRICKET_ON_THE_HEARTH;['The Cricket on the Hearth'];Dickens;Charles;Q825220;1;678;1845;([], ['novella']);Gutenberg-US
THE_CROCK_OF_GOLD_(NOVEL);['The Crock of Gold'];Mackenzie;Thomas;Q7728134;6;1605;1912;([], ['novel']);Gutenberg-US
THE_CROWN_OF_SUCCESS;['The Crown of Success'];Tucker;Charlotte Maria;noWikiID;2;25516;1889;children's book;Gutenberg-US
THE_DARK_FLOWER;['The Dark Flower'];Galsworthy;John;noWikiID;1;2192;1913;novel;Gutenberg-US
THE_DAYS_OF_AULD_LANGSYNE;['The Days of Auld Langsyne'];MacLaren;Ian;noWikiID;1;43726;1895;collection of stories;Gutenberg-US
THE_DEAD_SECRET;['The Dead Secret'];Collins;Wilkie;Q16934313;3;43092;1857;([], ['novel']);Gutenberg-US
THE_DEMI-GODS;['The Demi-Gods'];Stephens;James;noWikiID;1;46558;1914;narrative;Gutenberg-US
THE_DIARY_OF_A_NOBODY;['Diary of a Nobody', 'The Diary of a Nobody'];Grossmith/Grossmith;George/Weedon;Q864150;6;1026;1888;(['epistolary novel', 'comic novel'], []);Gutenberg-US
THE_DOCTOR'S_WIFE_(MOORE_NOVEL);"[""The Doctor's Wife"", ""The Doctor' s Wife""]";Braddon;Mary Elizabeth;Q7730467;12;35485;1863;([], ['novel']);Gutenberg-US
THE_DUKE'S_CHILDREN;"[""The Duke's Children""]";Trollope;Anthony;Q7731161;2;3622;1879;([], ['novel']);Gutenberg-US
THE_DYNAMITER;['The Dynamiter'];Stevenson/Stevenson;Robert Louis/Fanny van de Grift;noWikiID;4;647;1885;collection of stories;Gutenberg-US
THE_EBB-TIDE;['The Ebb-Tide'];Stevenson/Osbourne;Robert Louis/Lloyd;Q4674957;1;1604;1894;(['adventure fiction'], ['novel']);Gutenberg-US
THE_EGOIST_(NOVEL);['The Egoist'];Meredith;George;Q7731638;3;1684;1879;([], ['novel']);Gutenberg-US
THE_EMIGRANTS_OF_AHADARRA;['The Emigrants of Ahadarra'];Carleton;William;noWikiID;1;16011;1847;novel;Gutenberg-US
THE_ENCHANTED_CASTLE;['The Enchanted Castle'];Nesbit;Edith;Q2920166;1;3536;1907;"([""children's novel""], [])";Gutenberg-US
THE_ENTAIL;['The Entail'];Galt;John;noWikiID;8;44573;1823;novel;Gutenberg-US
THE_EUSTACE_DIAMONDS;['The Eustace Diamonds'];Trollope;Anthony;Q7732627;2;7381;1871;([], ['novel']);Gutenberg-US
THE_EVIL_GUEST;['The Evil Guest'];Sheridan Le Fanu;Joseph;noWikiID;1;10377;1851;novel;Gutenberg-US
THE_EXECUTOR;['The Executor'];Oliphant;Margaret;noWikiID;1;59759;1861;novel;Gutenberg-US
THE_EXPEDITION_OF_HUMPHRY_CLINKER;['The Expedition of Humphry Clinker', 'Humphry Clinker'];Smollett;Tobias;Q3203413;27;2160;1771;(['epistolary novel'], ['novel']);Gutenberg-US
THE_EXPERIENCES_OF_LOVEDAY_BROOKE,_LADY_DETECTIVE;['The Experiences of Loveday Brooke, Lady Detective'];Pirkis;Catherine Louisa;noWikiID;2;https://digital.library.upenn.edu/women/pirkis/brooke/brooke.html;1893;;https://digital.library.upenn.edu
THE_FAIR_JILT;['The Fair Jilt'];Behn;Aphra;Q18393398;3;29854;1688;novella;Gutenberg-US
THE_FAIR_MAID_OF_PERTH;['The Fair Maid of Perth'];Scott;Walter;Q3209885;1;7987;1828;(['historical novel'], []);Gutenberg-US
THE_FAIRCHILD_FAMILY;['The Fairchild Family'];Sherwood;Mary Martha;noWikiID;4;29725;1818;children's book;Gutenberg-US
THE_FALLEN_LEAVES_(BOOK);['The Fallen Leaves'];Collins;Wilkie;Q85807134;1;7894;1879;novel;Gutenberg-US
THE_FATHER_AND_DAUGHTER;['The Father and Daughter'];Opie;Amelia;Q65052285;3;49621;1801;novel;Gutenberg-US
THE_FEMALE_QUIXOTE;['The Female Quixote', 'Female Quixote'];Lennox;Charlotte;Q1404172;21;50054;1752;(['education novel', 'satirical fiction'], ['novel']);Gutenberg-US
THE_FIDDLER_OF_THE_REELS;['The Fiddler of the Reels'];Hardy;Thomas;Q2288667;1;3047;1893;([], ['short story']);Gutenberg-US
THE_FIGURE_IN_THE_CARPET;['The Figure in the Carpet'];James;Henry;Q3224800;1;645;1896;(['short story'], []);Gutenberg-US
THE_FIRST_MEN_IN_THE_MOON;['The First Men in the Moon'];Wells;H. G.;Q1218232;3;52501;1901;(['romantic fiction', 'science fiction'], ['novel']);Gutenberg-US
THE_FIXED_PERIOD;['The Fixed Period'];Trollope;Anthony;Q7734312;1;27067;1882;(['futuristic fiction'], ['novel']);Gutenberg-US
THE_FOOD_OF_THE_GODS_AND_HOW_IT_CAME_TO_EARTH;['The Food of the Gods'];Wells;H. G. ;Q1215802;3;11696;1904;(['science fiction', 'romantic fiction'], ['novel']);Gutenberg-US
THE_FOOL_OF_QUALITY;['The Fool of Quality', 'Fool of Quality'];Brooke;Henry;Q7734703;13;ECCO;1765;([], ['novel']);ECCO
THE_FORSYTE_SAGA;['The Forsyte Saga', 'Forsyte'];Galsworthy;John;Q735319;5;4397;1906;(['novel'], ['novel']);Gutenberg-US
THE_FORTUNES_OF_NIGEL;['The Fortunes of Nigel'];Scott;Walter;Q3230799;2;5950;1822;(['historical novel'], []);Gutenberg-US
THE_FROZEN_DEEP;['The Frozen Deep'];Collins;Wilkie;Q7735382;2;1625;1866;novel;Gutenberg-US
THE_GENTLEMAN;['The Gentleman'];Ollivant;Alfred;noWikiID;2;8396;1908;novel;Gutenberg-US
THE_GOLDEN_AGE;['The Golden Age'];Grahame;Kenneth;noWikiID;1;291;1895;collection of stories;Gutenberg-US
THE_GOLDEN_BOWL;['The Golden Bowl'];James;Henry;Q1248585;5;4264;1904;(['novel'], ['novel']);Gutenberg-US
THE_GORILLA_HUNTERS;['The Gorilla Hunters'];Ballantyne;R. M. ;Q17015740;1;21736;1861;([], ['novel']);Gutenberg-US
"THE_GOVERNESS;_OR,_THE_LITTLE_FEMALE_ACADEMY";"['The Governess; or, the Little Female Academy', 'The Governess; or Little Female Academy', 'The Governess', 'The Daily Governess']";Fielding;Sarah;Q7737400;12;1905;1749;([], ['novel']);Gutenberg-US
THE_GREAT_GOD_PAN;['The Great God Pan'];Machen;Arthur;Q1394704;6;389;1894;(['horror novel'], ['novella']);Gutenberg-US
THE_GREAT_TABOO;['The Great Taboo'];Allen;Grant;noWikiID;1;13876;1890;novel;Gutenberg-US
THE_GREAT_WAR_IN_ENGLAND_IN_1897;['The Great War in England in 1897'];Le Queux;William;Q7737983;1;37470;1894;([], ['novel']);Gutenberg-US
THE_GREEN_CARNATION;['The Green Carnation', 'The Green Carnation strongly'];Hichens;Robert;Q7738140;2;24499;1894;(['LGBT-related literature'], ['novel']);Gutenberg-US
THE_GRIM_SMILE_OF_THE_FIVE_TOWNS;['The Grim Smile of the Five Towns'];Bennett;Arnold;Q24255934;1;4734;1907;([], ['short story']);Gutenberg-US
THE_HAPPY_PRINCE_AND_OTHER_TALES;['Short Story', 'The Short Story', 'The Happy Prince and Other Tales', 'The Happy Prince', 'The Nightingale and the Rose'];Wilde;Oscar;Q797466;7;30120;1888;children's book;Gutenberg-US
THE_HAUNTED_HOUSE;['The Haunted House'];Dickens;Charles;Q6073289;1;ebooks@adelaide;1859;(['novel'], ['short story']);ebooks@adelaide
THE_HAUNTED_MAN_AND_THE_GHOST'S_BARGAIN;['The Haunted Man'];Dickens;Charles;Q3795070;4;644;1848;(['speculative/fantastic fiction novel'], []);Gutenberg-US
THE_HEART_OF_MIDLOTHIAN;['Heart of Midlothian', 'The Heart of Mid-Lothian', 'The Heart of Midlothian'];Scott;Walter;Q2091094;12;6944;1818;(['historical novel'], ['novel']);Gutenberg-US
THE_HEAVENLY_TWINS;['The Heavenly Twins'];Grand;Sarah;noWikiID;21;8676;1893;novel;Gutenberg-US
THE_HEIR_OF_REDCLYFFE;['The Heir of Redclyffe'];Yonge;Charlotte;Q7739314;6;2505;1853;(['romantic fiction'], ['novel']);Gutenberg-US
THE_HERO;['The Hero'];Maugham;William Somerset;noWikiID;1;27063;1901;nove;Gutenberg-US
THE_HEROINE;['The Heroine'];Barrett;Eaton Stannard;noWikiID;3;43065;1813;novel;Gutenberg-US
THE_HILL;['The Hill'];Vachell;Horace Annesley;noWikiID;1;23154;1905;children's book;Gutenberg-US
THE_HILL_OF_DREAMS;['The Hill of Dreams', 'The Hills of Dreams'];Machen;Arthur;Q1394147;2;13969;1907;(['autobiographical novel'], []);Gutenberg-US
THE_HISTORY_AND_REMARKABLE_LIFE_OF_THE_TRULY_HONOURABLE_COL;['The History and Remarkable Life of the Truly Honourable Col'];Defoe;Daniel;noWikiID;1;52603;1722;novel;Gutenberg-US
THE_HISTORY_OF_EMILY_MONTAGUE;['The History of Emily Montague', 'History of Emily Montague'];Mandeville;Julia;Q42191035;6;16300;1769;(['epistolary novel', 'sentimental novel'], ['novel']);Gutenberg-US
THE_HISTORY_OF_JACK_CONNOR;['The History of Jack Connor'];Chaigneau;William;noWikiID;6;ECCO;1752;;ECCO
THE_HISTORY_OF_LITTLE_GOODY_TWO-SHOES;['Goody Two-Shoes', 'The History of Little Goody Two-Shoes', 'Little Goody Two-Shoes', 'History of Little Goody Two-Shoes'];Newbery;John;Q12060236;16;37877;1765;children's book;Gutenberg-US
THE_HISTORY_OF_MISS_BETSY_THOUGHTLESS;['The History of Miss Betsy Thoughtless'];Haywood;Eliza;noWikiID;4;46346;1751;novel;Gutenberg-US
THE_HISTORY_OF_MR_POLLY;['The History of Mr. Polly', 'Mr. Polly', 'The History of Mr Polly'];Wells;H. G. ;Q2507552;3;7308;1910;(['comedy'], ['novel']);Gutenberg-US
THE_HISTORY_OF_RASSELAS,_PRINCE_OF_ABYSSINIA;['The History of Rasselas, Prince of Abyssinia', 'Rasselas'];Johnson;Samuel;Q3419875;37;652;1759;(['apologue'], ['novel', 'novella']);Gutenberg-US
THE_HISTORY_OF_SANDFORD_AND_MERTON;['Sandford and Merton', 'The History of Sandford and Merton'];Day;Thomas;Q7739806;4;30274;1783;children's book;Gutenberg-US
THE_HISTORY_OF_SIR_CHARLES_GRANDISON;['Charles Grandison', 'The History of Sir Charles Grandison'];Richardson;Samuel;Q3521260;2;ebooks@adelaide;1753;(['epistolary novel'], []);ebooks@adelaide
THE_HISTORY_OF_THE_COUNTESS_OF_DELLWYN;['The History of the Countess of Dellwyn'];Fielding;Sarah;Q19902681;4;pdf;1759;([], ['novel']);PDF
THE_HISTORY_OF_THE_FAIRCHILD_FAMILY;['The History of the Fairchild Family'];Sherwood;Mary Martha;Q7739822;3;29725;1810;children's book;Gutenberg-US
THE_HISTORY_OF_THE_NUN;['The History of the Nun: or, the Fair Vow-Breaker'];Behn;Aphra;Q7739821;1;pdf;1689;([], ['short story']);PDF
THE_HISTORY_OF_TOM_JONES,_A_FOUNDLING;['The History of Tom Jones, A Foundling', 'Tom Jones', 'The History of Tom Jones, a Foundling'];Fielding;Henry;Q248096;14;6593;1749;(['Bildungsroman', 'picaresque novel'], ['novel']);Gutenberg-US
THE_HORRORS_OF_OAKENDALE_ABBEY;['The Horrors of Oakendale Abbey'];Carlisle;Anthony;Q7740333;1;https://ota.bodleian.ox.ac.uk/repository/xmlui/handle/20.500.12024/N26780;1797;(['Gothic fiction'], ['novel']);https://ota.bodleian.ox.ac.uk/repository/xmlui/handle/20.500.12024/N26780
THE_HOUND_OF_THE_BASKERVILLES;['The Hound of the Baskervilles'];Doyle;Arthur Conan;Q45192;8;2852;1901;(['detective fiction', 'crime fiction', 'mystery fiction'], ['novel']);Gutenberg-US
THE_HOUSE_BY_THE_CHURCHYARD;['The House by the Churchyard', 'The House by the Churchyard by London'];Sheridan Le Fanu;Joseph;Q4165605;3;17769;1863;([], ['novel']);Gutenberg-US
THE_HOUSE_ON_THE_BORDERLAND;['The House on the Borderland', 'The House on the Border Land'];Hodgson;William Hope;Q740473;2;10002;1908;(['horror fiction', 'fantasy'], ['novel']);Gutenberg-US
THE_HOUSE_WITH_THE_GREEN_SHUTTERS;['The House with the Green Shutters'];Douglas;George;Q7740720;1;25876;1901;([], ['novel']);Gutenberg-US
THE_INHERITORS_(CONRAD_AND_FORD_NOVEL);['The Inheritors'];Conrad/Huefer;Joseph/Ford M.;Q7742035;2;14888;1901;([], ['novel']);Gutenberg-US
THE_INTERESTING_NARRATIVE_OF_THE_LIFE_OF_OLAUDAH_EQUIANO;['The Interesting Narrative of the Life of Olaudah Equiano', 'The Interesting Narrative of the Life of Olaudah Equiano, or Gustavus Vassa, the African', 'The Interesting Narrative of the Life of Olaudah Equiano, or Gustavus Vassa'];Equiano;Olaudah;Q7742270;5;15399;1789;(['autobiography'], []);Gutenberg-US
THE_INTERPRETERS;['The Interpreters'];Whyte-Melville;George J. ;noWikiID;5;40660;1857;novel;Gutenberg-US
THE_INVISIBLE_MAN;['The Invisible Man'];Wells;H. G. ;Q1539509;6;5230;1897;(['science fiction'], ['novel']);Gutenberg-US
THE_ISLAND_OF_DOCTOR_MOREAU;['The Island of Dr. Moreau', 'Island of Dr. Moreau', 'The Island of Doctor Moreau', 'The Island of Dr Moreau'];Wells;H. G. ;Q718268;17;159;1896;(['science fiction'], ['novel']);Gutenberg-US
THE_ITALIAN_(RADCLIFFE_NOVEL);['The Italian'];Radcliffe;Ann;Q3204370;12;ebooks@adelaide;1797;(['sentimental novel', 'romantic fiction', 'thriller', 'Gothic fiction'], ['novel']);ebooks@adelaide
THE_JOLLY_CORNER;['The Jolly Corner'];James;Henry;Q15240001;1;1190;1908;([], ['short story']);Gutenberg-US
THE_JUNGLE_BOOK;['Jungle Books', 'The Jungle Book', 'The White Seal'];Kipling;Rudyard;Q189509;10;35997;1894;(['didactic literature', 'narration'], []);Gutenberg-US
THE_KELLYS_AND_THE_O'KELLYS;"[""The Kellys and the O'Kellys""]";Trollope;Anthony;Q7744082;1;4917;1848;([], ['novel']);Gutenberg-US
THE_KING_AND_QUEEN_OF_HEARTS;['The King and Queen of Hearts'];Collins;Wilkie;noWikiID;1;1917;1859;short stories;Gutenberg-US
THE_KING_OF_THE_GOLDEN_RIVER;['The King of the Golden River'];Ruskin;John;Q14476439;3;701;1842;(['fantasy'], ['novel', 'short story', 'novella']);Gutenberg-US
THE_KING_OF_THE_PIRATES;['The King of the Pirates'];Defoe;Daniel;noWikiID;2;37992;1719;narrative;Gutenberg-US
THE_KING'S_OWN;"[""The King's Own""]";Marryat;Frederick;noWikiID;4;21550;1830;;Gutenberg-US
THE_LANCASHIRE_WITCHES;['The Lancashire Witches'];Ainsworth;William Harrison;Q7745322;1;15493;1848;([], ['novel']);Gutenberg-US
THE_LAND_IRONCLADS;['The Land Ironclads'];Wells;H. G.;Q7745355;1;https://gutenberg.net.au/ebooks06/0604041h.html;1903;([], ['short story']);Gutenberg-AUS
THE_LANDLEAGUERS;['The Landleaguers'];Trollope;Anthony;noWikiID;3;30606;1883;novel;Gutenberg-US
THE_LAST_DAYS_OF_POMPEII;['The Last Days of Pompeii', 'Last Days of Pompeii'];Bulwer-Lytton;Edward;Q1218985;6;1565;1834;(['historical fiction', 'historical prose literature'], ['novel']);Gutenberg-US
THE_LAST_MAN;['The Last Man'];Shelley;Mary;noWikiID;16;18247;1826;novel;Gutenberg-US
THE_LAW_AND_THE_LADY_(NOVEL);['The Law and the Lady'];Collins;Wilkie;Q3480742;12;1622;1875;(['crime novel'], []);Gutenberg-US
THE_LIFE_AND_OPINIONS_OF_TRISTRAM_SHANDY_GENTLEMAN;['Tristram Shandy', 'The Life and Opinions of Tristram Shandy, Gentleman'];Sterne;Laurence;Q1164083;44;1079;1759;(['satirical fiction', 'picaresque novel', 'metafiction'], ['novel']);Gutenberg-US
THE_LIFE_OF_HARRIOT_STUART;['The Life of Harriot Stuart'];Lennox;Charlotte;noWikiID;1;ebooks@adelaide;1751;;ebooks@adelaide
THE_LIFE_OF_JOHN_BUNCLE;['The Life of John Buncle', 'The Life of John Buncle Esq'];Amory;Thomas;noWikiID;5;https://www.exclassics.com/buncle/buncle.txt;1756;novel;PDF
THE_LIFTED_VEIL_(NOVELLA);['The Lifted Veil'];Eliot;George;Q6763446;5;2165;1859;([], ['novella']);Gutenberg-US
THE_LIGHT_PRINCESS;['The Light Princess'];MacDonald;George;noWikiID;1;697;1864;children's book;Gutenberg-US
THE_LIGHTHOUSE;['The Lighthouse'];Ballantyne;R. M. ;noWikiID;2;15124;1865;children's book;Gutenberg-US
THE_LITTLE_LAME_PRINCE_AND_HIS_TRAVELLING_CLOAK;['The Little Lame Prince'];Craik;Dinah;Q7747642;1;496;1875;([], ['novel']);Gutenberg-US
THE_LITTLE_MINISTER;['The Little Minister'];Barrie;J. M. ;noWikiID;1;5093;1891;novel;Gutenberg-US
THE_LONGEST_JOURNEY;['The Longest Journey'];Forster;E.  M. ;Q15999894;1;2604;1907;novel;Gutenberg-US
THE_LOUGH_DERG_PILGRIM;['The Lough Derg Pilgrim'];Carleton;William;noWikiID;1;16013;1830;;Gutenberg-US
THE_LUCK_OF_BARRY_LYNDON;['The Luck of Barry Lyndon'];Thackeray;William Makepeace;Q2124771;1;4558;1844;(['autobiographical novel', 'picaresque novel'], []);Gutenberg-US
THE_MACDERMOTS_OF_BALLYCORAN;['The Macdermots of Ballycoran'];Trollope;Anthony;noWikiID;1;29000;1847;novel;Gutenberg-US
THE_MAN;['The Man'];Stoker;Bram;noWikiID;4;2520;1905;novel;Gutenberg-US
THE_MAN_OF_FEELING;['Man of Feeling', 'The Man of Feeling'];Mackenzie;Henry;Q7750109;32;5083;1771;([], ['novel']);Gutenberg-US
THE_MAN_WHO_COULD_WORK_MIRACLES_(SHORT_STORY);['The Man Who Could Work Miracles'];Wells;H. G. ;Q7749926;1;27365;1899;([], ['short story']);Gutenberg-US
THE_MAN_WHO_WAS_THURSDAY;['The Man Who Was Thursday'];Chesterton;G. K.;Q959816;1;1695;1908;(['thriller'], ['novel']);Gutenberg-US
THE_MAN_WHO_WOULD_BE_KING;"['The Man Who Would Be King', ""The Man Who Would Be King'""]";Kipling;Rudyard;Q1129936;2;8147;1888;(['adventure novel'], ['novella']);Gutenberg-US
THE_MANXMAN;['The Manxman'];Caine;Hall;noWikiID;1;25570;1894;novel;Gutenberg-US
THE_MARTIAN;['The Martian'];Maurier;George du;noWikiID;1;27400;1898;novel;Gutenberg-US
THE_MASTER_OF_BALLANTRAE;['The Master of Ballantrae'];Stevenson;Robert Louis;Q2615930;8;864;1889;(['historical fiction', 'adventure fiction'], ['novel']);Gutenberg-US
THE_MAYOR_OF_CASTERBRIDGE;['The Mayor of Casterbridge'];Hardy;Thomas;Q2343169;6;143;1886;([], ['novel']);Gutenberg-US
THE_MEMOIRS_OF_MISS_SIDNEY_BIDULPH;['Memoirs of Miss Sidney Bidulph', 'The Memoirs of Miss Sidney Bidulph'];Sheridan;Frances;Q124661412;9;43437;1761;novel;Gutenberg-US
THE_MERCENARY_LOVER;['The Mercenary Lover'];Eccott;W. J. ;noWikiID;1;40567;1913;novel;Gutenberg-US
THE_MILL_ON_THE_FLOSS;['The Mill on the Floss', 'Dorlecote Mill on the Floss'];Eliot;George;Q1215018;50;6688;1860;(['psychological novel'], ['novel']);Gutenberg-US
THE_MIRROR_OF_THE_SEA;['The Mirror of the Sea'];Conrad;Joseph;noWikiID;1;1058;1906;narrative;Gutenberg-US
THE_MISFORTUNES_OF_ELPHIN;['The Misfortunes of Elphin'];Peacock;Thomas Love;Q7751712;2;http://www.thomaslovepeacock.net/Elphin.html;1829;([], ['novel']);PDF
THE_MONASTERY;['The Monastery'];Scott;Walter;Q3224650;3;6406;1820;(['historical fiction'], ['novel']);Gutenberg-US
THE_MONK;['The Monk', 'Monk'];Lewis;Matthew Gregory;Q2659564;33;601;1796;(['Gothic novel', 'speculative/fantastic fiction novel'], []);Gutenberg-US
THE_MOONSTONE;['The Moonstone'];Collins;Wilkie;Q2362563;43;155;1868;(['epistolary novel', 'fantasy', 'crime fiction'], ['novel']);Gutenberg-US
THE_MUDFOG_PAPERS;['The Mudfog Papers'];Dickens;Charles;Q7752595;1;912;1837;([], ['short story']);Gutenberg-US
THE_MUMMER'S_WIFE;"[""The Mummer's Wife""]";Moore;George;Q42186018;1;7508;1884;([], ['novel']);Gutenberg-US
THE_MURDERED_COUSIN;['The Murdered Cousin'];Sheridan Le Fanu;Joseph;noWikiID;1;12828;1851;;Gutenberg-US
THE_MYSTERIES_OF_LONDON;['Mysteries of London', 'The Mysteries of the Court of London', 'The Mysteries of London'];Sims;George R. ;Q7752831;14;49701;1844;novel;Gutenberg-US
THE_MYSTERIES_OF_UDOLPHO;['Mysteries of Udolpho', 'The Mysteries of Udolpho', 'The Mysteries of Udolpho: A Romance', 'Udolpho', 'The Mysteries of Udolph o', 'the Mysteries of Udolpho'];Radcliffe;Ann;Q2600909;44;3268;1794;(['romantic fiction', 'horror fiction', 'thriller', 'Gothic fiction', 'fantasy'], ['novel']);Gutenberg-US
THE_MYSTERY_OF_A_HANSOM_CAB;['The Mystery of a Hansom Cab'];Hume;Fergus;noWikiID;1;4223;1886;story;Gutenberg-US
THE_MYSTERY_OF_EDWIN_DROOD;['The Mystery of Edwin Drood'];Dickens;Charles;Q1168105;1;564;1870;(['Gothic novel', 'crime novel'], []);Gutenberg-US
THE_NETHER_WORLD;['The Nether World'];Gissing;George;Q7753436;6;4301;1889;([], ['novel']);Gutenberg-US
THE_NEW_ACCELERATOR;['The New Accelerator'];Wells;H. G.;Q7753474;2;1743;1901;([], ['short story']);Gutenberg-US
THE_NEW_MACHIAVELLI;['The New Machiavelli'];Wells;H. G. ;Q10381652;2;1047;1911;([], ['novel']);Gutenberg-US
THE_NEW_MAGDALEN;['The New Magdalen'];Collins;Wilkie;noWikiID;2;1623;1873;novel;Gutenberg-US
THE_NEW_ROAD;['The New Road'];Munro;Neil;noWikiID;1;https://www.fadedpage.com/link.php?file=20180901.txt;1914;;FadedPage
THE_NEWCOMES;['The Newcomes'];Thackeray;William Makepeace;Q3522018;3;7467;1855;([], ['novel']);Gutenberg-US
THE_NIGGER_OF_THE_NARCISSUS;"[""The Nigger of the 'Narcissus'"", ""The Nigger of the 'Narcissus'""]";Conrad;Joseph;Q478537;8;17731;1897;([], ['novel', 'novella']);Gutenberg-US
THE_NOTTING_HILL_MYSTERY;['The Notting Hill Mystery'];Felix;Charles;Q7754437;1;46153;1862;(['mystery fiction', 'sensation fiction'], []);Gutenberg-US
THE_ODD_WOMEN;['The Odd Women', 'Odd Women'];Gissing;George;Q7754692;5;4313;1893;([], ['novel']);Gutenberg-US
THE_O'DONOGHUE;"[""The O'Donoghue;""]";Lever;Charles;noWikiID;1;32340;1843;novel;Gutenberg-US
THE_OLD_CURIOSITY_SHOP;['Old Curiosity Shop', 'The Old Curiosity Shop'];Dickens;Charles;Q2700616;18;700;1840;(['social criticism'], ['novel']);Gutenberg-US
THE_OLD_ENGLISH_BARON;['The Old English Baron', 'The Champion of Virtue'];Reeve;Clara;Q3796165;21;5182;1777;(['Gothic novel'], []);Gutenberg-US
THE_OLD_MANOR_HOUSE;['The Old Manor House', 'The Old English Manor House'];Smith;Charlotte;Q96409526;10;https://digital.library.upenn.edu/women/smith/manor/manor.html;1793;novel;https://digital.library.upenn.edu
THE_OLD_WIVES'_TALE;"[""The Old Wives' Tale""]";Bennett;Arnold;noWikiID;4;5247;1908;novel;Gutenberg-US
THE_ORDEAL_OF_RICHARD_FEVEREL;['The Ordeal of Richard Feverel'];Meredith;George;Q14476502;3;34858;1859;(['philosophical fiction'], ['novel']);Gutenberg-US
THE_OUTCAST;['The Outcast'];Penny;F. E. ;noWikiID;1;38195;1912;novel;Gutenberg-US
THE_PARASITE;['The Parasite'];Doyle;Arthur Conan;Q5295669;2;355;1894;(['fantasy'], ['short story']);Gutenberg-US
THE_PARENT'S_ASSISTANT;"[""The Parent's Assistant""]";Edgeworth;Maria;Q3522169;6;3655;1796;collection of children's stories;Gutenberg-US
THE_PERILS_OF_CERTAIN_ENGLISH_PRISONERS;['The Perils of Certain English Prisoners'];Dickens;Charles;noWikiID;1;1406;1857;short stories;Gutenberg-US
THE_PHANTOM_COACH;['The Phantom Coach'];Edwards;Amelia B.;noWikiID;2;https://gutenberg.net.au/ebooks06/0605591h.html;1864;;Gutenberg-AUS
THE_PHOENIX_AND_THE_CARPET;['The Phoenix and the Carpet'];Nesbit;Edith;Q3795974;2;836;1904;(['fantasy'], ['novel']);Gutenberg-US
THE_PICKWICK_PAPERS;['Pickwick Papers', 'Pickwick', 'The Pickwick Papers', 'The Posthumous Papers of the Pickwick Club'];Dickens;Charles;Q460583;43;580;1836;(['satire', 'picaresque novel'], ['novel']);Gutenberg-US
THE_PICTURE_OF_DORIAN_GRAY;['The Picture of Dorian Gray', 'Picture of Dorian Gray'];Wilde;Oscar;Q82464;31;174;1890;(['Gothic novel'], []);Gutenberg-US
THE_PIRATE_(NOVEL);['The Pirate'];Scott;Walter;Q3225628;4;42389;1822;(['historical fiction', 'pirate fiction'], []);Gutenberg-US
THE_POINT_OF_VIEW;['The Point of View'];James;Henry;noWikiID;1;2869;1882;novel;Gutenberg-US
THE_PORTRAIT_OF_A_LADY;['The Portrait of a Lady'];James;Henry;Q861017;3;"2833; 2834";1881;([], ['novel']);Gutenberg-US
THE_PORTRAIT_OF_MR._W._H.;"['The Portrait of Mr. W. H.""', ""The Portrait of Mr W. H.'""]";Wilde;Oscar;noWikiID;3;773;1889;([], ['poem', 'novella']);Gutenberg-US
THE_PRIME_MINISTER;['The Prime Minister', 'The Prime Minister.'];Trollope;Anthony;noWikiID;2;2158;1876;novel;Gutenberg-US
THE_PRINCESS_AND_THE_GOBLIN;['The Princess and the Goblin'];MacDonald;George;Q466505;1;708;1872;"(['fantasy', ""children's fiction""], ['novel'])";Gutenberg-US
THE_PRINCESS_CASAMASSIMA;['The Princess Casamassima', 'The Princess Cassamassima'];James;Henry;Q3211932;3;64599;1886;(['novel'], ['novel']);Gutenberg-US
THE_PRIVATE_MEMOIRS_AND_CONFESSIONS_OF_A_JUSTIFIED_SINNER;['The Private Memoirs and Confessions of a Justified Sinner', 'Confessions of a Justified Sinner', 'Confessions', 'Private Memoirs and Confessions of a Justified Sinner', 'Memoirs and Confessions of a Justified Sinner', 'Private Memoirs of a Justified Sinner', 'Private Memoirs and Confessions of a Justified Sinner, Written by Himself', 'The Private Memoirs and True Confessions of a Justified Sinner'];Hogg;James;Q2992437;44;2276;1824;(['satirical fiction', 'Gothic fiction', 'philosophical fiction'], ['novel']);Gutenberg-US
THE_PRIVATE_PAPERS_OF_HENRY_RYECROFT;['The Private Papers of Henry Ryecroft'];Gissing;George;Q17027661;2;1463;1903;novel;Gutenberg-US
THE_PROFESSOR_(NOVEL);['The Professor', 'In The Professor'];Brontë;Charlotte;Q762203;3;1028;1857;([], ['novel']);Gutenberg-US
THE_PROVOST;['The Provost'];Galt;John;noWikiID;1;1296;1822;novel;Gutenberg-US
THE_PURCELL_PAPERS;['The Purcell Papers'];Sheridan Le Fanu;Joseph;Q7758781;1;25584;1880;collection of short stories;Gutenberg-US
THE_QUADROON;['The Quadroon'];Mayne Reid;Thomas;noWikiID;1;27913;1856;novel;Gutenberg-US
THE_QUIET_HEART;['The Quiet Heart'];Oliphant;Margaret;noWikiID;1;59326;1854;novel;Gutenberg-US
THE_RAGGED-TROUSERED_PHILANTHROPISTS;['The Ragged-Trousered Philanthropists', 'The Ragged Trousered Philanthropists'];Tressell;Robert;Q7759270;2;3608;1914;([], ['novel']);Gutenberg-US
THE_REAL_CHARLOTTE;['The Real Charlotte'];Sommerville/Ross;Edith/Martin;noWikiID;9;59138;1894;novel;Gutenberg-US
THE_RECOLLECTIONS_OF_GEOFFREY_HAMLYN;['The Recollections of Geoffrey Hamlyn'];Kingsley;Henry;Q121356927;1;3786;1859;novel;Gutenberg-US
THE_REFORM'D_COQUET;"[""The Reform'd Coquet"", ""Reform'd Coquet""]";Davys;Mary;Q7760024;2;pdf;1724;([], ['novel', 'novella']);PDF
THE_RETURN_OF_THE_NATIVE;['The Return of the Native'];Hardy;Thomas;Q141568;9;17500;1878;([], ['novel']);Gutenberg-US
THE_REVOLUTION_IN_TANNER'S_LANE;"[""The Revolution in Tanner's Lane""]";Rutherfordd;Mark;noWikiID;2;6690;1887;novel;Gutenberg-US
THE_RIDDLE_OF_THE_SANDS;['The Riddle of the Sands', 'The Riddle of the Sands: A Record of Secret Service'];Childers;Erskine;Q1170204;5;2360;1903;(['adventure novel', 'espionage novel'], []);Gutenberg-US
THE_ROMANCE_OF_A_SHOP;['The Romance of a Shop'];Levy;Amy;Q17019147;4;57447;1888;([], ['novel']);Gutenberg-US
THE_ROMANCE_OF_THE_FOREST;['The Romance of the Forest', 'Author of the Romance of the Forest', 'Romance of the Forest'];Radcliffe;Ann;Q3406503;7;64701;1791;(['sentimental novel', 'romantic fiction', 'Gothic fiction', 'thriller'], ['novel']);Gutenberg-US
THE_ROMANY_RYE;['The Romany Rye'];Borrow;George;Q7761435;1;422;1857;([], ['novel']);Gutenberg-US
THE_ROSARY;['The Rosary'];Barcley;Florence L.;noWikiID;2;3659;1909;novel;Gutenberg-US
THE_ROSE_AND_THE_RING;['The Rose and the', 'The Rose and the Ring'];Thackeray;William Makepeace;Q7761552;4;897;1855;(['novel'], ['novel']);Gutenberg-US
THE_SCOTTISH_CHIEFS;['Scottish Chiefs', 'The Scottish Chiefs'];Porter;Jane;noWikiID;5;6086;1810;novel;Gutenberg-US
THE_SEAFARER;['The Seafarer'];Bloundelle-Burton;John;noWikiID;1;52548;1900;novel;Gutenberg-US
THE_SECOND_JUNGLE_BOOK;"[""The King's Ankus""]";Kipling;Rudyard;Q1101819;2;1937;1895;"([""children's novel""], [])";Gutenberg-US
THE_SECRET_AGENT;['The Secret Agent'];Conrad;Joseph;Q1247666;11;974;1907;(['espionage novel'], ['novel']);Gutenberg-US
THE_SECRET_GARDEN;['The Secret Garden', 'Dickon Sowerby'];Burnett;Frances Hodgson;Q472194;8;113;1911;"([""children's book"", 'serialized fiction'], ['novel'])";Gutenberg-US
THE_SECRET_ROSE;['The Secret Rose', 'With The Secret Rose'];Yeats;William Butler;noWikiID;3;5795;1897;narrative;Gutenberg-US
THE_SECRET_SHARER;"[""The Secret Sharer'""]";Conrad;Joseph;noWikiID;3;220;1912;story;Gutenberg-US
THE_SETTLERS_IN_CANADA;['The Settlers in Canada'];Marryat;Frederick;Q7763415;1;24211;1844;([], ['novel']);Gutenberg-US
THE_SHADOW_OF_A_CRIME_1885;['The Shadow of a Crime 1885'];Caine;Hall;noWikiID;1;14262;1885;novel;Gutenberg-US
THE_SHADOW_OF_ASHLYDYAT;['The Shadow of Ashlydyat'];Wood;Ellen;noWikiID;3;42200;1863;novel;Gutenberg-US
THE_SIGNAL-MAN;['The Signalman', 'The Signal-man'];Dickens;Charles;Q1002362;4;1289;1866;([], ['short story']);Gutenberg-US
THE_SILVERADO_SQUATTERS;['The Silverado Squatters'];Stevenson;Robert Louis;noWikiID;1;516;1884;collection of stories;Gutenberg-US
THE_SLEEPER_AWAKES;['When the Sleeper Awakes', 'When the Sleeper Wakes', 'When The Sleeper Awakes'];;;Q650949;5;12163;1899;novel;Gutenberg-US
THE_SMALL_HOUSE_AT_ALLINGTON;['The Small House at Allington'];Trollope;Anthony;Q7764868;2;4599;1862;([], ['novel']);Gutenberg-US
THE_SORROWS_OF_SATAN;['The Sorrows of Satan'];Corelli;Marie;Q13424700;5;42332;1895;([], ['novel']);Gutenberg-US
THE_SPOILS_OF_POYNTON;['The Spoils of Poynton'];James;Henry;Q3809486;1;33325;1897;(['novel'], ['novel']);Gutenberg-US
THE_STICKIT_MINISTER;['The Stickit Minister'];Crockett;Samuel Rutherford;noWikiID;1;49342;1900;short stories;Gutenberg-US
THE_STORY_OF_A_MODERN_WOMAN;['The Story of a Modern Woman'];Dixson;Ella Hepworth;Q7766819;2;https://webapp1.dlib.indiana.edu/vwwp/view?docId=VAB7169.xml;1894;([], ['novel']);https://webapp1.dlib.indiana.edu
THE_STORY_OF_MY_HEART;['The Story of My Heart'];Jefferies;Richard;Q7766776;2;2317;1883;(['autobiography'], ['novel']);Gutenberg-US
THE_STORY_OF_THE_AMULET;['The Story of the Amulet'];Nesbit;Edith;Q7766831;2;837;1906;"(['fantasy', ""children's literature""], ['novel'])";Gutenberg-US
THE_STORY_OF_THE_TREASURE_SEEKERS;['The Story of the Treasure Seekers'];Nesbit;Edith;Q7766848;1;770;1899;([], ['novel']);Gutenberg-US
THE_STRING_OF_PEARLS;['The String of Pearls'];Rymer;James Malcolm;Q7767037;1;59828;1846;(['fiction'], []);Gutenberg-US
THE_TAILOR_OF_GLOUCESTER;['The Tailor of Gloucester'];Potter;Beatrix;noWikiID;1;14868;1902;children's book;Gutenberg-US
THE_TALE_OF_MR_JEREMY_FISHER;['The Tale of Mr Jeremy Fisher'];Potter;Beatrix;noWikiID;1;15077;1906;children's book;Gutenberg-US
THE_TALE_OF_PETER_RABBIT;['The Tale of Peter Rabbit'];Potter;Beatrix;Q580463;6;14838;1901;"([""children's literature""], [])";Gutenberg-US
THE_TALISMAN_(SCOTT_NOVEL);['The Talisman'];Scott;Walter;Q952340;5;1377;1825;(['historical fiction'], ['novel']);Gutenberg-US
THE_TENANT_OF_WILDFELL_HALL;['Tenant of Wildfell Hall', 'The Tenant of Wildfell Hall', 'The Tenant of Wildfell Hall in London'];Brontë;Anne;Q44701;11;969;1848;(['epistolary fiction'], ['novel']);Gutenberg-US
THE_TENANTS_OF_MALORY;['The Tenants of Malory'];Sheridan Le Fanu;Joseph;noWikiID;1;35467;1867;novel;Gutenberg-US
THE_THORN_IN_THE_FLESH;['The Thorn in the Flesh'];Lawrence;D. H. ;noWikiID;1;22480;1914;;Gutenberg-US
THE_THREE_BROTHERS;['The Three Brothers'];Phillpotts;Eden;noWikiID;1;58355;1909;novel;Gutenberg-US
THE_THREE_MIDSHIPMEN;['The Three Midshipmen'];Kingston;William Henry Giles;noWikiID;1;24812;1873;novel;Gutenberg-US
THE_THREE_PERILS_OF_MAN;['The Three Perils of Man: War, Women and Witchcraft', 'The Three Perils of Man', 'Three Perils of Man'];Hogg;James;Q96409659;7;39776;1822;novel;Gutenberg-US
THE_TIME_MACHINE;['The Time Machine', 'Time Machine', 'The Time Traveller'];Wells;H. G.;Q627333;58;35;1895;(['time-travel fiction', 'romantic fiction', 'dystopian fiction', 'science fiction', 'post-apocalyptic fiction'], ['novella']);Gutenberg-US
THE_TITHE_PROCTOR;['The Tithe Proctor'];Carleton;William;noWikiID;1;16010;1885;novel;Gutenberg-US
THE_TOWER_OF_LONDON_(NOVEL);['The Tower of London'];Ainsworth;William Harrison;Q2414713;1;49850;1840;([], ['novel']);Gutenberg-US
THE_TRAIL_OF_THE_SERPENT;['The Trail of the Serpent'];Braddon;Mary Elizabeth;Q24971199;1;https://en.wikisource.org/wiki/The_Trail_of_the_Serpent;1860;([], ['novel']);Wikisource
THE_TRIUMPH_OF_PRUDENCE_OVER_PASSION;['The Triumph of Prudence over Passion'];NA;NA;noWikiID;2;ECCO;1781;;ECCO
THE_TRUMPET;['The Trumpet'];Mitford;Bertram;noWikiID;1;36592;1889;novel;Gutenberg-US
THE_TURN_OF_THE_SCREW;['The Turn of the Screw'];James;Henry;Q625923;15;209;1898;(['fantasy', 'Gothic fiction', 'ghost story', 'horror fiction'], ['novella']);Gutenberg-US
THE_UNCLASSED;['The Unclassed'];Gissing;George;Q7771311;2;4305;1884;([], ['novel']);Gutenberg-US
THE_UNTILLED_FIELD;['The Untilled Field'];Moore;George;noWikiID;12;4034;1903;novel;Gutenberg-US
THE_VAMPYRE;['The Vampyre'];Polidori;John William;Q509070;4;6087;1819;(['Gothic fiction', 'vampire fiction', 'horror fiction'], ['short story']);Gutenberg-US
THE_VICAR_OF_WAKEFIELD;['The Vicar of Wakefield'];Goldsmith;Oliver;Q1196205;6;2667;1766;(['sentimental novel'], ['novel']);Gutenberg-US
THE_WARDEN;['The Warden'];Trollope;Anthony;Q3818437;2;619;1855;([], ['novel']);Gutenberg-US
THE_VILLAGE_IN_THE_JUNGLE;['The Village in the Jungle'];Woolf;Leonard;Q19902832;1;60627;1913;([], ['novel']);Gutenberg-US
THE_VIRGINIANS;['The Virginians', 'The Virginians: A Tale of the Last Century'];Wister;Owen;Q7772832;5;1298;1857;(['historical fiction'], ['novel']);Gutenberg-US
THE_WAR_IN_THE_AIR;['The War in the Air'];Wells;H. G. ;Q964055;2;780;1908;(['apocalyptic fiction', 'science fiction'], ['novel']);Gutenberg-US
THE_WAY_WE_LIVE_NOW;['The Way We Live Now'];Trollope;Anthony;Q7773866;11;5231;1875;(['satire'], ['novel']);Gutenberg-US
THE_WATER-BABIES_A_FAIRY_TALE_FOR_A_LAND_BABY;['The Water-Babies', 'The Water-Babies: a Fairy Tale for a Land Baby', 'The Water Babies', 'The Water-Babies, A Fairy-Tale for a Land Baby'];Kingsley;Charles;Q14914646;14;25564;1863;"([""children's novel"", 'fantasy'], ['novel'])";Gutenberg-US
THE_WAY_OF_ALL_FLESH;['The Way of All Flesh', 'The Way of all Flesh'];Butler;Samuel;Q255074;15;2084;1903;(['novel'], ['novel']);Gutenberg-US
THE_VICAR_OF_WREXHILL;['The Vicar of WrexhilI'];Trollope;Frances;noWikiID;1;36686;1837;novel;Gutenberg-US
THE_WELL_AT_THE_WORLD'S_END;"[""The Well at the World's End""]";Morris;William;Q2384134;1;169;1896;(['fantasy', 'high fantasy'], ['novel']);Gutenberg-US
THE_WELL-BELOVED;['The Well-Beloved'];Hardy;Thomas;Q2906193;6;3326;1892;([], ['novel']);Gutenberg-US
THE_WHIRLPOOL;['The Whirlpool'];Gissing;George;noWikiID;1;4299;1897;novel;Gutenberg-US
THE_WHITE_COMPANY;['The White Company'];Doyle;Arthur Conan;noWikiID;1;903;1891;novel;Gutenberg-US
THE_WHITE_PEACOCK;['The White Peacock'];Lawrence;D. H. ;Q7774542;2;38561;1911;(['Hindi'], ['novel']);Gutenberg-US
THE_WHITE_ROOM;['The White Room'];Hume;Fergus;noWikiID;3;55101;1904;novel;Gutenberg-US
THE_WIDOW_BARNABY;['The Widow Barnaby'];Trollope;Frances;noWikiID;2;36561;1839;novel;Gutenberg-US
THE_WILD_IRISH_GIRL;['Wild Irish Girl', 'The Wild Irish Girl', 'The Wild Irish Girl: A National Tale', 'Wild Irish Girl of the title', 'The Wild Irish Girl : A National Tale', 'Wild Irish Girl'];Sydney;Morgan;Q7774872;53;ebooks@adelaide;1806;(['epistolary novel'], []);ebooks@adelaide
THE_WIND_IN_THE_WILLOWS;['The Wind in the Willows'];Grahame;Kenneth;Q936276;11;289;1908;"([""children's novel""], ['novel'])";Gutenberg-US
THE_WINGS_OF_A_DOVE;['The Wings of a Dove'];James;Henry;Q1557588;1;"29452; 30059";1902;([], ['novel']);Gutenberg-US
THE_WOMAN_IN_WHITE_(NOVEL);['The Woman in White'];Collins;Wilkie;Q1212672;95;583;1859;(['epistolary novel', 'Gothic novel', 'sensation fiction', 'crime novel'], []);Gutenberg-US
THE_WOODLANDERS;['In The Woodlanders', 'The Woodlanders'];Hardy;Thomas;Q2254480;6;482;1886;([], ['novel']);Gutenberg-US
THE_WORLD_SET_FREE;['The World Set Free'];Wells;H. G. ;Q5051290;2;1059;1914;(['science fiction', 'war novel', 'speculative/fantastic fiction', 'science fiction novel'], []);Gutenberg-US
THE_WOULDBEGOODS;['The Wouldbegoods'];Nesbit;Edith;noWikiID;1;794;1901;novel;Gutenberg-US
THE_WRECKER;['The Wrecker'];Stevenson/Osbourne;Robert Louis/Lloyd;Q2753955;1;1024;1892;novel;Gutenberg-US
THE_YOUNG_BUGLERS;['The Young Buglers'];Henty;George Alfred;noWikiID;1;9613;1880; novel;Gutenberg-US
THE_YOUNG_DUKE;['The Young Duke'];Disreali;Benjamin;Q45028402;1;20008;1831;([], ['novel']);Gutenberg-US
THE_YOUNG_FUR_TRADERS;['The Young Fur Traders'];Ballantyne;R. M. ;noWikiID;1;6357;1856;novel;Gutenberg-US
THREE_WEEKS;['Three Weeks'];Glyn;Elinor;noWikiID;3;8899;1907;novel;Gutenberg-US
THROUGH_THE_LOOKING-GLASS;['Through the Looking Glass', 'Through the Looking-Glass', 'Through the Looking Glass'];Carroll;Lewis;Q220331;4;12;1871;(['fantasy'], ['novel']);Gutenberg-US
THYRZA;['Thyrza'];Gissing;George;noWikiID;4;4302;1887;novel;Gutenberg-US
TIME_AND_THE_GODS;['Time and the Gods'];Plunkett;Edward;Q7805268;1;8183;1906;(['fantasy'], ['short story']);Gutenberg-US
TOM_BROWN'S_SCHOOL_DAYS;"[""Tom Brown's Schooldays"", ""Tom Brown's School Days""]";Hughes;Thomas;Q7815084;11;1480;1857;"(['school story', ""children's literature"", 'autobiographical fiction'], ['novel'])";Gutenberg-US
TOMMY_AND_GRIZEL;['Tommy and Grizel'];Barrie;J. M. ;Q124090899;3;11901;1900;novel;Gutenberg-US
TONO-BUNGAY;['Tono-Bungay'];Wells;H. G. ;Q1535422;18;718;1909;(['science fiction'], ['novel']);Gutenberg-US
TREASURE_ISLAND;['Treasure Island'];Stevenson;Robert Louis;Q185118;20;120;1883;(['coming-of-age fiction', 'nautical fiction', 'adventure fiction', 'pirate fiction'], ['novel']);Gutenberg-US
TRILBY_(NOVEL);['Trilby'];Maurier;George du;Q1691967;4;39858;1894;(['Gothic fiction'], ['novel']);Gutenberg-US
TWO_LITTLE_SAVAGES;['Two Little Savages'];Seton;Ernest Thompson;noWikiID;1;13499;1903;story;Gutenberg-US
TWO_ON_A_TOWER;['Two on a Tower'];Hardy;Thomas;Q7859431;1;3146;1882;([], ['novel']);Gutenberg-US
TYPHOON;['Typhoon'];Conrad;Joseph;Q1329329;1;1142;1903;novella;Gutenberg-US
UNCLE_SILAS;['Uncle Silas'];Sheridan Le Fanu;Joseph;Q3835925;1;14851;1864;(['Gothic novel', 'thriller novel'], []);Gutenberg-US
UNDER_THE_GREENWOOD_TREE;['Under the Greenwood Tree'];Hardy;Thomas;Q2251594;3;2662;1872;([], ['novel']);Gutenberg-US
UNDER_WESTERN_EYES_(NOVEL);['Under Western Eyes'];Conrad;Joseph;Q3685905;8;2480;1911;(['novel'], ['novel']);Gutenberg-US
UNKNOWN_TO_HISTORY;['Unknown to History'];Yonge;Charlotte;noWikiID;1;4596;1882;novel;Gutenberg-US
VALPERGA;['Valperga: or, The Life and Adventures of Castruccio, Prince of Lucca'];Shelley;Mary;noWikiID;1;"63337; 63338; 63339";1823;;Gutenberg-US
VANITY_FAIR_(NOVEL);['Vanity Fair', 'Vanity Fair: A Novel without a Hero'];Thackeray;William Makepeace;Q612836;54;599;1847;(['satirical fiction'], ['novel']);Gutenberg-US
VARNEY_THE_VAMPIRE;['Varney the Vampire'];Rymer/Prest;James Malcolm/Thomas Peckett;Q1987925;1;14833;1845;(['vampire fiction', 'Gothic fiction'], ['novel']);Gutenberg-US
VATHEK;['Vathek'];Beckford;William;Q54548;8;42401;1786;(['fantasy', 'Oriental fantasy', 'Gothic fiction', 'fiction', 'narration'], ['novel']);Gutenberg-US
VERTUE_REWARDED;['The Irish Princess'];NA;NA;Q104811485;1;ECCO;1693;novel;ECCO
VILLETTE_(NOVEL);['Villette', 'In Villette'];Brontë;Charlotte;Q2449570;44;9182;1853;(['Bildungsroman', 'Victorian literature'], ['novel']);Gutenberg-US
VIVIAN_GREY;['Vivian Grey'];Disreali;Benjamin;Q7937713;1;9840;1826;([], ['novel']);Gutenberg-US
VRIL;['The Coming Race'];Bulwer-Lytton;Edward;Q510699;6;1951;1871;(['social science fiction', 'lost world fiction', 'speculative/fantastic fiction', 'utopian novel', 'fantasy', 'dystopian fiction'], ['novel']);Gutenberg-US
WAVERLEY;['Waverley'];Scott;Walter;Q678251;186;4966;1814;(['historical novel', 'picaresque novel', 'Bildungsroman'], []);Gutenberg-US
WAYFARERS;['Wayfarers'];Snaith;J. C. ;noWikiID;2;34776;1902;novel;Gutenberg-US
WEIR_OF_HERMISTON;['Weir of Hermiston'];Stevenson;Robert Louis;Q1213386;1;380;1896;novel;Gutenberg-US
WESTWARD_HO;['Westward Ho'];Kingsley;Charles;noWikiID;3;1860;1855;novel;Gutenberg-US
WET_MAGIC;['Wet Magic'];Nesbit;Edith;noWikiID;1;50361;1913;children's book;Gutenberg-US
WHAT_MAISIE_KNEW;['What Maisie Knew'];James;Henry;Q2943614;5;7118;1897;(['novel'], ['novel']);Gutenberg-US
WILD_ANIMALS_I_HAVE_KNOWN;['Wild Animals I Have Known'];Seton;Ernest Thompson;Q8000500;1;3031;1898;collection of children's stories;Gutenberg-US
WILLING_TO_DIE;['Willing to Die'];Sheridan Le Fanu;Joseph;noWikiID;1;34662;1873;novel;Gutenberg-US
WINTER_EVENING_TALES;['Winter Evening Tales'];Barr;Amelia E.;Q96415343;4;16222;1820;collection of narratives;Gutenberg-US
WITH_THE_NIGHT_MAIL;['With the Night Mail'];Kipling;Rudyard;noWikiID;3;29135;1905;novella;Gutenberg-US
WIVES_AND_DAUGHTERS;['Wives and Daughters'];Gaskell;Elizabeth;Q2453239;4;4274;1864;([], ['novel']);Gutenberg-US
WUTHERING_HEIGHTS;['Wuthering Heights', 'Inside Wuthering Heights'];Brontë;Emily;Q202975;59;768;1847;(['Gothic fiction', 'Victorian literature', 'Gothic novel', 'Romantic novel'], ['novel']);Gutenberg-US
YEAST;['Yeast'];Kingsley;Charles;noWikiID;2;10364;1848;novel;Gutenberg-US
ZASTROZZI;['Zastrozzi', 'Zastrozzi: A Romance'];Shelley;Percy Bysshe;Q8067086;4;http://gutenberg.net.au/ebooks06/0606461h.html;1810;(['Gothic fiction'], ['novel']);Gutenberg-AUS
ZOE;['Zoe'];Whitaker;Evelyn;noWikiID;1;30366;1890;novel;Gutenberg-US
ZULEIKA_DOBSON;['Zuleika Dobson'];Beerbohm;Max;Q8075113;2;1845;1911;(['satire'], ['novel']);Gutenberg-US
