"louvain","","canonisation_score","circl_sum","reviews_sum","id","circl_binary","squared canonisation score","pagerank","indegree","class","reviews_binary"
"1","1","0.0520374856859669","1","0","A_BELEAGUERED_CITY_noWikiID","1","0.0027078999165172104","0.15","0","No Review, Catalogue","0"
"9","2","0.158330619297716","1","1","A_CHILD_OF_THE_JAGO_Q4655860","1","0.025068585007198278","0.5274117860194654","2","Review & Catalogue","1"
"4","3","0.374053924716987","1","0","A_CHRISTMAS_CAROL_Q62879","1","0.13991633859618138","0.15","0","No Review, Catalogue","0"
"14","4","0.117501066676145","0","0","A_COMPLETE_COLLECTION_OF_GENTEEL_AND_INGENIOUS_CONVERSATION_Q4656050","0","0.013806500670031873","0.34431519584492215","2","No Review & No Catalogue","0"
"1","5","0.11291791638611","1","0","A_CRYSTAL_AGE_Q4656205","1","0.012750455840980529","0.2990542999953254","1","No Review, Catalogue","0"
"13","6","0.049863479389024","1","1","A_DARK_NIGHT'S_WORK_Q16385401","1","0.0024863665767796217","0.15","0","Review & Catalogue","1"
"5","7","0.207211382680442","1","1","A_DRAMA_IN_MUSLIN_noWikiID","1","0.04293655711234058","0.849132690638976","4","Review & Catalogue","1"
"12","8","0.117501066676145","1","0","A_DREAM_OF_JOHN_BALL_noWikiID","1","0.013806500670031873","0.5768270444175323","3","No Review, Catalogue","0"
"0","9","0.122244604531682","0","0","A_HOLIDAY_ROMANCE_noWikiID","0","0.014943743337107327","0.2608695652173913","1","No Review & No Catalogue","0"
"10","10","0.0477757206414661","0","0","A_HOUSE_TO_LET_Q4657430","0","0.0022825194828114104","0.15","0","No Review & No Catalogue","0"
"8","11","0.374053924716987","0","0","A_JOURNAL_OF_THE_PLAGUE_YEAR_Q1215399","0","0.13991633859618138","0.2347873817160651","1","No Review & No Catalogue","0"
"9","13","0.117501066676145","0","0","A_LADY'S_LIFE_IN_THE_ROCKY_MOUNTAINS_noWikiID","0","0.013806500670031873","0.23039611964430073","1","No Review & No Catalogue","0"
"3","14","0.122244604531682","0","0","A_LAODICEAN_Q2105252","0","0.014943743337107327","0.5484715744678853","2","No Review & No Catalogue","0"
"6","15","0.11291791638611","2","0","A_LEGEND_OF_MONTROSE_Q3549611","1","0.012750455840980529","0.6331684531591586","6","No Review, Catalogue","0"
"14","16","0.117501066676145","0","0","A_LITTLE_PRINCESS_Q10483376","0","0.013806500670031873","0.6932848548550029","5","No Review & No Catalogue","0"
"7","17","0.11291791638611","0","0","A_MERE_ACCIDENT_noWikiID","0","0.012750455840980529","0.6176791172789222","3","No Review & No Catalogue","0"
"11","18","0.122244604531682","0","1","A_MODERN_UTOPIA_Q1249074","0","0.014943743337107327","0.9245416013565669","4","Review, No Catalogue","1"
"8","19","0.172694745758032","0","0","A_MODEST_PROPOSAL_Q264143","0","0.029823475212431314","0.15","0","No Review & No Catalogue","0"
"7","20","0.332981899154278","1","1","A_PAIR_OF_BLUE_EYES_Q2931240","1","0.11087694516438977","0.6620587166423786","5","Review & Catalogue","1"
"15","21","0.137472234822425","0","0","A_PATCH-WORK_SCREEN_FOR_THE_LADIES_noWikiID","0","0.01889861534707196","1.5494092924360983","11","No Review & No Catalogue","0"
"8","22","0.122244604531682","1","0","A_POLITICAL_ROMANCE_Q4658949","1","0.014943743337107327","0.15","0","No Review, Catalogue","0"
"11","23","0.11291791638611","0","0","A_RIDE_ACROSS_PALESTINE_noWikiID","0","0.012750455840980529","0.15","0","No Review & No Catalogue","0"
"1","24","0.049863479389024","1","0","A_ROMANCE_OF_TWO_WORLDS_Q4659270","1","0.0024863665767796217","0.7801688794093","2","No Review, Catalogue","0"
"5","25","0.117501066676145","0","0","A_ROOM_WITH_A_VIEW_Q120288","0","0.013806500670031873","1.3368027674670186","7","No Review & No Catalogue","0"
"11","26","0.185923994154683","3","0","A_SENTIMENTAL_JOURNEY_THROUGH_FRANCE_AND_ITALY_Q768792","1","0.034567731602430596","0.20930232558139533","1","No Review, Catalogue","0"
"1","27","0.190637850864638","2","0","A_SICILIAN_ROMANCE_Q979649","1","0.036342790182287955","0.9430907666943208","8","No Review, Catalogue","0"
"1","28","0.177146178958168","3","2","A_SIMPLE_STORY_Q4659531","1","0.031380768719479285","0.9911341926280599","3","Review & Catalogue","1"
"3","29","0.049863479389024","1","1","A_SON_OF_THE_SOIL_Q106040512","1","0.0024863665767796217","0.41052936745582963","2","Review & Catalogue","1"
"9","31","0.11291791638611","1","0","A_STORY_OF_THE_STONE_AGE_Q4659835","1","0.012750455840980529","1.738267648947409","9","No Review, Catalogue","0"
"4","32","0.353247063375283","1","0","A_STUDY_IN_SCARLET_Q223131","1","0.1247834877832612","0.15","0","No Review, Catalogue","0"
"8","33","0.46129393099787","0","0","A_TALE_OF_A_TUB_Q2353123","0","0.21279209077546768","0.8243210083424796","7","No Review & No Catalogue","0"
"4","34","0.517417033796863","2","0","A_TALE_OF_TWO_CITIES_Q308918","1","0.26772038686314403","0.6919322891833426","3","No Review, Catalogue","0"
"2","35","0.11291791638611","1","1","A_WINDOW_IN_THRUMS_noWikiID","1","0.012750455840980529","0.5865738724305313","6","Review & Catalogue","1"
"14","36","0.049863479389024","1","0","A_WORLD_OF_GIRLS_noWikiID","1","0.0024863665767796217","1.3314975707928536","6","No Review, Catalogue","0"
"11","37","0.0477757206414661","1","0","ACROSS_THE_ZODIAC_Q4676516","1","0.0022825194828114104","0.9206158792679764","4","No Review, Catalogue","0"
"12","38","0.117501066676145","0","0","ACTIONS_AND_REACTIONS_noWikiID","0","0.013806500670031873","1.3387337988414147","4","No Review & No Catalogue","0"
"7","39","0.733799591996489","2","1","ADAM_BEDE_Q2611046","1","0.5384618412142138","1.2842234010805316","8","Review & Catalogue","1"
"4","40","0.11291791638611","1","1","ADELA_CATHCART_noWikiID","1","0.012750455840980529","0.5253580488644732","2","Review & Catalogue","1"
"13","41","0.0520374856859669","1","5","ADELINE_MOWBRAY_Q65083334","1","0.0027078999165172104","1.7377334835755773","12","Review & Catalogue","1"
"14","42","0.0477757206414661","0","0","ADVENTURES_OF_A_PINCUSHION_noWikiID","0","0.0022825194828114104","0.40465909614764045","2","No Review & No Catalogue","0"
"10","43","0.132226821715085","1","1","AFTER_DARK_noWikiID","1","0.01748393238087288","0.15","0","Review & Catalogue","1"
"8","44","0.11291791638611","0","0","AFTER_LONDON;_OR,_WILD_ENGLAND_noWikiID","0","0.012750455840980529","0.15","0","No Review & No Catalogue","0"
"2","46","0.11291791638611","2","1","ALEC_FORBES_OF_HOWGLEN_noWikiID","1","0.012750455840980529","1.3499552711619314","10","Review & Catalogue","1"
"14","47","0.384640372733741","2","1","ALICE'S_ADVENTURES_IN_WONDERLAND_Q92640","1","0.14794821633675123","0.2987871555585368","2","Review & Catalogue","1"
"0","48","0.0520374856859669","1","0","ALL_SORTS_AND_CONDITIONS_OF_MEN_noWikiID","1","0.0027078999165172104","0.7557186691101091","6","No Review, Catalogue","0"
"11","49","0.142891468333576","1","0","ALLAN_QUATERMAIN_(NOVEL)_Q4062545","1","0.020417971722525352","1.9985689380927778","7","No Review, Catalogue","0"
"9","50","0.122244604531682","1","1","ALMAYER'S_FOLLY_Q2404359","1","0.014943743337107327","0.46343967252070856","2","Review & Catalogue","1"
"11","51","0.148487553986026","2","1","ALTON_LOCKE_Q4736895","1","0.022048553688752987","1.8629594431434733","6","Review & Catalogue","1"
"9","52","0.11291791638611","0","0","AMY_FOSTER_Q4749187","0","0.012750455840980529","0.279042416412609","1","No Review & No Catalogue","0"
"14","53","0.137472234822425","0","0","AN_APOLOGY_FOR_THE_LIFE_OF_MRS._SHAMELA_ANDREWS_Q2743569","0","0.01889861534707196","0.3823240161654655","2","No Review & No Catalogue","0"
"5","54","0.0543008598413405","1","1","AN_IRISH_COUSIN_noWikiID","1","0.002948583379508905","0.3066877459823002","1","Review & Catalogue","1"
"9","55","0.11291791638611","1","0","AN_OUTCAST_OF_THE_ISLANDS_Q1090444","1","0.012750455840980529","1.9136546376323083","10","No Review, Catalogue","0"
"5","56","0.160221548263055","0","1","ANN_VERONICA_Q1247736","0","0.025670944527810467","2.3703794648569882","15","Review, No Catalogue","1"
"1","57","0.122244604531682","3","2","ANNA_ST_IVES_noWikiID","1","0.014943743337107327","0.32627662785606015","1","Review & Catalogue","1"
"6","58","0.172694745758032","2","1","ANNALS_OF_THE_PARISH_Q4767877","1","0.029823475212431314","0.2611860643266269","3","Review & Catalogue","1"
"6","59","0.0477757206414661","0","0","ANTAR_noWikiID","0","0.0022825194828114104","0.15","0","No Review & No Catalogue","0"
"10","60","0.395337204568379","2","1","ARMADALE_Q4792516","1","0.15629150531594035","2.974137894263775","14","Review & Catalogue","1"
"1","61","0.0477757206414661","1","1","ARTHUR_MERVYN_Q4799713","1","0.0022825194828114104","1.2409124718542917","10","Review & Catalogue","1"
"14","62","0.137472234822425","2","1","AT_THE_BACK_OF_THE_NORTH_WIND_Q1619593","1","0.01889861534707196","2.004195383514447","14","Review & Catalogue","1"
"9","63","0.117501066676145","0","0","AT_THE_END_OF_THE_PASSAGE_noWikiID","0","0.013806500670031873","0.15","0","No Review & No Catalogue","0"
"2","64","0.117501066676145","0","1","AULD_LICHT_IDYLLS_noWikiID","0","0.013806500670031873","0.41309208607261605","4","Review, No Catalogue","1"
"0","65","0.316181109886472","2","1","AURORA_FLOYD_Q4822530","1","0.0999704942490413","0.15","0","Review & Catalogue","1"
"11","66","0.142891468333576","0","1","AYESHA_(NOVEL)_Q2604590","0","0.020417971722525352","1.620011933209872","5","Review, No Catalogue","1"
"0","67","0.30372380755444","2","1","BARCHESTER_TOWERS_Q4859885","1","0.09224815127536651","0.6924129630584313","4","Review & Catalogue","1"
"10","68","0.294299317623214","1","1","BASIL_noWikiID","1","0.0866120883534894","0.15","0","Review & Catalogue","1"
"1","69","0.384640372733741","3","5","BELINDA_noWikiID","1","0.14794821633675123","0.5816663704024878","4","Review & Catalogue","1"
"4","71","0.958008839727505","2","1","BLEAK_HOUSE_Q883305","1","0.9177809369960402","1.7768631336095315","8","Review & Catalogue","1"
"10","72","0.11291791638611","1","0","BLIND_LOVE_noWikiID","1","0.012750455840980529","0.5935021512655261","2","No Review, Catalogue","0"
"3","73","0.11291791638611","1","0","BORN_IN_EXILE_Q4945890","1","0.012750455840980529","0.5510429171523503","3","No Review, Catalogue","0"
"4","74","0.049863479389024","1","1","BROKEN_TO_HARNESS_noWikiID","1","0.0024863665767796217","0.4675435329888976","2","Review & Catalogue","1"
"1","75","0.616422785736394","3","2","CALEB_WILLIAMS_Q7784409","1","0.37997705077501626","0.8295370722638125","7","Review & Catalogue","1"
"11","76","0.11291791638611","1","0","CALLISTA_(NOVEL)_Q2934238","1","0.012750455840980529","1.6245589657547772","5","No Review, Catalogue","0"
"1","77","0.550971056761127","0","2","CAMILLA_Q2934813","0","0.30356910538847304","2.8199311207878575","14","Review, No Catalogue","1"
"8","78","0.122244604531682","0","0","CAPTAIN_SINGLETON_Q1728631","0","0.014943743337107327","1.4810152814811623","10","No Review & No Catalogue","0"
"9","79","0.0477757206414661","1","0","CAPTAINS_COURAGEOUS_Q1035138","1","0.0022825194828114104","0.6558273485666803","3","No Review, Catalogue","0"
"5","80","0.137472234822425","2","0","CARMILLA_Q1043792","1","0.01889861534707196","0.15","0","No Review, Catalogue","0"
"5","81","0.11291791638611","0","0","CARNIVAL_noWikiID","0","0.012750455840980529","1.1060311481103544","7","No Review & No Catalogue","0"
"14","82","0.0477757206414661","0","0","CARROTS_noWikiID","0","0.0022825194828114104","1.2173339722074745","7","No Review & No Catalogue","0"
"8","83","0.86626658311391","3","1","CASTLE_RACKRENT_Q5050238","1","0.7504177930198488","0.15","0","Review & Catalogue","1"
"0","84","0.117501066676145","1","1","CASTLE_RICHMOND_Q5050241","1","0.013806500670031873","2.9433988769227484","16","Review & Catalogue","1"
"0","85","0.11291791638611","0","0","CATHERINE,_A_STORY_noWikiID","0","0.012750455840980529","0.40753131004056076","2","No Review & No Catalogue","0"
"6","86","0.11291791638611","0","0","CATRIONA_noWikiID","0","0.012750455840980529","0.45356460734361403","3","No Review & No Catalogue","0"
"1","87","0.177146178958168","2","2","CECILIA_Q3233990","1","0.031380768719479285","3.031061790521078","16","Review & Catalogue","1"
"1","88","0.11291791638611","2","2","CELESTINA_Q583705","1","0.012750455840980529","1.952521442628183","10","Review & Catalogue","1"
"5","89","0.117501066676145","1","0","CELIBATES_noWikiID","1","0.013806500670031873","1.4746543130813652","8","No Review, Catalogue","0"
"9","90","0.294299317623214","0","0","CHANCE_Q793748","0","0.0866120883534894","1.462690887459213","4","No Review & No Catalogue","0"
"13","91","0.0477757206414661","0","0","CHARLOTTE_TEMPLE_noWikiID","0","0.0022825194828114104","0.15","0","No Review & No Catalogue","0"
"12","92","0.0520374856859669","1","0","CHILDREN_OF_THE_GHETTO_noWikiID","1","0.0027078999165172104","0.667455489063799","2","No Review, Catalogue","0"
"6","93","0.142891468333576","2","0","CHRONICLES_OF_THE_CANONGATE_Q17352486","1","0.020417971722525352","0.7337618460890635","6","No Review, Catalogue","0"
"14","94","0.0477757206414661","0","0","CITY_SCENES_noWikiID","0","0.0022825194828114104","0.2557303961111782","1","No Review & No Catalogue","0"
"1","95","0.965599150597217","3","1","CLARISSA_Q980534","1","0.932381719634067","4.007623316574503","18","Review & Catalogue","1"
"2","96","0.0477757206414661","1","1","CLEG_KELLY_noWikiID","1","0.0022825194828114104","0.3714188650548893","3","Review & Catalogue","1"
"4","97","0.11291791638611","1","1","COCK_AND_ANCHOR_noWikiID","1","0.012750455840980529","0.5467746063994929","3","Review & Catalogue","1"
"1","98","0.0699415703280632","2","3","COELEBS_IN_SEARCH_OF_A_WIFE_Q5140605","1","0.0048918232599554105","0.15","0","Review & Catalogue","1"
"5","99","0.0520374856859669","2","1","COMETH_UP_AS_A_FLOWER_Q19571321","1","0.0027078999165172104","0.4139770651544952","2","Review & Catalogue","1"
"8","100","0.0566567958260902","1","1","CONFESSIONS_OF_A_THUG_(NOVEL)_Q5160036","1","0.003209992513279272","0.24912280708102058","1","Review & Catalogue","1"
"5","101","0.137472234822425","1","1","CONFESSIONS_OF_A_YOUNG_MAN_Q5160039","1","0.01889861534707196","0.26678689856604376","2","Review & Catalogue","1"
"1","102","0.353247063375283","1","1","CONFESSIONS_OF_AN_ENGLISH_OPIUM-EATER_Q1610128","1","0.1247834877832612","0.2022412887410261","1","Review & Catalogue","1"
"0","103","0.122244604531682","2","0","CONINGSBY_Q5161083","1","0.014943743337107327","0.7523757255318007","2","No Review, Catalogue","0"
"8","104","0.0566567958260902","1","1","CORAL_ISLAND_Q4232653","1","0.003209992513279272","0.8341626971620001","5","Review & Catalogue","1"
"6","105","0.117501066676145","1","0","COUNT_ROBERT_OF_PARIS_noWikiID","1","0.013806500670031873","1.6757333448581613","14","No Review, Catalogue","0"
"14","106","0.135806373618849","2","0","COUSIN_PHILLIS_noWikiID","1","0.018443371115502406","0.47034559952491295","3","No Review, Catalogue","0"
"14","107","0.227753497177042","2","1","CRANFORD_(NOVEL)_Q265100","1","0.051871655476372874","1.6856448539078202","9","Review & Catalogue","1"
"11","108","0.0477757206414661","2","1","CROTCHET_CASTLE_Q5188976","1","0.0022825194828114104","0.2931847406772396","1","Review & Catalogue","1"
"7","109","0.69722573995813","1","7","DANIEL_DERONDA_Q552238","1","0.4861237324601619","1.8684791491083903","8","Review & Catalogue","1"
"0","110","0.0477757206414661","1","0","DAUGHTERS_OF_MEN_noWikiID","1","0.0022825194828114104","0.2535675082327113","1","No Review, Catalogue","0"
"4","111","0.46129393099787","2","0","DAVID_COPPERFIELD_Q189811","1","0.21279209077546768","4.706267079832227","20","No Review, Catalogue","0"
"2","112","0.117501066676145","2","1","DAVID_ELGINBROD_Q5233331","1","0.013806500670031873","0.6114892904740223","3","Review & Catalogue","1"
"11","113","0.154263355437284","0","0","DE_PROFUNDIS_(LETTER)_Q1249459","0","0.02379718283076982","0.7185320981957185","3","No Review & No Catalogue","0"
"4","114","0.117501066676145","2","1","DEERBROOK_noWikiID","1","0.013806500670031873","2.115188977614914","7","Review & Catalogue","1"
"0","115","0.0543008598413405","1","1","DEMOS_noWikiID","1","0.002948583379508905","1.1291845851304105","7","Review & Catalogue","1"
"4","116","0.30372380755444","2","1","DESPERATE_REMEDIES_Q2846293","1","0.09224815127536651","0.4348609460389194","2","Review & Catalogue","1"
"0","117","0.11291791638611","1","0","DIANA_OF_THE_CROSSWAYS_Q5271362","1","0.012750455840980529","0.3655323819978046","1","No Review, Catalogue","0"
"1","118","0.0543008598413405","1","1","DISCIPLINE_noWikiID","1","0.002948583379508905","2.7788837096619714","13","Review & Catalogue","1"
"0","119","0.294299317623214","1","1","DOCTOR_THORNE_noWikiID","1","0.0866120883534894","2.438725773948036","12","Review & Catalogue","1"
"4","120","0.594948283367066","2","1","DOMBEY_AND_SON_Q963659","1","0.3539634598814186","3.854906264808919","20","Review & Catalogue","1"
"4","122","0.964677124546833","1","1","DRACULA_Q41542","1","0.9306019546239459","0.20514319111630624","1","Review & Catalogue","1"
"12","123","0.0477757206414661","1","0","DREAMERS_OF_THE_GHETTO_noWikiID","1","0.0022825194828114104","1.3155812918614682","4","No Review, Catalogue","0"
"5","124","0.797979883708377","0","0","DUBLINERS_Q459592","0","0.6367718948032349","0.7096013919986242","3","No Review & No Catalogue","0"
"4","125","0.498261873505709","2","0","EAST_LYNNE_Q5328900","1","0.24826489458941917","0.9612323529428008","4","No Review, Catalogue","0"
"13","126","0.677911265542429","3","0","EMMA_(NOVEL)_Q223880","1","0.45956368394933766","2.2350977072815486","15","No Review, Catalogue","0"
"1","127","0.049863479389024","1","1","EMMA_OR_THE_UNFORTUNATE_ATTACHMENT_noWikiID","1","0.0024863665767796217","0.39071619580148553","2","Review & Catalogue","1"
"1","128","0.137472234822425","1","1","EMMELINE_Q5373421","1","0.01889861534707196","2.0228807808399747","8","Review & Catalogue","1"
"4","129","0.117501066676145","0","0","ENNUI_Q117149111","0","0.013806500670031873","1.3943225081830475","7","No Review & No Catalogue","0"
"11","130","0.0699415703280632","1","1","EREWHON_Q1350048","1","0.0048918232599554105","1.460054716271045","7","Review & Catalogue","1"
"4","131","0.0477757206414661","1","0","EREWHON_REVISITED_Q5385740","1","0.0022825194828114104","0.3243717124488603","1","No Review, Catalogue","0"
"4","132","0.0543008598413405","2","0","ERIC_OR_LITTLE_BY_LITTLE_Q5385958","1","0.002948583379508905","0.15","0","No Review, Catalogue","0"
"14","133","0.0477757206414661","0","0","ESTHER_noWikiID","0","0.0022825194828114104","1.3854360230911766","9","No Review & No Catalogue","0"
"4","134","0.285047546124646","1","1","ESTHER_WATERS_Q5401319","1","0.08125210355168219","0.8675658026230635","4","Review & Catalogue","1"
"1","135","0.0477757206414661","2","1","EUGENE_ARAM_(NOVEL)_Q16385636","1","0.0022825194828114104","0.4480110126191602","5","Review & Catalogue","1"
"1","136","0.57979506909561","2","2","EVELINA_Q1635110","1","0.3361623221475831","2.36674603360758","13","Review & Catalogue","1"
"8","137","0.0543008598413405","1","0","EVENINGS_AT_HOME_Q5416654","1","0.002948583379508905","0.309345968872499","1","No Review, Catalogue","0"
"15","138","0.11291791638611","0","0","EXILUS_noWikiID","0","0.012750455840980529","1.7421910067472095","12","No Review & No Catalogue","0"
"4","139","0.049863479389024","0","0","FANNY_HILL_Q1395765","0","0.0024863665767796217","0.15","0","No Review & No Catalogue","0"
"15","140","0.11291791638611","0","0","FANTOMINA_Q5434405","0","0.012750455840980529","0.7085729886385597","4","No Review & No Catalogue","0"
"7","141","0.323070787610778","1","1","FAR_FROM_THE_MADDING_CROWD_Q5642996","1","0.10437473380744844","0.8344750552684348","7","Review & Catalogue","1"
"0","142","0.0543008598413405","1","1","FARDOROUGHA_THE_MISER_noWikiID","1","0.002948583379508905","0.30724568856996953","2","Review & Catalogue","1"
"0","143","0.154263355437284","2","1","FELIX_HOLT_THE_RADICAL_Q5442230","1","0.02379718283076982","0.6190507542897576","4","Review & Catalogue","1"
"14","144","0.0477757206414661","1","0","FIVE_CHILDREN_AND_IT_noWikiID","1","0.0022825194828114104","1.392885877110431","9","No Review, Catalogue","0"
"11","145","0.141170686071351","0","0","FLATLAND_noWikiID","0","0.019929162605855935","0.5028029465750613","2","No Review & No Catalogue","0"
"4","146","0.0477757206414661","1","0","FOR_THE_TERM_OF_HIS_NATURAL_LIFE_noWikiID","1","0.0022825194828114104","0.525004885158315","2","No Review, Catalogue","0"
"15","147","0.11291791638611","1","0","FORTUNATE_FOUNDLINGS_noWikiID","1","0.012750455840980529","0.8138350428203178","4","No Review, Catalogue","0"
"1","148","0.985957888404111","1","1","FRANKENSTEIN_Q150827","1","0.9721129577062935","1.2275059999615032","9","Review & Catalogue","1"
"12","149","0.0477757206414661","1","0","GHETTO_TRAGEDIES_noWikiID","1","0.0022825194828114104","0.5597516812782048","2","No Review, Catalogue","0"
"1","150","0.0566567958260902","1","1","GLENARVON_Q3771960","1","0.003209992513279272","1.6053143377710546","8","Review & Catalogue","1"
"0","151","0.0477757206414661","1","0","GOING_TO_MAYNOOTH_noWikiID","1","0.0022825194828114104","0.15","0","No Review, Catalogue","0"
"14","152","0.117501066676145","0","1","GRANNY'S_WONDERFUL_CHAIR_noWikiID","0","0.013806500670031873","0.15","0","Review, No Catalogue","1"
"4","153","0.706633180000831","2","1","GREAT_EXPECTATIONS_Q219552","1","0.49933045107808677","3.5472734372110586","15","Review & Catalogue","1"
"8","154","0.971587266152791","3","1","GULLIVER'S_TRAVELS_Q181488","1","0.9439818157502543","1.499726765858814","10","Review & Catalogue","1"
"6","155","0.172694745758032","2","3","GUY_MANNERING_Q2288976","1","0.029823475212431314","1.6151271446662991","10","Review & Catalogue","1"
"7","156","0.0477757206414661","0","0","HALF_A_LIFE-TIME_AGO_noWikiID","0","0.0022825194828114104","0.33463796477495106","1","No Review & No Catalogue","0"
"4","157","0.0566567958260902","2","1","HARD_CASH_(NOVEL)_Q30314349","1","0.003209992513279272","0.9630472855161724","6","Review & Catalogue","1"
"4","158","0.706633180000831","1","1","HARD_TIMES_(NOVEL)_Q1340493","1","0.49933045107808677","1.2821858036808849","4","Review & Catalogue","1"
"1","159","0.11291791638611","2","0","HARRINGTON_noWikiID","1","0.012750455840980529","0.6276441484532767","4","No Review, Catalogue","0"
"5","160","0.049863479389024","1","0","HAUNTINGS_noWikiID","1","0.0024863665767796217","0.2996890537625075","2","No Review, Catalogue","0"
"0","161","0.353247063375283","2","0","HE_KNEW_HE_WAS_RIGHT_noWikiID","1","0.1247834877832612","3.976462827154282","15","No Review, Catalogue","0"
"11","162","0.049863479389024","2","3","HEADLONG_HALL_Q5689829","1","0.0024863665767796217","0.33690527218174027","2","Review & Catalogue","1"
"10","163","0.127152048513252","1","0","HEART_AND_SCIENCE_noWikiID","1","0.016167643441116385","0.9504841872602533","6","No Review, Catalogue","0"
"9","164","0.75930721969968","0","0","HEART_OF_DARKNESS_Q129778","0","0.5765474538880581","1.3499951485766428","8","No Review & No Catalogue","0"
"7","165","0.0477757206414661","1","0","HELBECK_OF_BANNISDALE_Q19572074","1","0.0022825194828114104","0.3340033910552556","1","No Review, Catalogue","0"
"1","166","0.11291791638611","1","2","HELEN_noWikiID","1","0.012750455840980529","2.399513206420333","13","Review & Catalogue","1"
"4","167","0.0477757206414661","1","0","HENRY_DUNBAR_noWikiID","1","0.0022825194828114104","0.5155166625994518","3","No Review, Catalogue","0"
"12","168","0.122244604531682","1","1","HEREWARD_THE_WAKE_(NOVEL)_Q5738318","1","0.014943743337107327","2.012926100811385","11","Review & Catalogue","1"
"13","169","0.0477757206414661","0","2","HERMSPRONG_Q5742104","0","0.0022825194828114104","0.7967119323786431","5","Review, No Catalogue","1"
"7","170","0.135806373618849","1","0","HESTER_noWikiID","1","0.018443371115502406","4.348451099813994","20","No Review, Catalogue","0"
"4","171","0.285047546124646","2","0","HIDE_AND_SEEK_noWikiID","1","0.08125210355168219","1.3765320274130137","6","No Review, Catalogue","0"
"8","172","0.11291791638611","0","0","HISTORY_OF_JOHN_BULL_noWikiID","0","0.012750455840980529","0.28572542749461505","2","No Review & No Catalogue","0"
"4","173","0.0566567958260902","0","2","HOLIDAY_HOUSE_noWikiID","0","0.003209992513279272","0.23080028168554173","1","Review, No Catalogue","1"
"5","174","0.16636459934805","0","1","HOWARDS_END_Q1146642","0","0.0276771799162372","2.1641138616935423","12","Review, No Catalogue","1"
"11","175","0.0543008598413405","0","1","HYMNS_IN_PROSE_FOR_CHILDREN_Q9005648","0","0.002948583379508905","0.15","0","Review, No Catalogue","1"
"6","176","0.127152048513252","0","0","IMAGINARY_PORTRAITS_noWikiID","0","0.016167643441116385","0.15","0","No Review & No Catalogue","0"
"11","177","0.117501066676145","0","0","IMPRESSIONS_OF_THEOPHRASTUS_SUCH_Q6007633","0","0.013806500670031873","0.758107267384503","4","No Review & No Catalogue","0"
"4","178","0.30372380755444","1","0","IN_A_GLASS_DARKLY_Q6011356","1","0.09224815127536651","0.40294321278082984","2","No Review, Catalogue","0"
"7","179","0.117501066676145","1","0","IN_THE_YEAR_OF_JUBILEE_Q19572195","1","0.013806500670031873","2.3290014525749223","9","No Review, Catalogue","0"
"4","180","0.0616594855735503","2","1","IT_IS_NEVER_TOO_LATE_TO_MEND_(NOVEL)_Q6091852","1","0.0038018921611948572","1.7886627091849294","6","Review & Catalogue","1"
"6","181","0.706633180000831","2","3","IVANHOE_Q840974","1","0.49933045107808677","1.4762902510469469","12","Review & Catalogue","1"
"4","182","0.049863479389024","0","1","JACK_SHEPPARD_noWikiID","0","0.0024863665767796217","0.7630437116235126","3","Review, No Catalogue","1"
"7","183","0.993700367636865","2","1","JANE_EYRE_Q182961","1","0.9874404206416406","2.64113123098697","12","Review & Catalogue","1"
"2","184","0.0591085593605752","1","0","JESSICA'S_FIRST_PRAYER_noWikiID","1","0.003493821789682642","0.15","0","No Review, Catalogue","0"
"10","185","0.285047546124646","1","0","JEZEBEL'S_DAUGHTER_noWikiID","1","0.08125210355168219","1.2126733577374735","10","No Review, Catalogue","0"
"2","186","0.11291791638611","1","0","JOHN_BURNET_OF_BARNS_noWikiID","1","0.012750455840980529","0.24414513490816767","1","No Review, Catalogue","0"
"7","187","0.132226821715085","2","1","JOHN_HALIFAX_GENTLEMAN_Q6237289","1","0.01748393238087288","3.0201008977178585","14","Review & Catalogue","1"
"8","188","0.30372380755444","1","0","JONATHAN_WILD_noWikiID","1","0.09224815127536651","0.7435491132764276","6","No Review, Catalogue","0"
"12","189","0.117501066676145","1","0","JORROCK'S_JAUNTS_AND_JOLLITIES_noWikiID","1","0.013806500670031873","0.15","0","No Review, Catalogue","0"
"8","190","0.294299317623214","2","0","JOSEPH_ANDREWS_Q784226","1","0.0866120883534894","1.4845957900184332","10","No Review, Catalogue","0"
"7","191","0.573104135313384","1","1","JUDE_THE_OBSCURE_Q1248773","1","0.3284483499133016","0.8986967145669529","4","Review & Catalogue","1"
"14","192","0.294299317623214","1","0","JUST_SO_STORIES_Q1247723","1","0.0866120883534894","0.447534489784329","2","No Review, Catalogue","0"
"6","193","0.117501066676145","2","1","KENILWORTH_Q2600597","1","0.013806500670031873","1.886595264935528","13","Review & Catalogue","1"
"9","194","0.384640372733741","1","1","KIDNAPPED_(NOVEL)_Q2349094","1","0.14794821633675123","0.4018499918768035","2","Review & Catalogue","1"
"12","195","0.68764997588443","1","1","KIM_(NOVEL)_Q589868","1","0.47286248933385716","0.6801239669001558","2","Review & Catalogue","1"
"11","196","0.406135180117558","1","1","KING_SOLOMON'S_MINES_Q1137494","1","0.1649457845291213","1.3091731418017698","3","Review & Catalogue","1"
"5","197","0.142891468333576","1","0","KIPPS_Q1249082","1","0.020417971722525352","0.6628723053204209","5","No Review, Catalogue","0"
"2","198","0.0643129761992644","0","0","KNOCKNAGOW_noWikiID","0","0.00413615890760715","0.33742371523337894","2","No Review & No Catalogue","0"
"10","199","0.769791600120154","2","1","LADY_AUDLEY'S_SECRET_Q2738351","1","0.5925791076155471","0.5750574127352469","4","Review & Catalogue","1"
"0","200","0.0477757206414661","2","0","LEVER'S_LORD_KILGOBBIN_noWikiID","1","0.0022825194828114104","0.7405367385428987","5","No Review, Catalogue","0"
"13","201","0.117501066676145","1","0","LIBER_AMORIS_noWikiID","1","0.013806500670031873","0.4344422700587084","1","No Review, Catalogue","0"
"7","202","0.11291791638611","1","0","LIFE'S_LITTLE_IRONIES_noWikiID","1","0.012750455840980529","0.15","0","No Review, Catalogue","0"
"8","203","0.0477757206414661","0","0","LIFE_AND_ADVENTURES_OF_PETER_WILKINS_noWikiID","0","0.0022825194828114104","1.5622655276600597","9","No Review & No Catalogue","0"
"14","204","0.049863479389024","0","0","LIFE_AND_PERAMBULATIONS_OF_A_MOUSE_noWikiID","0","0.0024863665767796217","0.1901183098483335","1","No Review & No Catalogue","0"
"7","205","0.122244604531682","1","0","LILITH_noWikiID","1","0.014943743337107327","0.6381706341147182","5","No Review, Catalogue","0"
"4","206","0.677911265542429","2","1","LITTLE_DORRIT_Q565638","1","0.45956368394933766","3.686346587659843","16","Review & Catalogue","1"
"0","207","0.122244604531682","1","0","LITTLE_LORD_FAUNTLEROY_Q387480","1","0.014943743337107327","0.15","0","No Review, Catalogue","0"
"6","208","0.0520374856859669","0","0","LONGSWORD_(NOVEL)_Q104859091","0","0.0027078999165172104","0.1949597152373112","1","No Review & No Catalogue","0"
"9","209","0.313316107488017","1","0","LORD_JIM_Q727408","1","0.09816698321144264","2.175974485937964","12","No Review, Catalogue","0"
"2","210","0.135806373618849","2","2","LORNA_DOONE_Q3400981","1","0.018443371115502406","1.9645809507833536","8","Review & Catalogue","1"
"0","211","0.122244604531682","0","0","LOSS_AND_GAIN_Q3259809","0","0.014943743337107327","0.15","0","No Review & No Catalogue","0"
"5","212","0.0477757206414661","0","0","LOST_DIARIES_noWikiID","0","0.0022825194828114104","0.3270022883295195","1","No Review & No Catalogue","0"
"12","213","0.049863479389024","1","0","LOVE_AMONG_THE_RUINS_noWikiID","1","0.0024863665767796217","0.28608692737984337","2","No Review, Catalogue","0"
"13","214","0.0477757206414661","0","1","LOVE_AND_MADNESS_Q6691643","0","0.0022825194828114104","0.22523569006568636","1","Review, No Catalogue","1"
"5","215","0.117501066676145","1","0","LOVE_AND_MR_LEWISHAM_Q4271834","1","0.013806500670031873","0.8483150902152907","7","No Review, Catalogue","0"
"15","216","0.23024672621441","0","0","LOVE_IN_EXCESS;_OR_THE_FATAL_ENQUIRY_Q1588738","0","0.05301355493245348","1.4237537248329761","9","No Review & No Catalogue","0"
"15","217","0.127152048513252","0","0","LOVE_INTRIGUES_noWikiID","0","0.016167643441116385","1.1051698988086303","6","No Review & No Catalogue","0"
"9","218","0.11291791638611","0","0","MADAM_HOW_AND_LADY_WHY_noWikiID","0","0.012750455840980529","0.23039611964430073","1","No Review & No Catalogue","0"
"10","219","0.313316107488017","2","1","MAN_AND_WIFE_(NOVEL)_Q16386863","1","0.09816698321144264","1.0137321212189634","6","Review & Catalogue","1"
"13","220","0.637452560360192","3","0","MANSFIELD_PARK_Q469690","1","0.4063457667097643","0.7465464839005762","3","No Review, Catalogue","0"
"1","221","0.616422785736394","0","1","MARIA_OR_THE_WRONGS_OF_WOMAN_Q890170","0","0.37997705077501626","0.16898987970211954","1","Review, No Catalogue","1"
"11","222","0.148487553986026","1","0","MARIUS_THE_EPICUREAN_Q5477441","1","0.022048553688752987","0.5059757708814235","2","No Review, Catalogue","0"
"1","223","0.0543008598413405","3","2","MARRIAGE_noWikiID","1","0.002948583379508905","0.48573912516222306","3","Review & Catalogue","1"
"4","224","0.395337204568379","2","1","MARTIN_CHUZZLEWIT_Q1903609","1","0.15629150531594035","4.620232448935537","20","Review & Catalogue","1"
"1","225","0.132226821715085","2","2","MARY_A_FICTION_Q2900963","1","0.01748393238087288","0.17872827954936032","1","Review & Catalogue","1"
"2","226","0.619558723877394","2","1","MARY_BARTON_Q2607078","1","0.3838530123325849","1.1310479584113455","7","Review & Catalogue","1"
"8","227","0.0477757206414661","1","0","MASTERMAN_READY_OR_THE_WRECK_OF_THE_PACIFIC_Q6785376","1","0.0022825194828114104","1.874871899119113","12","No Review, Catalogue","0"
"13","228","0.0477757206414661","0","2","MATHILDA_Q3851863","0","0.0022825194828114104","0.33463796477495106","1","Review, No Catalogue","1"
"5","229","0.0477757206414661","1","0","MAX_noWikiID","1","0.0022825194828114104","0.1755","1","No Review, Catalogue","0"
"8","230","0.0477757206414661","0","0","MAZEPPA_noWikiID","0","0.0022825194828114104","0.3693089708873688","1","No Review & No Catalogue","0"
"1","231","0.356287748913087","0","1","MELMOTH_THE_WANDERER_Q1475956","0","0.12694096002555494","1.4416154791423224","9","Review, No Catalogue","1"
"8","232","0.137472234822425","0","0","MEMOIRS_OF_A_CAVALIER_Q6815274","0","0.01889861534707196","0.5160211079702796","2","No Review & No Catalogue","0"
"13","233","0.0520374856859669","0","0","MEMOIRS_OF_A_MAGDALEN_Q6815279","0","0.0027078999165172104","0.35405030619146527","2","No Review & No Catalogue","0"
"1","234","0.11291791638611","0","0","MEMOIRS_OF_CARWIN_THE_BILOQUIST_Q6815263","0","0.012750455840980529","0.18438101908597443","1","No Review & No Catalogue","0"
"13","235","0.197672587097148","1","2","MEMOIRS_OF_EMMA_COURTNEY_Q2395365","1","0.03907445168967956","0.36651296477495104","2","Review & Catalogue","1"
"12","236","0.117501066676145","1","1","MICAH_CLARKE_Q3050442","1","0.013806500670031873","1.434809092893712","7","Review & Catalogue","1"
"7","237","0.976152943083648","2","1","MIDDLEMARCH_Q313129","1","0.9528745682908677","2.195519693616884","8","Review & Catalogue","1"
"8","238","0.0520374856859669","1","0","MILLENIUM_HALL_Q6858753","1","0.0027078999165172104","0.9033625716882488","7","No Review, Catalogue","0"
"4","239","0.605736576985184","0","0","MOLL_FLANDERS_Q612523","0","0.36691680069772775","1.4242463713463391","4","No Review & No Catalogue","0"
"14","240","0.0477757206414661","2","1","MOPSA_THE_FAIRY_noWikiID","1","0.0022825194828114104","0.6367610013540401","4","Review & Catalogue","1"
"1","241","0.132226821715085","1","0","MORAL_TALES_noWikiID","1","0.01748393238087288","0.4151498978265756","2","No Review, Catalogue","0"
"8","242","0.0477757206414661","2","0","MR_MIDSHIPMAN_EASY_Q1936382","1","0.0022825194828114104","2.2422515332909163","14","No Review, Catalogue","0"
"11","243","0.0477757206414661","0","0","MY_KALULU_PRINCE,_KING,_AND_SLAVE_noWikiID","0","0.0022825194828114104","0.4942525358070977","1","No Review & No Catalogue","0"
"7","244","0.0477757206414661","0","0","MY_LADY_LUDLOW_Q16387198","0","0.0022825194828114104","0.43655962516432945","1","No Review & No Catalogue","0"
"12","245","0.0477757206414661","3","0","MY_NEW_CURATE_noWikiID","1","0.0022825194828114104","0.5191512769650081","2","No Review, Catalogue","0"
"13","246","0.0543008598413405","1","2","NATURE_AND_ART_Q48770862","1","0.002948583379508905","0.20000706989100872","2","Review & Catalogue","1"
"7","248","0.427995724732536","1","1","NEW_GRUB_STREET_noWikiID","1","0.18318034038932873","2.5923606655114297","9","Review & Catalogue","1"
"2","250","0.0477757206414661","1","1","NIGHT_AND_MORNING_noWikiID","1","0.0022825194828114104","0.15","0","Review & Catalogue","1"
"11","251","0.0616594855735503","1","2","NIGHTMARE_ABBEY_Q4054406","1","0.0038018921611948572","0.2931847406772396","1","Review & Catalogue","1"
"10","252","0.343042979973045","2","1","NO_NAME_(NOVEL)_Q7044605","1","0.11767848610878695","2.1165048350980924","15","Review & Catalogue","1"
"4","253","0.0477757206414661","0","0","NO_THOROUGHFARE_Q7045074","0","0.0022825194828114104","0.5137084170722863","3","No Review & No Catalogue","0"
"2","254","0.260923318302859","2","1","NORTH_AND_SOUTH_(GASKELL_NOVEL)_Q1853142","1","0.06808097803417507","1.5619299775261024","8","Review & Catalogue","1"
"13","255","0.573104135313384","3","0","NORTHANGER_ABBEY_Q477508","1","0.3284483499133016","1.9258852486842926","11","No Review, Catalogue","0"
"9","256","0.46129393099787","1","1","NOSTROMO_Q430248","1","0.21279209077546768","0.7508625027377017","4","Review & Catalogue","1"
"12","257","0.0477757206414661","1","0","NOUGHTS_&_CROSSES_noWikiID","1","0.0022825194828114104","0.8488450193902282","4","No Review, Catalogue","0"
"9","258","0.0520374856859669","0","0","ODD_MAN_OUT_noWikiID","0","0.0027078999165172104","0.2219679633867277","1","No Review & No Catalogue","0"
"7","259","0.049863479389024","0","0","ODOUR_OF_CHRYSANTHEMUMS_Q7078330","0","0.0024863665767796217","0.4344422700587084","1","No Review & No Catalogue","0"
"6","260","0.450141038132134","3","3","OLD_MORTALITY_Q3234969","1","0.20262695421067534","1.0930111304893098","11","Review & Catalogue","1"
"4","261","0.910357373663103","2","0","OLIVER_TWIST_Q164974","1","0.8287505477827826","2.1839363196006647","11","No Review, Catalogue","0"
"9","262","0.0520374856859669","0","0","ON_THE_FACE_OF_THE_WATERS_Q59151630","0","0.0027078999165172104","0.44915698667793513","2","No Review & No Catalogue","0"
"8","263","0.160221548263055","0","0","ORIGINAL_STORIES_FROM_REAL_LIFE_Q2705647","0","0.025670944527810467","0.15","0","No Review & No Catalogue","0"
"0","264","0.117501066676145","1","1","ORLEY_FARM_(NOVEL)_Q16962094","1","0.013806500670031873","3.31124908657256","15","Review & Catalogue","1"
"15","265","0.818855815935781","0","0","OROONOKO_Q2453934","0","0.6705248472918537","1.8349756832947635","12","No Review & No Catalogue","0"
"4","266","0.594948283367066","2","1","OUR_MUTUAL_FRIEND_Q1557935","1","0.3539634598814186","3.2057156189930116","14","Review & Catalogue","1"
"14","267","0.0792421570318606","1","1","OUR_VILLAGE_Q7111226","1","0.006279319451062055","0.25868541834725073","1","Review & Catalogue","1"
"8","268","0.0477757206414661","2","1","OUT_ON_THE_PAMPAS_noWikiID","1","0.0022825194828114104","1.415980070324042","10","Review & Catalogue","1"
"1","269","0.84402409531542","4","0","PAMELA_OR_VIRTUE_REWARDED_Q2048624","1","0.7123766734730131","2.0655641957786877","9","No Review, Catalogue","0"
"5","270","0.11291791638611","0","0","PANDORA_noWikiID","0","0.012750455840980529","0.15","0","No Review & No Catalogue","0"
"13","271","0.127152048513252","1","5","PATRONAGE_(NOVEL)_Q7148133","1","0.016167643441116385","0.9569310398649942","5","Review & Catalogue","1"
"0","272","0.137472234822425","0","0","PENDENNIS_Q7162382","0","0.01889861534707196","0.3924666794214532","3","No Review & No Catalogue","0"
"13","273","0.417024677521532","2","0","PERSUASION_(NOVEL)_Q333179","1","0.17390958166193776","1.1783613990334998","6","No Review, Catalogue","0"
"9","274","0.0477757206414661","0","0","PETER'S_PENCE_noWikiID","0","0.0022825194828114104","0.33867276887871856","1","No Review & No Catalogue","0"
"14","275","0.374053924716987","0","0","PETER_AND_WENDY_Q3435337","0","0.13991633859618138","0.7087941441590049","5","No Review & No Catalogue","0"
"8","276","0.117501066676145","0","1","PETER_THE_WHALER_noWikiID","0","0.013806500670031873","1.8354080040705452","12","Review, No Catalogue","1"
"7","277","0.137472234822425","1","1","PHANTASTES_Q1616808","1","0.01889861534707196","0.728411854990676","3","Review & Catalogue","1"
"5","278","0.0477757206414661","1","0","PHILISTIA_noWikiID","1","0.0022825194828114104","0.21147720631209818","1","No Review, Catalogue","0"
"0","279","0.30372380755444","1","0","PHINEAS_REDUX_Q7186370","1","0.09224815127536651","3.0863849185361776","18","No Review, Catalogue","0"
"12","280","0.313316107488017","1","0","PLAIN_TALES_FROM_THE_HILLS_Q3484772","1","0.09816698321144264","1.1791197288451474","3","No Review, Catalogue","0"
"9","281","0.0477757206414661","1","0","PLATTNER_STORY_noWikiID","1","0.0022825194828114104","0.7784548437490336","4","No Review, Catalogue","0"
"13","282","0.127152048513252","1","2","POPULAR_TALES_noWikiID","1","0.016167643441116385","1.7122048000439964","7","Review & Catalogue","1"
"13","283","0.594948283367066","3","1","PRIDE_AND_PREJUDICE_Q170583","1","0.3539634598814186","2.1009352967942165","14","Review & Catalogue","1"
"12","284","0.11291791638611","1","0","PRINCE_RICARDO_OF_PANTOUFLIA_noWikiID","1","0.012750455840980529","0.15","0","No Review, Catalogue","0"
"12","285","0.117501066676145","1","0","PUCK_OF_POOK'S_HILL_Q4342308","1","0.013806500670031873","0.5223815553772181","3","No Review, Catalogue","0"
"6","286","0.117501066676145","3","2","QUENTIN_DURWARD_Q2469230","1","0.013806500670031873","1.4501770886010121","10","Review & Catalogue","1"
"10","287","0.049863479389024","0","0","RECOLLECTIONS_OF_A_DETECTIVE_POLICE_OFFICER_noWikiID","0","0.0024863665767796217","0.3809953838671633","3","No Review & No Catalogue","0"
"7","288","0.0543008598413405","0","0","RECORDS_OF_A_GIRLHOOD_noWikiID","0","0.002948583379508905","0.42069017181543605","2","No Review & No Catalogue","0"
"7","289","0.0543008598413405","1","1","RED_POTTAGE_noWikiID","1","0.002948583379508905","1.2104905894584148","8","Review & Catalogue","1"
"6","290","0.562068477362731","3","2","REDGAUNTLET_Q3422871","1","0.31592097324485885","2.1959107200574843","13","Review & Catalogue","1"
"6","291","0.154263355437284","2","0","RINGAN_GILHAIZE_noWikiID","1","0.02379718283076982","0.429551855828535","5","No Review, Catalogue","0"
"6","292","0.605736576985184","2","2","ROB_ROY_Q2156104","1","0.36691680069772775","2.40763667604583","15","Review & Catalogue","1"
"7","293","0.0643129761992644","1","1","ROBERT_ELSMERE_Q7344052","1","0.00413615890760715","3.6051002325213566","17","Review & Catalogue","1"
"2","294","0.122244604531682","2","1","ROBERT_FALCONER_noWikiID","1","0.014943743337107327","1.9871708679287123","11","Review & Catalogue","1"
"8","295","0.930072496067797","3","0","ROBINSON_CRUSOE_Q483034","1","0.8650348479417822","1.904360723566195","11","No Review, Catalogue","0"
"3","296","0.11291791638611","2","1","ROMOLA_Q7363279","1","0.012750455840980529","0.15","0","Review & Catalogue","1"
"4","297","0.049863479389024","0","1","ROOKWOOD_(NOVEL)_Q7366231","0","0.0024863665767796217","0.3112328304781062","2","Review, No Catalogue","1"
"13","298","0.68764997588443","0","1","ROXANA_Q3825485","0","0.47286248933385716","0.6383959552615479","3","Review, No Catalogue","1"
"4","299","0.0477757206414661","1","0","RUJUB_THE_JUGGLER_noWikiID","1","0.0022825194828114104","0.6468669146724662","2","No Review, Catalogue","0"
"7","300","0.212324186920024","2","1","RUTH_Q80038","1","0.04508156035124929","1.5614052417343474","8","Review & Catalogue","1"
"6","301","0.11291791638611","2","2","SAINT_RONAN'S_WELL_Q3232270","1","0.012750455840980529","1.2178469772196012","6","Review & Catalogue","1"
"7","302","0.0566567958260902","2","0","SALEM_CHAPEL_noWikiID","1","0.003209992513279272","0.924146132223774","4","No Review, Catalogue","0"
"12","303","0.049863479389024","0","0","SANDERS_OF_THE_RIVER_noWikiID","0","0.0024863665767796217","0.22400405367843923","1","No Review & No Catalogue","0"
"13","304","0.323070787610778","0","0","SANDITON_Q3180417","0","0.10437473380744844","0.15","0","No Review & No Catalogue","0"
"11","305","0.605736576985184","0","0","SARTOR_RESARTUS_Q1134140","0","0.36691680069772775","0.9566480000698042","5","No Review & No Catalogue","0"
"7","306","0.384640372733741","2","0","SCENES_OF_CLERICAL_LIFE_Q6544172","1","0.14794821633675123","1.1244335303841015","7","No Review, Catalogue","0"
"1","307","0.117501066676145","2","2","SECRESY_noWikiID","1","0.013806500670031873","0.6707754129283903","6","Review & Catalogue","1"
"13","308","0.0699415703280632","2","2","SELF-CONTROL_(NOVEL)_Q3478102","1","0.0048918232599554105","3.635833999115796","14","Review & Catalogue","1"
"13","309","0.339096257423352","3","1","SENSE_AND_SENSIBILITY_Q274744","1","0.11498627179852419","1.9424713137547762","12","Review & Catalogue","1"
"2","310","0.11291791638611","1","1","SENTIMENTAL_TOMMY_noWikiID","1","0.012750455840980529","0.6815237627489124","6","Review & Catalogue","1"
"7","311","0.0477757206414661","1","0","SEVEN_LITTLE_AUSTRALIANS_Q7457323","1","0.0022825194828114104","0.7252670184173001","4","No Review, Catalogue","0"
"11","312","0.23024672621441","1","0","SHE_A_HISTORY_OF_ADVENTURE_Q640513","1","0.05301355493245348","1.7219409840581452","4","No Review, Catalogue","0"
"13","313","0.528634267866976","0","0","SHIRLEY_(NOVEL)_Q615175","0","0.2794541891632537","1.5874220213358075","6","No Review & No Catalogue","0"
"7","314","0.427995724732536","2","1","SILAS_MARNER_Q638327","1","0.18318034038932873","0.42299093105914554","3","Review & Catalogue","1"
"14","315","0.0477757206414661","1","0","SING_A_SONG_OF_SIXPENCE_noWikiID","1","0.0022825194828114104","0.29767686007429656","2","No Review, Catalogue","0"
"2","316","0.11291791638611","1","1","SIR_GIBBIE_noWikiID","1","0.012750455840980529","0.9238524881647338","6","Review & Catalogue","1"
"12","317","0.11291791638611","1","0","SIR_NIGEL_Q1963997","1","0.012750455840980529","1.5958747595652916","7","No Review, Catalogue","0"
"4","318","0.11291791638611","2","1","SKETCHES_BY_BOZ_Q2609480","1","0.012750455840980529","0.25328043581241116","1","Review & Catalogue","1"
"9","319","0.0477757206414661","1","0","SOME_EXPERIENCES_OF_AN_IRISH_R.M._noWikiID","1","0.0022825194828114104","0.7222981824403509","3","No Review, Catalogue","0"
"0","320","0.0477757206414661","1","0","SON_OF_MARS_noWikiID","1","0.0022825194828114104","0.2966617448231694","1","No Review, Catalogue","0"
"7","321","0.190637850864638","0","1","SONS_AND_LOVERS_Q80771","0","0.036342790182287955","1.2994698338126573","9","Review, No Catalogue","1"
"9","322","0.0477757206414661","0","0","SPIES_OF_THE_KAISER_noWikiID","0","0.0022825194828114104","0.15","0","No Review & No Catalogue","0"
"4","323","0.11291791638611","0","0","ST_IVES_Q4675044","0","0.012750455840980529","0.3225283217727768","1","No Review & No Catalogue","0"
"1","324","0.137472234822425","0","0","ST_LEON_Q7589523","0","0.01889861534707196","1.9461307580672882","17","No Review & No Catalogue","0"
"7","325","0.049863479389024","1","1","ST_MARTIN'S_EVE_noWikiID","1","0.0024863665767796217","0.4280420875245726","2","Review & Catalogue","1"
"12","326","0.30372380755444","1","0","STALKY_&_CO._Q4439259","1","0.09224815127536651","0.5293079096717341","1","No Review, Catalogue","0"
"7","327","0.0543008598413405","0","0","STELLA_MARIS_noWikiID","0","0.002948583379508905","1.3097143742145247","8","No Review & No Catalogue","0"
"0","329","0.11291791638611","1","0","SUNRISE_noWikiID","1","0.012750455840980529","0.292432028470183","2","No Review, Catalogue","0"
"11","330","0.117501066676145","0","0","SUSPIRIA_DE_PROFUNDIS_Q3978307","0","0.013806500670031873","0.6953083074076405","4","No Review & No Catalogue","0"
"0","331","0.450141038132134","2","1","SYBIL_Q3506752","1","0.20262695421067534","0.4326160421807854","1","Review & Catalogue","1"
"2","332","0.146710915746886","1","1","SYLVIAS_LOVERS_Q14566477","1","0.021524092799289882","0.49277140639578987","3","Review & Catalogue","1"
"4","333","0.11291791638611","1","0","SYLVIE_AND_BRUNO_Q1632505","1","0.012750455840980529","0.15","0","No Review, Catalogue","0"
"14","334","0.11291791638611","0","0","TALE_OF_TWO_BAD_MICE_noWikiID","0","0.012750455840980529","0.48232868906514537","3","No Review & No Catalogue","0"
"15","335","0.0591085593605752","0","0","TALES_FROM_SHAKESPEARE_Q589197","0","0.003493821789682642","0.4883787744247135","4","No Review & No Catalogue","0"
"13","336","0.122244604531682","2","5","TALES_OF_FASHIONABLE_LIFE_noWikiID","1","0.014943743337107327","1.2049660620120484","8","Review & Catalogue","1"
"9","337","0.0520374856859669","1","1","TALES_OF_MEAN_STREETS_noWikiID","1","0.0027078999165172104","1.0780370210567214","4","Review & Catalogue","1"
"9","338","0.137472234822425","1","0","TALES_OF_UNREST_noWikiID","1","0.01889861534707196","1.7311498787947106","10","No Review, Catalogue","0"
"0","339","0.137472234822425","0","1","TANCRED_(NOVEL)_Q7682378","0","0.01889861534707196","0.7523757255318007","2","Review, No Catalogue","1"
"7","340","0.616422785736394","1","1","TESS_OF_THE_D'URBERVILLES_Q649409","1","0.37997705077501626","1.041769277008202","9","Review & Catalogue","1"
"6","341","0.122244604531682","3","2","THE_ABBOT_Q2717772","1","0.014943743337107327","2.063798358856471","14","Review & Catalogue","1"
"0","342","0.263655687664613","1","0","THE_ABSENTEE_Q7712149","1","0.06951432163789996","0.15","0","No Review, Catalogue","0"
"14","343","0.11291791638611","2","0","THE_ADVENTURES_OF_A_BROWNIE_noWikiID","1","0.012750455840980529","0.2557303961111782","1","No Review, Catalogue","0"
"8","344","0.049863479389024","3","2","THE_ADVENTURES_OF_ANTHONY_VARNISH_noWikiID","1","0.0024863665767796217","0.4142694407056098","2","Review & Catalogue","1"
"13","345","0.0566567958260902","2","0","THE_ADVENTURES_OF_DAVID_SIMPLE_noWikiID","1","0.003209992513279272","0.762898523822896","3","No Review, Catalogue","0"
"8","346","0.049863479389024","2","2","THE_ADVENTURES_OF_HAJJI_BABA_noWikiID","1","0.0024863665767796217","0.5830753357707092","2","Review & Catalogue","1"
"13","347","0.11291791638611","2","2","THE_ADVENTURES_OF_HUGH_TREVOR_noWikiID","1","0.012750455840980529","1.0026342768155345","3","Review & Catalogue","1"
"13","348","0.0520374856859669","3","0","THE_ADVENTURES_OF_PEREGRINE_PICKLE_Q7712607","1","0.0027078999165172104","2.5559723379670527","9","No Review, Catalogue","0"
"15","349","0.0477757206414661","0","0","THE_ADVENTURES_OF_RIVELLA_Q85806338","0","0.0022825194828114104","0.26829277433027865","2","No Review & No Catalogue","0"
"4","350","0.146710915746886","2","0","THE_ADVENTURES_OF_RODERICK_RANDOM_Q7712626","1","0.021524092799289882","3.580694968253964","14","No Review, Catalogue","0"
"9","351","0.363586690277014","1","0","THE_ADVENTURES_OF_SHERLOCK_HOLMES_Q392147","1","0.1321952813465933","0.2340839230100835","1","No Review, Catalogue","0"
"7","352","0.11291791638611","0","0","THE_ALTAR_OF_THE_DEAD_Q7713242","0","0.012750455840980529","0.2608695652173913","1","No Review & No Catalogue","0"
"3","353","0.353247063375283","1","1","THE_AMBASSADORS_Q650571","1","0.1247834877832612","1.4585210508656237","9","Review & Catalogue","1"
"13","354","0.285047546124646","1","0","THE_AMERICAN_Q3080503","1","0.08125210355168219","0.5670109130041461","3","No Review, Catalogue","0"
"15","355","0.127152048513252","1","0","THE_ANTI-PAMELA_Q7713932","1","0.016167643441116385","1.4267648533774395","10","No Review, Catalogue","0"
"6","356","0.323070787610778","2","2","THE_ANTIQUARY_Q1157183","1","0.10437473380744844","1.5227365458071493","12","Review & Catalogue","1"
"3","357","0.285047546124646","1","0","THE_ASPERN_PAPERS_Q2362409","1","0.08125210355168219","0.3747293278513699","3","No Review, Catalogue","0"
"11","358","0.141170686071351","0","0","THE_AUTOBIOGRAPHY_OF_MARK_RUTHERFORD_noWikiID","0","0.019929162605855935","0.1755","1","No Review & No Catalogue","0"
"3","359","0.11291791638611","1","0","THE_AWKWARD_AGE_noWikiID","1","0.012750455840980529","0.9922660642185872","6","No Review, Catalogue","0"
"6","360","0.11291791638611","0","1","THE_AYRSHIRE_LEGATEES_noWikiID","0","0.012750455840980529","0.1999097442656067","2","Review, No Catalogue","1"
"9","361","0.0520374856859669","1","0","THE_BATTLE_OF_DORKING_Q7715857","1","0.0027078999165172104","0.4727888708360911","2","No Review, Catalogue","0"
"8","362","0.132226821715085","1","0","THE_BATTLE_OF_THE_BOOKS_Q7715895","1","0.01748393238087288","0.7915793491277272","6","No Review, Catalogue","0"
"9","363","0.148487553986026","0","0","THE_BEACH_OF_FALESA_Q7715970","0","0.022048553688752987","1.1132107550727235","7","No Review & No Catalogue","0"
"4","364","0.122244604531682","1","0","THE_BEETLE_(NOVEL)_Q7716299","1","0.014943743337107327","0.5229165746387435","2","No Review, Catalogue","0"
"7","365","0.0643129761992644","1","1","THE_BETH_BOOK_noWikiID","1","0.00413615890760715","4.367759330918463","17","Review & Catalogue","1"
"8","366","0.11291791638611","0","0","THE_BICKERSTAFF_PAPERS_noWikiID","0","0.012750455840980529","0.33870789409230606","2","No Review & No Catalogue","0"
"12","367","0.11291791638611","1","0","THE_BLACK_ARROW_noWikiID","1","0.012750455840980529","1.5901757408167008","8","No Review, Catalogue","0"
"6","368","0.132226821715085","2","3","THE_BLACK_DWARF_noWikiID","1","0.01748393238087288","1.1432418582720563","7","Review & Catalogue","1"
"0","369","0.0670724962784257","1","1","THE_BLACK_PROPHET_noWikiID","1","0.004498719757019429","0.46490904142280154","4","Review & Catalogue","1"
"6","372","0.384640372733741","2","0","THE_BRIDE_OF_LAMMERMOOR_Q2659725","1","0.14794821633675123","2.3368822567096683","12","No Review, Catalogue","0"
"5","373","0.0477757206414661","1","0","THE_BRITISH_BARBARIANS_noWikiID","1","0.0022825194828114104","0.36163062536528345","2","No Review, Catalogue","0"
"6","374","0.148487553986026","1","0","THE_BROWNIE_OF_BODSBECK_Q96408508","1","0.022048553688752987","0.9713233970206592","9","No Review, Catalogue","0"
"5","375","0.117501066676145","0","0","THE_CANTERVILLE_GHOST_Q288020","0","0.013806500670031873","0.4164759725400458","2","No Review & No Catalogue","0"
"14","376","0.0477757206414661","1","0","THE_CARVED_LIONS_Q7721468","1","0.0022825194828114104","0.4637536298088582","3","No Review, Catalogue","0"
"6","377","0.913959841960442","4","0","THE_CASTLE_OF_OTRANTO_Q548576","1","0.8353225927163561","0.46244257133658445","2","No Review, Catalogue","0"
"13","378","0.049863479389024","0","1","THE_CASTLE_OF_WOLFENBACH_Q3520218","0","0.0024863665767796217","1.5508295570114428","10","Review, No Catalogue","1"
"1","379","0.049863479389024","2","2","THE_CASTLES_OF_ATHLIN_AND_DUNBAYNE_Q7721600","1","0.0024863665767796217","0.3702564784249159","4","Review & Catalogue","1"
"7","380","0.0477757206414661","1","1","THE_CAXTONS_Q16385244","1","0.0022825194828114104","0.3340033910552556","1","Review & Catalogue","1"
"10","381","0.049863479389024","1","1","THE_CHANGELING_noWikiID","1","0.0024863665767796217","1.1692492353130615","10","Review & Catalogue","1"
"0","382","0.0477757206414661","1","1","THE_CHANNINGS_(NOVEL)_Q7722115","1","0.0022825194828114104","0.2984513667543829","2","Review & Catalogue","1"
"13","383","0.0729237779448048","3","0","THE_CHILDREN_OF_THE_ABBEY_Q7722505","1","0.005317877389743199","2.2638159773294286","14","No Review, Catalogue","0"
"8","384","0.049863479389024","1","0","THE_CHILDREN_OF_THE_NEW_FOREST_Q7722508","1","0.0024863665767796217","1.095304712350189","7","No Review, Catalogue","0"
"2","385","0.11291791638611","0","0","THE_CHIMES_Q3828573","0","0.012750455840980529","0.15","0","No Review & No Catalogue","0"
"5","386","0.137472234822425","0","1","THE_CLAYHANGER_noWikiID","0","0.01889861534707196","1.5841645726117137","9","Review, No Catalogue","1"
"13","387","0.0477757206414661","1","0","THE_CLEVER_WOMAN_OF_THE_FAMILY_noWikiID","1","0.0022825194828114104","1.0567108292783391","3","No Review, Catalogue","0"
"4","388","0.0543008598413405","2","1","THE_CLOISTER_AND_THE_HEARTH_Q7723455","1","0.002948583379508905","0.7082439106640875","2","Review & Catalogue","1"
"12","389","0.0477757206414661","1","0","THE_COMING_OF_CUCULAIN_noWikiID","1","0.0022825194828114104","0.31766795183086505","2","No Review, Catalogue","0"
"4","390","0.049863479389024","2","0","THE_CONFESSIONS_OF_HARRY_LORREQUER_noWikiID","1","0.0024863665767796217","0.24301279014684982","2","No Review, Catalogue","0"
"8","391","0.11291791638611","0","0","THE_CONSOLIDATOR_Q60753482","0","0.012750455840980529","0.5699943887826454","4","No Review & No Catalogue","0"
"9","392","0.154263355437284","0","0","THE_COUNTRY_OF_THE_BLIND_Q823691","0","0.02379718283076982","0.1923385988561316","1","No Review & No Catalogue","0"
"14","393","0.11291791638611","0","1","THE_CRICKET_ON_THE_HEARTH_Q825220","0","0.012750455840980529","0.20711339422802513","1","Review, No Catalogue","1"
"14","395","0.049863479389024","0","1","THE_CROWN_OF_SUCCESS_noWikiID","0","0.0024863665767796217","0.2359900579313736","1","Review, No Catalogue","1"
"7","396","0.0477757206414661","0","0","THE_DARK_FLOWER_noWikiID","0","0.0022825194828114104","0.5764316442353468","3","No Review & No Catalogue","0"
"2","397","0.0477757206414661","1","1","THE_DAYS_OF_AULD_LANGSYNE_noWikiID","1","0.0022825194828114104","0.3697578763376993","3","Review & Catalogue","1"
"10","398","0.30372380755444","2","1","THE_DEAD_SECRET_Q16934313","1","0.09224815127536651","1.4992721557328796","10","Review & Catalogue","1"
"9","399","0.0477757206414661","0","0","THE_DEMI-GODS_noWikiID","0","0.0022825194828114104","0.15","0","No Review & No Catalogue","0"
"7","401","0.204901193890185","2","1","THE_DOCTOR'S_WIFE_(MOORE_NOVEL)_Q7730467","1","0.04198449925762318","0.8658983108482617","6","Review & Catalogue","1"
"0","402","0.294299317623214","0","0","THE_DUKE'S_CHILDREN_Q7731161","0","0.0866120883534894","2.7011588835174845","15","No Review & No Catalogue","0"
"9","404","0.0477757206414661","1","1","THE_EBB-TIDE_Q4674957","1","0.0022825194828114104","1.6021774895012844","10","Review & Catalogue","1"
"13","405","0.122244604531682","1","1","THE_EGOIST_(NOVEL)_Q7731638","1","0.014943743337107327","0.5905652690787941","2","Review & Catalogue","1"
"0","406","0.0477757206414661","1","1","THE_EMIGRANTS_OF_AHADARRA_noWikiID","1","0.0022825194828114104","0.4600655972240779","4","Review & Catalogue","1"
"14","407","0.0477757206414661","0","0","THE_ENCHANTED_CASTLE_Q2920166","0","0.0022825194828114104","1.3152559952333436","8","No Review & No Catalogue","0"
"6","408","0.148487553986026","2","0","THE_ENTAIL_noWikiID","1","0.022048553688752987","0.7597202865991699","7","No Review, Catalogue","0"
"0","409","0.294299317623214","2","1","THE_EUSTACE_DIAMONDS_Q7732627","1","0.0866120883534894","3.367791407815452","17","Review & Catalogue","1"
"1","410","0.11291791638611","1","0","THE_EVIL_GUEST_noWikiID","1","0.012750455840980529","0.33463796477495106","1","No Review, Catalogue","0"
"14","411","0.0477757206414661","1","0","THE_EXECUTOR_noWikiID","1","0.0022825194828114104","0.27853506033378284","1","No Review, Catalogue","0"
"8","412","0.335938753528388","3","2","THE_EXPEDITION_OF_HUMPHRY_CLINKER_Q3203413","1","0.112854846122207","1.1795261217977044","8","Review & Catalogue","1"
"10","413","0.049863479389024","1","0","THE_EXPERIENCES_OF_LOVEDAY_BROOKE,_LADY_DETECTIVE_noWikiID","1","0.0024863665767796217","0.3272428336396427","2","No Review, Catalogue","0"
"15","414","0.122244604531682","0","0","THE_FAIR_JILT_Q18393398","0","0.014943743337107327","0.5056211504881758","3","No Review & No Catalogue","0"
"6","415","0.11291791638611","3","0","THE_FAIR_MAID_OF_PERTH_Q3209885","1","0.012750455840980529","1.6452169531237975","12","No Review, Catalogue","0"
"14","416","0.0543008598413405","0","0","THE_FAIRCHILD_FAMILY_noWikiID","0","0.002948583379508905","1.2075018026676303","6","No Review & No Catalogue","0"
"10","417","0.11291791638611","0","0","THE_FALLEN_LEAVES_(BOOK)_Q85807134","0","0.012750455840980529","0.7467007631442709","7","No Review & No Catalogue","0"
"13","418","0.0520374856859669","4","4","THE_FATHER_AND_DAUGHTER_Q65052285","1","0.0027078999165172104","0.20299108158359103","2","Review & Catalogue","1"
"1","419","0.27863497027921","1","0","THE_FEMALE_QUIXOTE_Q1404172","1","0.07763744666249625","1.3226947001569611","6","No Review, Catalogue","0"
"9","420","0.11291791638611","0","0","THE_FIDDLER_OF_THE_REELS_Q2288667","0","0.012750455840980529","0.45544382263273775","1","No Review & No Catalogue","0"
"5","421","0.11291791638611","0","0","THE_FIGURE_IN_THE_CARPET_Q3224800","0","0.012750455840980529","0.23925","2","No Review & No Catalogue","0"
"9","422","0.30372380755444","1","1","THE_FIRST_MEN_IN_THE_MOON_Q1218232","1","0.09224815127536651","1.573975860818109","11","Review & Catalogue","1"
"0","423","0.11291791638611","1","0","THE_FIXED_PERIOD_Q7734312","1","0.012750455840980529","0.15","0","No Review, Catalogue","0"
"9","424","0.0520374856859669","1","0","THE_FOOD_OF_THE_GODS_AND_HOW_IT_CAME_TO_EARTH_Q1215802","1","0.0027078999165172104","1.4500370575446706","8","No Review, Catalogue","0"
"8","425","0.0792421570318606","1","2","THE_FOOL_OF_QUALITY_Q7734703","1","0.006279319451062055","0.4202862897497416","3","Review & Catalogue","1"
"7","426","0.158330619297716","0","0","THE_FORSYTE_SAGA_Q735319","0","0.025068585007198278","2.4611730343160536","13","No Review & No Catalogue","0"
"6","427","0.117501066676145","3","2","THE_FORTUNES_OF_NIGEL_Q3230799","1","0.013806500670031873","2.733242267863529","17","Review & Catalogue","1"
"10","428","0.117501066676145","1","0","THE_FROZEN_DEEP_Q7735382","1","0.013806500670031873","0.15","0","No Review, Catalogue","0"
"9","429","0.049863479389024","0","0","THE_GENTLEMAN_noWikiID","0","0.0024863665767796217","1.303764579023558","9","No Review & No Catalogue","0"
"7","430","0.11291791638611","1","0","THE_GOLDEN_AGE_noWikiID","1","0.012750455840980529","0.15","0","No Review, Catalogue","0"
"3","431","0.323070787610778","1","0","THE_GOLDEN_BOWL_Q1248585","1","0.10437473380744844","1.7659124217598967","10","No Review, Catalogue","0"
"8","432","0.0477757206414661","0","1","THE_GORILLA_HUNTERS_Q17015740","0","0.0022825194828114104","0.327259573146925","1","Review, No Catalogue","1"
"8","433","0.076022748805838","1","0","THE_GOVERNESS;_OR,_THE_LITTLE_FEMALE_ACADEMY_Q7737400","1","0.0057794583359955425","0.1925","1","No Review, Catalogue","0"
"10","434","0.137472234822425","1","0","THE_GREAT_GOD_PAN_Q1394704","1","0.01889861534707196","0.15","0","No Review, Catalogue","0"
"9","435","0.0477757206414661","1","0","THE_GREAT_TABOO_noWikiID","1","0.0022825194828114104","0.9854026224435777","4","No Review, Catalogue","0"
"9","436","0.0477757206414661","1","0","THE_GREAT_WAR_IN_ENGLAND_IN_1897_Q7737983","1","0.0022825194828114104","0.2839568467368925","1","No Review, Catalogue","0"
"14","439","0.142891468333576","0","0","THE_HAPPY_PRINCE_AND_OTHER_TALES_Q797466","0","0.020417971722525352","0.1755","1","No Review & No Catalogue","0"
"8","440","0.11291791638611","0","1","THE_HAUNTED_HOUSE_Q6073289","0","0.012750455840980529","0.15","0","Review, No Catalogue","1"
"13","441","0.127152048513252","0","1","THE_HAUNTED_MAN_AND_THE_GHOST'S_BARGAIN_Q3795070","0","0.016167643441116385","0.15","0","Review, No Catalogue","1"
"6","442","0.395337204568379","2","0","THE_HEART_OF_MIDLOTHIAN_Q2091094","1","0.15629150531594035","2.116096313943817","16","No Review, Catalogue","0"
"7","443","0.109783051426266","1","0","THE_HEAVENLY_TWINS_noWikiID","1","0.012052318380462166","4.570266618720115","20","No Review, Catalogue","0"
"13","444","0.0591085593605752","2","0","THE_HEIR_OF_REDCLYFFE_Q7739314","1","0.003493821789682642","2.1973762635330294","9","No Review, Catalogue","0"
"5","445","0.0477757206414661","1","0","THE_HERO_noWikiID","1","0.0022825194828114104","0.8914411888177718","4","No Review, Catalogue","0"
"11","446","0.0520374856859669","0","2","THE_HEROINE_noWikiID","0","0.0027078999165172104","0.27460351478782685","1","Review, No Catalogue","1"
"5","447","0.0477757206414661","1","0","THE_HILL_noWikiID","1","0.0022825194828114104","0.15","0","No Review, Catalogue","0"
"7","448","0.117501066676145","0","0","THE_HILL_OF_DREAMS_Q1394147","0","0.013806500670031873","0.3047875191855186","1","No Review & No Catalogue","0"
"8","449","0.11291791638611","0","0","THE_HISTORY_AND_REMARKABLE_LIFE_OF_THE_TRULY_HONOURABLE_COL_noWikiID","0","0.012750455840980529","1.123372898593737","7","No Review & No Catalogue","0"
"13","450","0.0591085593605752","0","0","THE_HISTORY_OF_EMILY_MONTAGUE_Q42191035","0","0.003493821789682642","0.28190235673235303","3","No Review & No Catalogue","0"
"8","451","0.0591085593605752","1","0","THE_HISTORY_OF_JACK_CONNOR_noWikiID","1","0.003493821789682642","0.9046015529509015","6","No Review, Catalogue","0"
"14","452","0.0896602762528474","0","0","THE_HISTORY_OF_LITTLE_GOODY_TWO-SHOES_Q12060236","0","0.008038965137736913","0.3684735580526255","2","No Review & No Catalogue","0"
"13","453","0.127152048513252","1","0","THE_HISTORY_OF_MISS_BETSY_THOUGHTLESS_noWikiID","1","0.016167643441116385","3.2621204095683582","11","No Review, Catalogue","0"
"9","454","0.0520374856859669","0","0","THE_HISTORY_OF_MR_POLLY_Q2507552","0","0.0027078999165172104","0.722099839150935","4","No Review & No Catalogue","0"
"1","455","0.668015506032498","3","1","THE_HISTORY_OF_RASSELAS,_PRINCE_OF_ABYSSINIA_Q3419875","1","0.4462447162998544","0.15","0","Review & Catalogue","1"
"8","456","0.127152048513252","2","0","THE_HISTORY_OF_SANDFORD_AND_MERTON_Q7739806","1","0.016167643441116385","1.9715076831317746","12","No Review, Catalogue","0"
"13","457","0.117501066676145","2","0","THE_HISTORY_OF_SIR_CHARLES_GRANDISON_Q3521260","1","0.013806500670031873","2.9895412488033073","10","No Review, Catalogue","0"
"1","458","0.0543008598413405","0","0","THE_HISTORY_OF_THE_COUNTESS_OF_DELLWYN_Q19902681","0","0.002948583379508905","0.17071446974396431","1","No Review & No Catalogue","0"
"14","459","0.0520374856859669","0","1","THE_HISTORY_OF_THE_FAIRCHILD_FAMILY_Q7739822","0","0.0027078999165172104","2.695251491377287","15","Review, No Catalogue","1"
"15","460","0.11291791638611","0","0","THE_HISTORY_OF_THE_NUN_Q7739821","0","0.012750455840980529","0.4067374574527159","2","No Review & No Catalogue","0"
"4","461","0.417024677521532","3","0","THE_HISTORY_OF_TOM_JONES,_A_FOUNDLING_Q248096","1","0.17390958166193776","2.678291909768018","11","No Review, Catalogue","0"
"1","462","0.0477757206414661","1","0","THE_HORRORS_OF_OAKENDALE_ABBEY_Q7740333","1","0.0022825194828114104","0.15","0","No Review, Catalogue","0"
"9","463","0.353247063375283","1","0","THE_HOUND_OF_THE_BASKERVILLES_Q45192","1","0.1247834877832612","0.2805660762768465","1","No Review, Catalogue","0"
"4","464","0.122244604531682","2","1","THE_HOUSE_BY_THE_CHURCHYARD_Q4165605","1","0.014943743337107327","0.15","0","Review & Catalogue","1"
"9","465","0.117501066676145","0","0","THE_HOUSE_ON_THE_BORDERLAND_Q740473","0","0.013806500670031873","0.747656336481331","5","No Review & No Catalogue","0"
"2","466","0.0477757206414661","1","0","THE_HOUSE_WITH_THE_GREEN_SHUTTERS_Q7740720","1","0.0022825194828114104","1.0317883744866754","10","No Review, Catalogue","0"
"5","467","0.049863479389024","1","0","THE_INHERITORS_(CONRAD_AND_FORD_NOVEL)_Q7742035","1","0.0024863665767796217","1.1157345287097504","6","No Review, Catalogue","0"
"8","468","0.132226821715085","1","0","THE_INTERESTING_NARRATIVE_OF_THE_LIFE_OF_OLAUDAH_EQUIANO_Q7742270","1","0.01748393238087288","0.7979988867394363","5","No Review, Catalogue","0"
"13","469","0.0566567958260902","1","0","THE_INTERPRETERS_noWikiID","1","0.003209992513279272","0.15","0","No Review, Catalogue","0"
"9","470","0.164415364683147","1","0","THE_INVISIBLE_MAN_Q1539509","1","0.02703241214389222","0.39568904945921646","3","No Review, Catalogue","0"
"9","471","0.243956771125803","1","1","THE_ISLAND_OF_DOCTOR_MOREAU_Q718268","1","0.05951490617812743","1.2935747627121748","6","Review & Catalogue","1"
"1","472","0.204901193890185","0","0","THE_ITALIAN_(RADCLIFFE_NOVEL)_Q3204370","0","0.04198449925762318","0.9773324920143673","6","No Review & No Catalogue","0"
"5","473","0.11291791638611","0","0","THE_JOLLY_CORNER_Q15240001","0","0.012750455840980529","0.15","0","No Review & No Catalogue","0"
"9","474","0.374053924716987","1","1","THE_JUNGLE_BOOK_Q189509","1","0.13991633859618138","0.7821628775321344","3","Review & Catalogue","1"
"0","475","0.11291791638611","2","1","THE_KELLYS_AND_THE_O'KELLYS_Q7744082","1","0.012750455840980529","0.7761509292339399","5","Review & Catalogue","1"
"8","476","0.0543008598413405","2","0","THE_KING'S_OWN_noWikiID","1","0.002948583379508905","1.4815339669888887","7","No Review, Catalogue","0"
"10","477","0.11291791638611","1","0","THE_KING_AND_QUEEN_OF_HEARTS_noWikiID","1","0.012750455840980529","1.5153500601938066","12","No Review, Catalogue","0"
"8","479","0.117501066676145","0","0","THE_KING_OF_THE_PIRATES_noWikiID","0","0.013806500670031873","0.49043277850368094","2","No Review & No Catalogue","0"
"6","480","0.0477757206414661","1","1","THE_LANCASHIRE_WITCHES_Q7745322","1","0.0022825194828114104","0.5964150667166537","4","Review & Catalogue","1"
"9","481","0.11291791638611","0","0","THE_LAND_IRONCLADS_Q7745355","0","0.012750455840980529","0.17971429712199177","1","No Review & No Catalogue","0"
"0","482","0.122244604531682","1","0","THE_LANDLEAGUERS_noWikiID","1","0.014943743337107327","1.3398495836268247","7","No Review, Catalogue","0"
"1","483","0.0591085593605752","2","1","THE_LAST_DAYS_OF_POMPEII_Q1218985","1","0.003493821789682642","1.299016892486414","6","Review & Catalogue","1"
"1","484","0.235758887377866","0","4","THE_LAST_MAN_noWikiID","0","0.0555822529776493","0.819544255115644","6","Review, No Catalogue","1"
"10","485","0.395337204568379","1","1","THE_LAW_AND_THE_LADY_(NOVEL)_Q3480742","1","0.15629150531594035","1.0343744625694382","10","Review & Catalogue","1"
"11","486","0.733799591996489","2","0","THE_LIFE_AND_OPINIONS_OF_TRISTRAM_SHANDY_GENTLEMAN_Q1164083","1","0.5384618412142138","0.20930232558139533","1","No Review, Catalogue","0"
"13","487","0.0477757206414661","1","0","THE_LIFE_OF_HARRIOT_STUART_noWikiID","1","0.0022825194828114104","0.5876071292587278","5","No Review, Catalogue","0"
"11","488","0.0566567958260902","2","0","THE_LIFE_OF_JOHN_BUNCLE_noWikiID","1","0.003209992513279272","1.6555953868467084","6","No Review, Catalogue","0"
"7","489","0.132226821715085","0","0","THE_LIFTED_VEIL_(NOVELLA)_Q6763446","0","0.01748393238087288","0.2608695652173913","1","No Review & No Catalogue","0"
"9","491","0.049863479389024","0","1","THE_LIGHTHOUSE_noWikiID","0","0.0024863665767796217","0.6813461530124386","3","Review, No Catalogue","1"
"2","493","0.11291791638611","1","0","THE_LITTLE_MINISTER_noWikiID","1","0.012750455840980529","0.9404545372363248","9","No Review, Catalogue","0"
"5","494","0.11291791638611","0","1","THE_LONGEST_JOURNEY_Q15999894","0","0.012750455840980529","1.8563048809389875","10","Review, No Catalogue","1"
"1","495","0.0477757206414661","1","0","THE_LOUGH_DERG_PILGRIM_noWikiID","1","0.0022825194828114104","0.15","0","No Review, Catalogue","0"
"0","496","0.285047546124646","0","0","THE_LUCK_OF_BARRY_LYNDON_Q2124771","0","0.08125210355168219","0.5176296876111862","2","No Review & No Catalogue","0"
"0","497","0.11291791638611","0","1","THE_MACDERMOTS_OF_BALLYCORAN_noWikiID","0","0.012750455840980529","0.6533348678824153","6","Review, No Catalogue","1"
"3","498","0.127152048513252","1","0","THE_MAN_noWikiID","1","0.016167643441116385","0.9923327175994169","5","No Review, Catalogue","0"
"8","499","0.616422785736394","3","2","THE_MAN_OF_FEELING_Q7750109","1","0.37997705077501626","0.3957334824447739","3","Review & Catalogue","1"
"9","500","0.0477757206414661","1","0","THE_MAN_WHO_COULD_WORK_MIRACLES_(SHORT_STORY)_Q7749926","1","0.0022825194828114104","0.15","0","No Review, Catalogue","0"
"9","501","0.0477757206414661","0","1","THE_MAN_WHO_WAS_THURSDAY_Q959816","0","0.0022825194828114104","0.3273877803108098","1","Review, No Catalogue","1"
"9","502","0.294299317623214","0","0","THE_MAN_WHO_WOULD_BE_KING_Q1129936","0","0.0866120883534894","0.3162096114755786","1","No Review & No Catalogue","0"
"7","503","0.0477757206414661","1","0","THE_MANXMAN_noWikiID","1","0.0022825194828114104","0.8434141814022079","8","No Review, Catalogue","0"
"5","504","0.11291791638611","1","0","THE_MARTIAN_noWikiID","1","0.012750455840980529","1.5008143154596238","2","No Review, Catalogue","0"
"0","505","0.148487553986026","1","1","THE_MASTER_OF_BALLANTRAE_Q2615930","1","0.022048553688752987","0.15","0","Review & Catalogue","1"
"7","506","0.332981899154278","1","1","THE_MAYOR_OF_CASTERBRIDGE_Q2343169","1","0.11087694516438977","0.880940008725566","5","Review & Catalogue","1"
"13","507","0.154263355437284","1","0","THE_MEMOIRS_OF_MISS_SIDNEY_BIDULPH_Q124661412","1","0.02379718283076982","3.6096541045318795","16","No Review, Catalogue","0"
"12","508","0.0477757206414661","0","0","THE_MERCENARY_LOVER_noWikiID","0","0.0022825194828114104","0.37608225760508296","1","No Review & No Catalogue","0"
"7","509","0.7830931596165","2","1","THE_MILL_ON_THE_FLOSS_Q1215018","1","0.6132348966381531","2.499994201638897","10","Review & Catalogue","1"
"9","510","0.11291791638611","0","0","THE_MIRROR_OF_THE_SEA_noWikiID","0","0.012750455840980529","0.7133195681396888","6","No Review & No Catalogue","0"
"6","511","0.049863479389024","0","2","THE_MISFORTUNES_OF_ELPHIN_Q7751712","0","0.0024863665767796217","0.18207755154973415","1","Review, No Catalogue","1"
"6","512","0.122244604531682","3","2","THE_MONASTERY_Q3224650","1","0.014943743337107327","2.2522008965394424","15","Review & Catalogue","1"
"1","513","0.398516949286156","1","2","THE_MONK_Q2659564","1","0.15881575886834462","1.1072133465045575","9","Review & Catalogue","1"
"10","514","0.724924183340321","2","1","THE_MOONSTONE_Q2362563","1","0.5255150715916314","0.7627999248039133","8","Review & Catalogue","1"
"7","516","0.11291791638611","1","0","THE_MUMMER'S_WIFE_Q42186018","1","0.012750455840980529","1.7804388051577043","9","No Review, Catalogue","0"
"1","517","0.11291791638611","0","0","THE_MURDERED_COUSIN_noWikiID","0","0.012750455840980529","0.4344422700587084","1","No Review & No Catalogue","0"
"10","518","0.0825857148766979","2","0","THE_MYSTERIES_OF_LONDON_Q7752831","1","0.006820400301695241","0.15","0","No Review, Catalogue","0"
"1","519","0.520733070723992","5","2","THE_MYSTERIES_OF_UDOLPHO_Q2600909","1","0.27116293094563804","1.7690361577362401","9","Review & Catalogue","1"
"10","520","0.0477757206414661","1","0","THE_MYSTERY_OF_A_HANSOM_CAB_noWikiID","1","0.0022825194828114104","0.2340839230100835","1","No Review, Catalogue","0"
"4","521","0.285047546124646","2","1","THE_MYSTERY_OF_EDWIN_DROOD_Q1168105","1","0.08125210355168219","0.5285935499966037","3","Review & Catalogue","1"
"7","522","0.332981899154278","1","1","THE_NETHER_WORLD_Q7753436","1","0.11087694516438977","1.520670792007544","7","Review & Catalogue","1"
"9","523","0.117501066676145","0","0","THE_NEW_ACCELERATOR_Q7753474","0","0.013806500670031873","0.24470597629875593","2","No Review & No Catalogue","0"
"9","524","0.049863479389024","0","1","THE_NEW_MACHIAVELLI_Q10381652","0","0.0024863665767796217","2.053017772636298","10","Review, No Catalogue","1"
"10","525","0.117501066676145","1","0","THE_NEW_MAGDALEN_noWikiID","1","0.013806500670031873","0.3128479258192164","2","No Review, Catalogue","0"
"2","526","0.0477757206414661","0","1","THE_NEW_ROAD_noWikiID","0","0.0022825194828114104","0.6645538934694188","6","Review, No Catalogue","1"
"0","527","0.122244604531682","1","0","THE_NEWCOMES_Q3522018","1","0.014943743337107327","0.4848290383566245","4","No Review, Catalogue","0"
"9","528","0.148487553986026","1","0","THE_NIGGER_OF_THE_NARCISSUS_Q478537","1","0.022048553688752987","0.8716060400601295","4","No Review, Catalogue","0"
"13","529","0.0477757206414661","0","1","THE_NOTTING_HILL_MYSTERY_Q7754437","0","0.0022825194828114104","0.15","0","Review, No Catalogue","1"
"0","530","0.0477757206414661","2","1","THE_O'DONOGHUE_noWikiID","1","0.0022825194828114104","0.27749999999999997","1","Review & Catalogue","1"
"7","531","0.323070787610778","1","1","THE_ODD_WOMEN_Q7754692","1","0.10437473380744844","2.5763058683172697","10","Review & Catalogue","1"
"4","532","0.46129393099787","2","0","THE_OLD_CURIOSITY_SHOP_Q2700616","1","0.21279209077546768","2.149142794711371","11","No Review, Catalogue","0"
"6","533","0.27863497027921","3","0","THE_OLD_ENGLISH_BARON_Q3796165","1","0.07763744666249625","0.26990374080515667","2","No Review, Catalogue","0"
"13","534","0.160221548263055","3","2","THE_OLD_MANOR_HOUSE_Q96409526","1","0.025670944527810467","3.3234552648996307","12","Review & Catalogue","1"
"5","535","0.127152048513252","0","0","THE_OLD_WIVES'_TALE_noWikiID","0","0.016167643441116385","1.757705412173037","11","No Review & No Catalogue","0"
"4","536","0.122244604531682","1","1","THE_ORDEAL_OF_RICHARD_FEVEREL_Q14476502","1","0.014943743337107327","0.8003330326903141","2","Review & Catalogue","1"
"0","537","0.0477757206414661","0","0","THE_OUTCAST_noWikiID","0","0.0022825194828114104","0.15","0","No Review & No Catalogue","0"
"9","538","0.117501066676145","0","0","THE_PARASITE_Q5295669","0","0.013806500670031873","0.3072142971219918","2","No Review & No Catalogue","0"
"0","539","0.137472234822425","1","0","THE_PARENT'S_ASSISTANT_Q3522169","1","0.01889861534707196","0.2608695652173913","1","No Review, Catalogue","0"
"8","540","0.11291791638611","0","0","THE_PERILS_OF_CERTAIN_ENGLISH_PRISONERS_noWikiID","0","0.012750455840980529","0.4688717707004024","2","No Review & No Catalogue","0"
"14","542","0.049863479389024","1","0","THE_PHOENIX_AND_THE_CARPET_Q3795974","1","0.0024863665767796217","1.8957306568832193","10","No Review, Catalogue","0"
"4","543","0.724924183340321","2","0","THE_PICKWICK_PAPERS_Q460583","1","0.5255150715916314","1.8262891800700758","9","No Review, Catalogue","0"
"7","544","0.605736576985184","0","1","THE_PICTURE_OF_DORIAN_GRAY_Q82464","0","0.36691680069772775","0.3255963719409713","2","Review, No Catalogue","1"
"6","545","0.127152048513252","2","0","THE_PIRATE_(NOVEL)_Q3225628","1","0.016167643441116385","0.15","0","No Review, Catalogue","0"
"5","546","0.11291791638611","0","0","THE_POINT_OF_VIEW_noWikiID","0","0.012750455840980529","0.15","0","No Review & No Catalogue","0"
"3","547","0.30372380755444","1","0","THE_PORTRAIT_OF_A_LADY_Q861017","1","0.09224815127536651","2.5691878420576386","15","No Review, Catalogue","0"
"11","548","0.122244604531682","0","0","THE_PORTRAIT_OF_MR._W._H._noWikiID","0","0.014943743337107327","0.15","0","No Review & No Catalogue","0"
"0","549","0.294299317623214","1","1","THE_PRIME_MINISTER_noWikiID","1","0.0866120883534894","2.5090270039474976","17","Review & Catalogue","1"
"14","550","0.11291791638611","2","1","THE_PRINCESS_AND_THE_GOBLIN_Q466505","1","0.012750455840980529","0.5935294942913598","4","Review & Catalogue","1"
"3","551","0.122244604531682","1","0","THE_PRINCESS_CASAMASSIMA_Q3211932","1","0.014943743337107327","2.044214982133386","12","No Review, Catalogue","0"
"6","552","0.733799591996489","0","1","THE_PRIVATE_MEMOIRS_AND_CONFESSIONS_OF_A_JUSTIFIED_SINNER_Q2992437","0","0.5384618412142138","0.3170372892126003","3","Review, No Catalogue","1"
"11","553","0.117501066676145","1","0","THE_PRIVATE_PAPERS_OF_HENRY_RYECROFT_Q17027661","1","0.013806500670031873","0.15","0","No Review, Catalogue","0"
"1","554","0.30372380755444","0","1","THE_PROFESSOR_(NOVEL)_Q762203","0","0.09224815127536651","0.15","0","Review, No Catalogue","1"
"6","555","0.11291791638611","1","1","THE_PROVOST_noWikiID","1","0.012750455840980529","0.1712404103282207","1","Review & Catalogue","1"
"4","556","0.11291791638611","0","0","THE_PURCELL_PAPERS_Q7758781","0","0.012750455840980529","0.20290958118127805","1","No Review & No Catalogue","0"
"4","557","0.0477757206414661","1","1","THE_QUADROON_noWikiID","1","0.0022825194828114104","0.83147743431807","3","Review & Catalogue","1"
"7","558","0.0477757206414661","2","0","THE_QUIET_HEART_noWikiID","1","0.0022825194828114104","0.15","0","No Review, Catalogue","0"
"8","559","0.141170686071351","0","0","THE_RAGGED-TROUSERED_PHILANTHROPISTS_Q7759270","0","0.019929162605855935","0.2630463677401901","1","No Review & No Catalogue","0"
"7","560","0.0670724962784257","1","1","THE_REAL_CHARLOTTE_noWikiID","1","0.004498719757019429","0.8191132264668552","5","Review & Catalogue","1"
"4","561","0.11291791638611","0","1","THE_RECOLLECTIONS_OF_GEOFFREY_HAMLYN_Q121356927","0","0.012750455840980529","1.6258023803643527","6","Review, No Catalogue","1"
"15","562","0.049863479389024","0","0","THE_REFORM'D_COQUET_Q7760024","0","0.0024863665767796217","1.2434073528414002","8","No Review & No Catalogue","0"
"7","563","0.363586690277014","1","1","THE_RETURN_OF_THE_NATIVE_Q141568","1","0.1321952813465933","1.0861451617313402","7","Review & Catalogue","1"
"0","564","0.049863479389024","1","0","THE_REVOLUTION_IN_TANNER'S_LANE_noWikiID","1","0.0024863665767796217","0.16993452380952379","1","No Review, Catalogue","0"
"9","565","0.158330619297716","0","1","THE_RIDDLE_OF_THE_SANDS_Q1170204","0","0.025068585007198278","0.9692896949582144","5","Review, No Catalogue","1"
"14","566","0.0543008598413405","1","0","THE_ROMANCE_OF_A_SHOP_Q17019147","1","0.002948583379508905","0.4329432337934813","1","No Review, Catalogue","0"
"1","567","0.17068652890912","4","2","THE_ROMANCE_OF_THE_FOREST_Q3406503","1","0.02913389115104386","1.7960521388653443","14","Review & Catalogue","1"
"8","568","0.0477757206414661","0","1","THE_ROMANY_RYE_Q7761435","0","0.0022825194828114104","0.5336817398346257","3","Review, No Catalogue","1"
"7","569","0.049863479389024","0","0","THE_ROSARY_noWikiID","0","0.0024863665767796217","0.4337541469562014","3","No Review & No Catalogue","0"
"0","570","0.127152048513252","0","1","THE_ROSE_AND_THE_RING_Q7761552","0","0.016167643441116385","0.2608695652173913","1","Review, No Catalogue","1"
"6","571","0.132226821715085","1","0","THE_SCOTTISH_CHIEFS_noWikiID","1","0.01748393238087288","0.43417714327416274","3","No Review, Catalogue","0"
"5","572","0.0477757206414661","1","0","THE_SEAFARER_noWikiID","1","0.0022825194828114104","0.15","0","No Review, Catalogue","0"
"9","573","0.117501066676145","1","0","THE_SECOND_JUNGLE_BOOK_Q1101819","1","0.013806500670031873","0.7562290952347466","4","No Review, Catalogue","0"
"9","574","0.384640372733741","0","0","THE_SECRET_AGENT_Q1247666","0","0.14794821633675123","0.15","0","No Review & No Catalogue","0"
"14","575","0.353247063375283","0","1","THE_SECRET_GARDEN_Q472194","0","0.1247834877832612","1.5850287965841396","9","Review, No Catalogue","1"
"12","576","0.0520374856859669","0","0","THE_SECRET_ROSE_noWikiID","0","0.0027078999165172104","0.8527029996840985","4","No Review & No Catalogue","0"
"8","578","0.0477757206414661","0","0","THE_SETTLERS_IN_CANADA_Q7763415","0","0.0022825194828114104","0.3051681675829434","1","No Review & No Catalogue","0"
"6","579","0.0477757206414661","1","0","THE_SHADOW_OF_A_CRIME_1885_noWikiID","1","0.0022825194828114104","0.2767382016772889","1","No Review, Catalogue","0"
"7","580","0.0520374856859669","2","1","THE_SHADOW_OF_ASHLYDYAT_noWikiID","1","0.0027078999165172104","3.2944539131747885","15","Review & Catalogue","1"
"9","581","0.127152048513252","0","0","THE_SIGNAL-MAN_Q1002362","0","0.016167643441116385","0.15","0","No Review & No Catalogue","0"
"9","582","0.11291791638611","0","1","THE_SILVERADO_SQUATTERS_noWikiID","0","0.012750455840980529","0.18916734033953111","1","Review, No Catalogue","1"
"9","583","0.0566567958260902","0","0","THE_SLEEPER_AWAKES_Q650949","0","0.003209992513279272","1.6240224917952482","9","No Review & No Catalogue","0"
"0","584","0.294299317623214","2","1","THE_SMALL_HOUSE_AT_ALLINGTON_Q7764868","1","0.0866120883534894","3.6493051408121318","17","Review & Catalogue","1"
"1","585","0.0566567958260902","1","0","THE_SORROWS_OF_SATAN_Q13424700","1","0.003209992513279272","0.48157177374895255","1","No Review, Catalogue","0"
"3","586","0.285047546124646","1","0","THE_SPOILS_OF_POYNTON_Q3809486","1","0.08125210355168219","1.2223046770730523","7","No Review, Catalogue","0"
"2","587","0.0477757206414661","0","0","THE_STICKIT_MINISTER_noWikiID","0","0.0022825194828114104","0.5802626165608046","6","No Review & No Catalogue","0"
"7","588","0.049863479389024","0","0","THE_STORY_OF_A_MODERN_WOMAN_Q7766819","0","0.0024863665767796217","0.400697139111044","2","No Review & No Catalogue","0"
"11","589","0.117501066676145","0","0","THE_STORY_OF_MY_HEART_Q7766776","0","0.013806500670031873","0.5593985839550238","3","No Review & No Catalogue","0"
"14","590","0.049863479389024","1","1","THE_STORY_OF_THE_AMULET_Q7766831","1","0.0024863665767796217","0.9100561280678832","5","Review & Catalogue","1"
"14","591","0.0477757206414661","1","1","THE_STORY_OF_THE_TREASURE_SEEKERS_Q7766848","1","0.0022825194828114104","0.28871944513548553","1","Review & Catalogue","1"
"4","592","0.0477757206414661","0","0","THE_STRING_OF_PEARLS_Q7767037","0","0.0022825194828114104","2.6089866556763788","12","No Review & No Catalogue","0"
"14","593","0.11291791638611","0","0","THE_TAILOR_OF_GLOUCESTER_noWikiID","0","0.012750455840980529","0.6219435065363423","4","No Review & No Catalogue","0"
"14","594","0.11291791638611","0","0","THE_TALE_OF_MR_JEREMY_FISHER_noWikiID","0","0.012750455840980529","0.48232868906514537","3","No Review & No Catalogue","0"
"14","595","0.137472234822425","1","0","THE_TALE_OF_PETER_RABBIT_Q580463","1","0.01889861534707196","0.5290499865814272","3","No Review, Catalogue","0"
"6","596","0.132226821715085","3","0","THE_TALISMAN_(SCOTT_NOVEL)_Q952340","1","0.01748393238087288","1.0656635501318101","8","No Review, Catalogue","0"
"13","597","0.197672587097148","2","1","THE_TENANT_OF_WILDFELL_HALL_Q44701","1","0.03907445168967956","3.474066916127326","12","Review & Catalogue","1"
"10","598","0.11291791638611","1","1","THE_TENANTS_OF_MALORY_noWikiID","1","0.012750455840980529","1.1341667248117195","6","Review & Catalogue","1"
"9","599","0.0477757206414661","0","0","THE_THORN_IN_THE_FLESH_noWikiID","0","0.0022825194828114104","0.1992404652053253","1","No Review & No Catalogue","0"
"5","600","0.0477757206414661","0","1","THE_THREE_BROTHERS_noWikiID","0","0.0022825194828114104","0.15","0","Review, No Catalogue","1"
"8","601","0.11291791638611","1","0","THE_THREE_MIDSHIPMEN_noWikiID","1","0.012750455840980529","1.2363306324087242","7","No Review, Catalogue","0"
"6","602","0.142891468333576","1","2","THE_THREE_PERILS_OF_MAN_Q96409659","1","0.020417971722525352","1.35178217182393","11","Review & Catalogue","1"
"9","603","0.838012426793004","1","0","THE_TIME_MACHINE_Q627333","1","0.7022648274594999","0.8000006534944605","4","No Review, Catalogue","0"
"0","604","0.0477757206414661","0","1","THE_TITHE_PROCTOR_noWikiID","0","0.0022825194828114104","0.5999491256534303","6","Review, No Catalogue","1"
"6","605","0.0477757206414661","2","1","THE_TOWER_OF_LONDON_(NOVEL)_Q2414713","1","0.0022825194828114104","0.39440037111295195","3","Review & Catalogue","1"
"10","606","0.0477757206414661","1","1","THE_TRAIL_OF_THE_SERPENT_Q24971199","1","0.0022825194828114104","0.19974283363964274","1","Review & Catalogue","1"
"13","607","0.049863479389024","0","0","THE_TRIUMPH_OF_PRUDENCE_OVER_PASSION_noWikiID","0","0.0024863665767796217","0.26935448213516555","3","No Review & No Catalogue","0"
"4","608","0.0477757206414661","0","0","THE_TRUMPET_noWikiID","0","0.0022825194828114104","2.4840415600585923","9","No Review & No Catalogue","0"
"3","609","0.427995724732536","1","0","THE_TURN_OF_THE_SCREW_Q625923","1","0.18318034038932873","0.31361910215269456","2","No Review, Catalogue","0"
"7","610","0.117501066676145","1","1","THE_UNCLASSED_Q7771311","1","0.013806500670031873","3.1372735529879288","13","Review & Catalogue","1"
"7","611","0.172694745758032","1","1","THE_UNTILLED_FIELD_noWikiID","1","0.029823475212431314","0.15","0","Review & Catalogue","1"
"1","612","0.313316107488017","1","2","THE_VAMPYRE_Q509070","1","0.09816698321144264","0.1949597152373112","1","Review & Catalogue","1"
"8","613","0.332981899154278","4","1","THE_VICAR_OF_WAKEFIELD_Q1196205","1","0.11087694516438977","1.3833534977783417","9","Review & Catalogue","1"
"13","614","0.11291791638611","0","0","THE_VICAR_OF_WREXHILL_noWikiID","0","0.012750455840980529","2.389916348879439","9","No Review & No Catalogue","0"
"9","615","0.0477757206414661","0","0","THE_VILLAGE_IN_THE_JUNGLE_Q19902832","0","0.0022825194828114104","0.4769082942129622","2","No Review & No Catalogue","0"
"4","616","0.323070787610778","1","0","THE_VIRGINIANS_Q7772832","1","0.10437473380744844","1.1727699828676215","4","No Review, Catalogue","0"
"9","617","0.049863479389024","0","0","THE_WAR_IN_THE_AIR_Q964055","0","0.0024863665767796217","2.133346524789725","13","No Review & No Catalogue","0"
"0","618","0.294299317623214","2","1","THE_WARDEN_Q3818437","1","0.0866120883534894","0.16416666666666666","1","Review & Catalogue","1"
"14","619","0.417024677521532","2","0","THE_WATER-BABIES_A_FAIRY_TALE_FOR_A_LAND_BABY_Q14914646","1","0.17390958166193776","1.071801373095704","7","No Review, Catalogue","0"
"13","620","0.0860571657090285","1","1","THE_WAY_OF_ALL_FLESH_Q255074","1","0.00740583576987119","1.1376163066551237","4","Review & Catalogue","1"
"0","621","0.16636459934805","1","1","THE_WAY_WE_LIVE_NOW_Q7773866","1","0.0276771799162372","3.7438418473383512","22","Review & Catalogue","1"
"7","622","0.137472234822425","1","0","THE_WELL-BELOVED_Q2906193","1","0.01889861534707196","0.15","0","No Review, Catalogue","0"
"12","623","0.11291791638611","0","0","THE_WELL_AT_THE_WORLD'S_END_Q2384134","0","0.012750455840980529","1.8349160830672007","8","No Review & No Catalogue","0"
"7","624","0.11291791638611","1","0","THE_WHIRLPOOL_noWikiID","1","0.012750455840980529","0.15","0","No Review, Catalogue","0"
"12","625","0.11291791638611","1","1","THE_WHITE_COMPANY_noWikiID","1","0.012750455840980529","1.882652182814936","9","Review & Catalogue","1"
"7","626","0.049863479389024","0","1","THE_WHITE_PEACOCK_Q7774542","0","0.0024863665767796217","0.9873759633959919","6","Review, No Catalogue","1"
"10","627","0.0520374856859669","1","0","THE_WHITE_ROOM_noWikiID","1","0.0027078999165172104","0.19974283363964274","1","No Review, Catalogue","0"
"13","628","0.117501066676145","0","1","THE_WIDOW_BARNABY_noWikiID","0","0.013806500670031873","3.684165972396361","20","Review, No Catalogue","1"
"1","629","0.619558723877394","2","5","THE_WILD_IRISH_GIRL_Q7774872","1","0.3838530123325849","0.6366401320970171","5","Review & Catalogue","1"
"9","630","0.384640372733741","0","0","THE_WIND_IN_THE_WILLOWS_Q936276","0","0.14794821633675123","0.46840353970601944","2","No Review & No Catalogue","0"
"3","631","0.285047546124646","1","1","THE_WINGS_OF_A_DOVE_Q1557588","1","0.08125210355168219","1.7659124217598967","10","Review & Catalogue","1"
"10","632","0.964677124546833","2","0","THE_WOMAN_IN_WHITE_(NOVEL)_Q1212672","1","0.9306019546239459","1.8695501046327547","12","No Review, Catalogue","0"
"7","633","0.332981899154278","1","0","THE_WOODLANDERS_Q2254480","1","0.11087694516438977","1.0283944727684324","8","No Review, Catalogue","0"
"9","634","0.049863479389024","0","1","THE_WORLD_SET_FREE_Q5051290","0","0.0024863665767796217","0.8347660249920461","4","Review, No Catalogue","1"
"14","635","0.0477757206414661","1","1","THE_WOULDBEGOODS_noWikiID","1","0.0022825194828114104","1.1423954305275283","6","Review & Catalogue","1"
"4","636","0.0477757206414661","0","0","THE_WRECKER_Q2753955","0","0.0022825194828114104","0.5722870652099608","1","No Review & No Catalogue","0"
"8","637","0.0477757206414661","1","0","THE_YOUNG_BUGLERS_noWikiID","1","0.0022825194828114104","0.4387049968382671","2","No Review, Catalogue","0"
"4","639","0.0477757206414661","0","0","THE_YOUNG_FUR_TRADERS_noWikiID","0","0.0022825194828114104","1.1878499728949894","4","No Review & No Catalogue","0"
"7","640","0.0520374856859669","0","0","THREE_WEEKS_noWikiID","0","0.0027078999165172104","0.36514931368753223","2","No Review & No Catalogue","0"
"14","641","0.313316107488017","2","1","THROUGH_THE_LOOKING-GLASS_Q220331","1","0.09816698321144264","0.6271545120471262","4","Review & Catalogue","1"
"7","642","0.127152048513252","1","0","THYRZA_noWikiID","1","0.016167643441116385","1.5023560550915316","7","No Review, Catalogue","0"
"12","643","0.0477757206414661","1","0","TIME_AND_THE_GODS_Q7805268","1","0.0022825194828114104","0.32527770137245865","2","No Review, Catalogue","0"
"8","644","0.384640372733741","2","0","TOM_BROWN'S_SCHOOL_DAYS_Q7815084","1","0.14794821633675123","0.5319829070126594","2","No Review, Catalogue","0"
"10","645","0.122244604531682","1","1","TOMMY_AND_GRIZEL_Q124090899","1","0.014943743337107327","0.27749999999999997","1","Review & Catalogue","1"
"5","646","0.097276608150085","0","1","TONO-BUNGAY_Q1535422","0","0.009462738493185184","1.4897976955597332","6","Review, No Catalogue","1"
"8","647","0.483705206701587","1","1","TREASURE_ISLAND_Q185118","1","0.233970726990225","0.20693442929933456","1","Review & Catalogue","1"
"5","648","0.313316107488017","0","1","TRILBY_(NOVEL)_Q1691967","0","0.09816698321144264","1.4256921681406802","1","Review, No Catalogue","1"
"4","649","0.0477757206414661","1","0","TWO_LITTLE_SAVAGES_noWikiID","1","0.0022825194828114104","0.8032291922886843","2","No Review, Catalogue","0"
"9","651","0.285047546124646","1","1","TYPHOON_Q1329329","1","0.08125210355168219","0.6218582475098821","3","Review & Catalogue","1"
"10","652","0.11291791638611","2","1","UNCLE_SILAS_Q3835925","1","0.012750455840980529","0.5040205296904777","2","Review & Catalogue","1"
"7","653","0.30372380755444","2","1","UNDER_THE_GREENWOOD_TREE_Q2251594","1","0.09224815127536651","0.15","0","Review & Catalogue","1"
"9","654","0.353247063375283","0","1","UNDER_WESTERN_EYES_(NOVEL)_Q3685905","0","0.1247834877832612","0.7877373666118719","3","Review, No Catalogue","1"
"6","655","0.0477757206414661","0","0","UNKNOWN_TO_HISTORY_noWikiID","0","0.0022825194828114104","0.15","0","No Review & No Catalogue","0"
"1","656","0.0477757206414661","0","2","VALPERGA_noWikiID","0","0.0022825194828114104","1.2571672216843632","9","Review, No Catalogue","1"
"0","657","0.812090070563247","2","1","VANITY_FAIR_(NOVEL)_Q612836","1","0.6594902827074195","0.32986822753437695","2","Review & Catalogue","1"
"4","658","0.0477757206414661","0","0","VARNEY_THE_VAMPIRE_Q1987925","0","0.0022825194828114104","1.4436269096396677","7","No Review & No Catalogue","0"
"1","659","0.353247063375283","2","2","VATHEK_Q54548","1","0.1247834877832612","0.1886914797043185","1","Review & Catalogue","1"
"15","660","0.0477757206414661","0","0","VERTUE_REWARDED_Q104811485","0","0.0022825194828114104","0.26560279996373515","2","No Review & No Catalogue","0"
"3","661","0.733799591996489","1","1","VILLETTE_(NOVEL)_Q2449570","1","0.5384618412142138","1.1886294889886366","4","Review & Catalogue","1"
"0","662","0.11291791638611","2","4","VIVIAN_GREY_Q7937713","1","0.012750455840980529","0.9974683841674779","4","Review & Catalogue","1"
"11","663","0.0591085593605752","0","0","VRIL_Q510699","0","0.003493821789682642","1.1753381964995893","6","No Review & No Catalogue","0"
"6","664","0.999388623975874","1","2","WAVERLEY_Q678251","1","0.9987776217323909","2.5019651814495427","18","Review & Catalogue","1"
"10","665","0.049863479389024","0","1","WAYFARERS_noWikiID","0","0.0024863665767796217","0.15","0","Review, No Catalogue","1"
"2","666","0.11291791638611","1","1","WEIR_OF_HERMISTON_Q1213386","1","0.012750455840980529","0.7122362360982345","6","Review & Catalogue","1"
"4","667","0.122244604531682","2","1","WESTWARD_HO_noWikiID","1","0.014943743337107327","1.793235452134642","5","Review & Catalogue","1"
"14","668","0.0477757206414661","0","0","WET_MAGIC_noWikiID","0","0.0022825194828114104","0.9637441832663026","5","No Review & No Catalogue","0"
"3","669","0.323070787610778","1","0","WHAT_MAISIE_KNEW_Q2943614","1","0.10437473380744844","1.0403053870470638","7","No Review, Catalogue","0"
"4","670","0.0477757206414661","1","0","WILD_ANIMALS_I_HAVE_KNOWN_Q8000500","1","0.0022825194828114104","0.3775816044817939","1","No Review, Catalogue","0"
"10","671","0.11291791638611","1","0","WILLING_TO_DIE_noWikiID","1","0.012750455840980529","1.8197356267496547","10","No Review, Catalogue","0"
"7","672","0.0543008598413405","0","0","WINTER_EVENING_TALES_Q96415343","0","0.002948583379508905","0.15","0","No Review & No Catalogue","0"
"9","673","0.122244604531682","0","0","WITH_THE_NIGHT_MAIL_noWikiID","0","0.014943743337107327","0.4287266231408391","1","No Review & No Catalogue","0"
"13","674","0.152429981210903","2","1","WIVES_AND_DAUGHTERS_Q2453239","1","0.023234899171956244","4.172527455999678","17","Review & Catalogue","1"
"4","675","0.84402409531542","2","1","WUTHERING_HEIGHTS_Q202975","1","0.7123766734730131","0.15","0","Review & Catalogue","1"
"11","676","0.117501066676145","0","0","YEAST_noWikiID","0","0.013806500670031873","2.4329813672255205","7","No Review & No Catalogue","0"
"1","677","0.127152048513252","1","1","ZASTROZZI_Q8067086","1","0.016167643441116385","0.3606417920687408","3","Review & Catalogue","1"
"14","678","0.0477757206414661","0","2","ZOE_noWikiID","0","0.0022825194828114104","0.4536531541192336","3","Review, No Catalogue","1"
"5","679","0.049863479389024","0","1","ZULEIKA_DOBSON_Q8075113","0","0.0024863665767796217","0.4913099200694163","2","Review, No Catalogue","1"
