"","circl_sum","Text","canonisation_score","reviews_sum","id","circl_binary","betweenness","indegree","pagerank","class","reviews_binary"
"65","2","AURORA_FLOYD_Q4822530","0.316181109886472","1","1","1","488.6142508145076","4","1.2759563644737346","Review & Catalogue","1"
"338","1","TALES_OF_UNREST_noWikiID","0.137472234822425","0","10","1","3479.8415072611124","5","1.049597329526421","No Review, Catalogue","0"
"185","1","JEZEBEL'S_DAUGHTER_noWikiID","0.285047546124646","0","100","1","701.2388628384206","3","1.0005064568466182","No Review, Catalogue","0"
"547","1","THE_PORTRAIT_OF_A_LADY_Q861017","0.30372380755444","0","101","1","8719.531114859463","8","5.243152859389357","No Review, Catalogue","0"
"14","0","A_LAODICEAN_Q2105252","0.122244604531682","0","102","0","2903.6415870131773","2","1.6780599768269844","No Review & No Catalogue","0"
"405","1","THE_EGOIST_(NOVEL)_Q7731638","0.122244604531682","1","103","1","4243.714649838418","4","2.709466238620589","Review & Catalogue","1"
"402","0","THE_DUKE'S_CHILDREN_Q7731161","0.294299317623214","0","104","0","5790.607725349233","9","4.841724323109691","No Review & No Catalogue","0"
"170","1","HESTER_noWikiID","0.135806373618849","0","105","1","10202.845373299024","15","6.676915068031124","No Review, Catalogue","0"
"610","1","THE_UNCLASSED_Q7771311","0.117501066676145","1","106","1","754.5005340375508","9","4.880035446840484","Review & Catalogue","1"
"156","0","HALF_A_LIFE-TIME_AGO_noWikiID","0.0477757206414661","0","107","0","178.85497835497839","2","0.235","No Review & No Catalogue","0"
"254","2","NORTH_AND_SOUTH_(GASKELL_NOVEL)_Q1853142","0.260923318302859","1","108","1","2241.580074853852","6","2.0593447038699018","Review & Catalogue","1"
"558","2","THE_QUIET_HEART_noWikiID","0.0477757206414661","0","109","1","11.500000000000002","1","0.21658333333333332","No Review, Catalogue","0"
"209","1","LORD_JIM_Q727408","0.313316107488017","0","11","1","5055.300591855684","14","1.6130277970484839","No Review, Catalogue","0"
"462","1","THE_HORRORS_OF_OAKENDALE_ABBEY_Q7740333","0.0477757206414661","0","110","1","0","0","0.15","No Review, Catalogue","0"
"383","3","THE_CHILDREN_OF_THE_ABBEY_Q7722505","0.0729237779448048","0","111","1","1292.418280356752","5","2.448015285554166","No Review, Catalogue","0"
"513","1","THE_MONK_Q2659564","0.398516949286156","2","112","1","78.06952903741877","3","0.37250069663544105","Review & Catalogue","1"
"235","1","MEMOIRS_OF_EMMA_COURTNEY_Q2395365","0.197672587097148","2","113","1","10.133099949441423","1","0.1925","Review & Catalogue","1"
"306","2","SCENES_OF_CLERICAL_LIFE_Q6544172","0.384640372733741","0","114","1","1665.9777425269635","6","1.1370119268409606","No Review, Catalogue","0"
"187","2","JOHN_HALIFAX_GENTLEMAN_Q6237289","0.132226821715085","1","115","1","2768.914334968394","9","3.0919212654563157","Review & Catalogue","1"
"106","2","COUSIN_PHILLIS_noWikiID","0.135806373618849","0","116","1","0","0","0.15","No Review, Catalogue","0"
"332","1","SYLVIAS_LOVERS_Q14566477","0.146710915746886","1","117","1","1151.6317350756601","3","0.3278915290982056","Review & Catalogue","1"
"244","0","MY_LADY_LUDLOW_Q16387198","0.0477757206414661","0","118","0","188.25235185644644","3","0.3204486111111111","No Review & No Catalogue","0"
"519","5","THE_MYSTERIES_OF_UDOLPHO_Q2600909","0.520733070723992","2","119","1","6850.848224833736","5","1.8199099622588395","Review & Catalogue","1"
"205","1","LILITH_noWikiID","0.122244604531682","0","12","1","804.7730181815734","6","1.060449357361118","No Review, Catalogue","0"
"567","4","THE_ROMANCE_OF_THE_FOREST_Q3406503","0.17068652890912","2","120","1","5876.992791255934","9","2.7225660828611917","Review & Catalogue","1"
"274","0","PETER'S_PENCE_noWikiID","0.0477757206414661","0","121","0","0","0","0.15","No Review & No Catalogue","0"
"466","1","THE_HOUSE_WITH_THE_GREEN_SHUTTERS_Q7740720","0.0477757206414661","0","122","1","59.58333333333333","2","0.235","No Review, Catalogue","0"
"310","1","SENTIMENTAL_TOMMY_noWikiID","0.11291791638611","1","123","1","646.6312008174973","5","0.438288912037037","Review & Catalogue","1"
"337","1","TALES_OF_MEAN_STREETS_noWikiID","0.0520374856859669","1","124","1","743.1896081743669","5","0.4716769972993827","Review & Catalogue","1"
"384","1","THE_CHILDREN_OF_THE_NEW_FOREST_Q7722508","0.049863479389024","0","125","1","0","0","0.15","No Review, Catalogue","0"
"578","0","THE_SETTLERS_IN_CANADA_Q7763415","0.0477757206414661","0","126","0","133.072534337008","1","0.1925","No Review & No Catalogue","0"
"331","2","SYBIL_Q3506752","0.450141038132134","1","127","1","589.2373955850626","3","0.7381774282766258","Review & Catalogue","1"
"86","0","CATRIONA_noWikiID","0.11291791638611","0","128","0","924.8388006478816","2","0.30810590605709876","No Review & No Catalogue","0"
"493","1","THE_LITTLE_MINISTER_noWikiID","0.11291791638611","0","129","1","1042.2020908042193","4","0.5001174669785237","No Review, Catalogue","0"
"348","3","THE_ADVENTURES_OF_PEREGRINE_PICKLE_Q7712607","0.0520374856859669","0","13","1","49.085255171019746","5","1.428264289106438","No Review, Catalogue","0"
"194","1","KIDNAPPED_(NOVEL)_Q2349094","0.384640372733741","1","130","1","14084.688513890294","5","0.8584768210113505","Review & Catalogue","1"
"505","1","THE_MASTER_OF_BALLANTRAE_Q2615930","0.148487553986026","1","131","1","2152.4315618788896","3","0.4594590806160202","Review & Catalogue","1"
"289","1","RED_POTTAGE_noWikiID","0.0543008598413405","1","132","1","1070.5343846114642","4","0.46748956674382713","Review & Catalogue","1"
"365","1","THE_BETH_BOOK_noWikiID","0.0643129761992644","1","133","1","3447.5006379500487","10","1.8145853333074922","Review & Catalogue","1"
"381","1","THE_CHANGELING_noWikiID","0.049863479389024","1","134","1","1982.9318932731296","9","1.4124695082730059","Review & Catalogue","1"
"443","1","THE_HEAVENLY_TWINS_noWikiID","0.109783051426266","0","135","1","10262.937052920051","22","4.356415589754897","No Review, Catalogue","0"
"223","3","MARRIAGE_noWikiID","0.0543008598413405","2","136","1","28192.284059631802","3","1.037109059220807","Review & Catalogue","1"
"159","2","HARRINGTON_noWikiID","0.11291791638611","0","137","1","420.0471780381856","3","0.8373942873074877","No Review, Catalogue","0"
"271","1","PATRONAGE_(NOVEL)_Q7148133","0.127152048513252","5","138","1","24255.622308586568","5","1.84645382786596","Review & Catalogue","1"
"343","2","THE_ADVENTURES_OF_A_BROWNIE_noWikiID","0.11291791638611","0","139","1","958.8622835497836","1","0.2354486111111111","No Review, Catalogue","0"
"350","2","THE_ADVENTURES_OF_RODERICK_RANDOM_Q7712626","0.146710915746886","0","14","1","4024.8541896242737","6","2.2335995900398617","No Review, Catalogue","0"
"62","2","AT_THE_BACK_OF_THE_NORTH_WIND_Q1619593","0.137472234822425","1","140","1","1380.64538151077","4","0.374637804706415","Review & Catalogue","1"
"240","2","MOPSA_THE_FAIRY_noWikiID","0.0477757206414661","1","141","1","1460.0955402771144","4","0.47878771020335603","Review & Catalogue","1"
"641","2","THROUGH_THE_LOOKING-GLASS_Q220331","0.313316107488017","1","142","1","696.645640231416","3","0.30171043981481477","Review & Catalogue","1"
"628","0","THE_WIDOW_BARNABY_noWikiID","0.117501066676145","1","143","0","873.7104042721999","3","0.7491354739323564","Review, No Catalogue","1"
"166","1","HELEN_noWikiID","0.11291791638611","2","144","1","26419.958058544384","7","3.9131837744137146","Review & Catalogue","1"
"390","2","THE_CONFESSIONS_OF_HARRY_LORREQUER_noWikiID","0.049863479389024","0","145","1","385.34181768083846","3","0.6954530672332151","No Review, Catalogue","0"
"328","0","STORIES_OF_RED_HANRAHAN_noWikiID","0.049863479389024","0","146","0","0","0","0.15","No Review & No Catalogue","0"
"186","1","JOHN_BURNET_OF_BARNS_noWikiID","0.11291791638611","0","147","1","1999.9506721542064","4","0.3655208449074074","No Review, Catalogue","0"
"576","0","THE_SECRET_ROSE_noWikiID","0.0520374856859669","0","148","0","438.4957236786523","2","0.235","No Review & No Catalogue","0"
"611","1","THE_UNTILLED_FIELD_noWikiID","0.172694745758032","1","149","1","1943.031594438929","4","0.8911783580825516","Review & Catalogue","1"
"461","3","THE_HISTORY_OF_TOM_JONES,_A_FOUNDLING_Q248096","0.417024677521532","0","15","1","418.6117584352596","8","2.0630137519421745","No Review, Catalogue","0"
"120","2","DOMBEY_AND_SON_Q963659","0.594948283367066","1","150","1","2118.8420737443457","7","4.078557784666267","Review & Catalogue","1"
"313","0","SHIRLEY_(NOVEL)_Q615175","0.528634267866976","0","151","0","1811.9460659752344","6","1.7759203350939736","No Review & No Catalogue","0"
"321","0","SONS_AND_LOVERS_Q80771","0.190637850864638","1","152","0","38.03634639305527","1","0.1925","Review, No Catalogue","1"
"626","0","THE_WHITE_PEACOCK_Q7774542","0.049863479389024","1","153","0","833.9738248948331","5","0.44157361111111104","Review, No Catalogue","1"
"394","2","THE_CROCK_OF_GOLD_(NOVEL)_Q7728134","0.0591085593605752","1","154","1","61.188404352822516","3","0.3015833333333333","Review & Catalogue","1"
"426","0","THE_FORSYTE_SAGA_Q735319","0.158330619297716","0","155","0","6176.125574953623","15","1.8438916723175027","No Review & No Catalogue","0"
"521","2","THE_MYSTERY_OF_EDWIN_DROOD_Q1168105","0.285047546124646","1","156","1","575.1132489765695","2","0.5049655190876376","Review & Catalogue","1"
"253","0","NO_THOROUGHFARE_Q7045074","0.0477757206414661","0","157","0","27861.965710198263","3","2.343985296602226","No Review & No Catalogue","0"
"266","2","OUR_MUTUAL_FRIEND_Q1557935","0.594948283367066","1","158","1","851.872517547653","4","1.1670729480986735","Review & Catalogue","1"
"598","1","THE_TENANTS_OF_MALORY_noWikiID","0.11291791638611","1","159","1","726.2242144597967","4","1.4044805927707107","Review & Catalogue","1"
"95","3","CLARISSA_Q980534","0.965599150597217","1","16","1","7740.914244653778","4","2.173958703922795","Review & Catalogue","1"
"351","1","THE_ADVENTURES_OF_SHERLOCK_HOLMES_Q392147","0.363586690277014","0","160","1","1092.7375411668736","9","0.9703048921695205","No Review, Catalogue","0"
"54","1","AN_IRISH_COUSIN_noWikiID","0.0543008598413405","1","161","1","634.649958876113","4","0.7755082480657214","Review & Catalogue","1"
"248","1","NEW_GRUB_STREET_noWikiID","0.427995724732536","1","162","1","890.8066574578636","9","3.3541570879915366","Review & Catalogue","1"
"196","1","KING_SOLOMON'S_MINES_Q1137494","0.406135180117558","1","163","1","10838.736773077562","5","1.1034828309028186","Review & Catalogue","1"
"174","0","HOWARDS_END_Q1146642","0.16636459934805","1","164","0","196.90111542035473","5","0.4812375231481481","Review, No Catalogue","1"
"646","0","TONO-BUNGAY_Q1535422","0.097276608150085","1","165","0","1000.6900187576081","6","0.6020075760030863","Review, No Catalogue","1"
"494","0","THE_LONGEST_JOURNEY_Q15999894","0.11291791638611","1","166","0","1933.0758366980522","7","1.1750547606137474","Review, No Catalogue","1"
"56","0","ANN_VERONICA_Q1247736","0.160221548263055","1","167","0","175.9659843383912","6","0.65190690470679","Review, No Catalogue","1"
"407","0","THE_ENCHANTED_CASTLE_Q2920166","0.0477757206414661","0","168","0","524.1098021564173","4","0.3320416666666666","No Review & No Catalogue","0"
"542","1","THE_PHOENIX_AND_THE_CARPET_Q3795974","0.049863479389024","0","169","1","1021.8924845045915","4","0.4489729398148148","No Review, Catalogue","0"
"157","2","HARD_CASH_(NOVEL)_Q30314349","0.0566567958260902","1","17","1","912.1262662701475","4","0.7249545743160164","Review & Catalogue","1"
"590","1","THE_STORY_OF_THE_AMULET_Q7766831","0.049863479389024","1","170","1","697.6717287303497","2","0.2865784722222222","Review & Catalogue","1"
"16","0","A_LITTLE_PRINCESS_Q10483376","0.117501066676145","0","171","0","127.05964221989275","1","0.2440784722222222","No Review & No Catalogue","0"
"588","0","THE_STORY_OF_A_MODERN_WOMAN_Q7766819","0.049863479389024","0","172","0","251.9455056861881","3","0.4941091776036197","No Review & No Catalogue","0"
"531","1","THE_ODD_WOMEN_Q7754692","0.323070787610778","1","173","1","2666.7298877393587","13","2.368547923843328","Review & Catalogue","1"
"413","1","THE_EXPERIENCES_OF_LOVEDAY_BROOKE,_LADY_DETECTIVE_noWikiID","0.049863479389024","0","174","1","123.44476105593753","3","0.4321899331968895","No Review, Catalogue","0"
"12","0","A_JOURNEY_FROM_THIS_WORLD_TO_THE_NEXT_noWikiID","0.11291791638611","0","175","0","0","0","0.15","No Review & No Catalogue","0"
"147","1","FORTUNATE_FOUNDLINGS_noWikiID","0.11291791638611","0","176","1","6616.943172816536","2","0.27521495343375874","No Review, Catalogue","0"
"188","1","JONATHAN_WILD_noWikiID","0.30372380755444","0","177","1","833.7590294108834","3","0.31297757013956495","No Review, Catalogue","0"
"58","2","ANNALS_OF_THE_PARISH_Q4767877","0.172694745758032","1","178","1","49.845102256256936","2","0.24704166666666666","Review & Catalogue","1"
"442","2","THE_HEART_OF_MIDLOTHIAN_Q2091094","0.395337204568379","0","179","1","565.2483777086667","9","2.1033491439832415","No Review, Catalogue","0"
"153","2","GREAT_EXPECTATIONS_Q219552","0.706633180000831","1","18","1","29211.59487432362","5","1.7647659069984378","Review & Catalogue","1"
"368","2","THE_BLACK_DWARF_noWikiID","0.132226821715085","3","180","1","413.80614819171325","4","2.2719169554341203","Review & Catalogue","1"
"109","1","DANIEL_DERONDA_Q552238","0.69722573995813","7","181","1","15294.792080318148","5","2.4694108294378707","Review & Catalogue","1"
"621","1","THE_WAY_WE_LIVE_NOW_Q7773866","0.16636459934805","1","182","1","639.6799711904491","5","3.9102475810670168","Review & Catalogue","1"
"161","2","HE_KNEW_HE_WAS_RIGHT_noWikiID","0.353247063375283","0","183","1","26877.171082598776","12","6.427532731320128","No Review, Catalogue","0"
"2","1","A_CHILD_OF_THE_JAGO_Q4655860","0.158330619297716","1","184","1","0","0","0.15","Review & Catalogue","1"
"134","1","ESTHER_WATERS_Q5401319","0.285047546124646","1","185","1","811.4575978542966","3","0.6556468423069869","Review & Catalogue","1"
"589","0","THE_STORY_OF_MY_HEART_Q7766776","0.117501066676145","0","186","0","284.7789779647054","3","0.4117494127176131","No Review & No Catalogue","0"
"37","1","ACROSS_THE_ZODIAC_Q4676516","0.0477757206414661","0","187","1","10878.922281877263","4","0.7516648162312785","No Review, Catalogue","0"
"358","0","THE_AUTOBIOGRAPHY_OF_MARK_RUTHERFORD_noWikiID","0.141170686071351","0","188","0","112.29887145865408","1","0.2666623336033237","No Review & No Catalogue","0"
"663","0","VRIL_Q510699","0.0591085593605752","0","189","0","4273.838653895985","5","0.810979267011855","No Review & No Catalogue","0"
"252","2","NO_NAME_(NOVEL)_Q7044605","0.343042979973045","1","19","1","1505.1913197923977","7","3.9649790387936514","Review & Catalogue","1"
"492","1","THE_LITTLE_LAME_PRINCE_AND_HIS_TRAVELLING_CLOAK_Q7747642","0.11291791638611","0","190","1","248.99999999999997","1","0.1925","No Review, Catalogue","0"
"297","0","ROOKWOOD_(NOVEL)_Q7366231","0.049863479389024","1","191","0","1216.3016807708088","6","3.082327435165581","Review, No Catalogue","1"
"420","0","THE_FIDDLER_OF_THE_REELS_Q2288667","0.11291791638611","0","192","0","48.38875959809463","1","0.28364181590149173","No Review & No Catalogue","0"
"363","0","THE_BEACH_OF_FALESA_Q7715970","0.148487553986026","0","193","0","10307.150986517398","6","0.8393992216342023","No Review & No Catalogue","0"
"280","1","PLAIN_TALES_FROM_THE_HILLS_Q3484772","0.313316107488017","0","194","1","1095.9384505294915","3","0.45879705474810717","No Review, Catalogue","0"
"285","1","PUCK_OF_POOK'S_HILL_Q4342308","0.117501066676145","0","195","1","1056.685503967683","1","0.2440784722222222","No Review, Catalogue","0"
"213","1","LOVE_AMONG_THE_RUINS_noWikiID","0.049863479389024","0","196","1","249.79971093210824","4","0.37073890046296293","No Review, Catalogue","0"
"195","1","KIM_(NOVEL)_Q589868","0.68764997588443","1","197","1","85.18405386099221","1","0.21915556712962964","Review & Catalogue","1"
"508","0","THE_MERCENARY_LOVER_noWikiID","0.0477757206414661","0","198","0","0","0","0.15","No Review & No Catalogue","0"
"317","1","SIR_NIGEL_Q1963997","0.11291791638611","0","199","1","369.2011904761905","1","0.1925","No Review, Catalogue","0"
"84","1","CASTLE_RICHMOND_Q5050241","0.117501066676145","1","2","1","3363.9911460885605","8","3.9745061573326175","Review & Catalogue","1"
"199","2","LADY_AUDLEY'S_SECRET_Q2738351","0.769791600120154","1","20","1","193.72550137673477","5","0.6690621972844364","Review & Catalogue","1"
"679","0","ZULEIKA_DOBSON_Q8075113","0.049863479389024","1","200","0","29.357142857142854","1","0.1925","Review, No Catalogue","1"
"303","0","SANDERS_OF_THE_RIVER_noWikiID","0.049863479389024","0","201","0","837.2788739510271","4","0.3320416666666666","No Review & No Catalogue","0"
"369","1","THE_BLACK_PROPHET_noWikiID","0.0670724962784257","1","202","1","681.0054609740736","5","0.9623471188061905","Review & Catalogue","1"
"224","2","MARTIN_CHUZZLEWIT_Q1903609","0.395337204568379","1","203","1","12693.606061541108","12","6.5265048081508255","Review & Catalogue","1"
"142","1","FARDOROUGHA_THE_MISER_noWikiID","0.0543008598413405","1","204","1","371.330415032135","2","0.47720668366175395","Review & Catalogue","1"
"669","1","WHAT_MAISIE_KNEW_Q2943614","0.323070787610778","0","205","1","775.9088250722523","3","0.7407048232344731","No Review, Catalogue","0"
"560","1","THE_REAL_CHARLOTTE_noWikiID","0.0670724962784257","1","206","1","101.49956863398039","2","0.5697327331662014","Review & Catalogue","1"
"238","1","MILLENIUM_HALL_Q6858753","0.0520374856859669","0","207","1","1339.055866189855","6","2.4867302474534236","No Review, Catalogue","0"
"530","2","THE_O'DONOGHUE_noWikiID","0.0477757206414661","1","208","1","3102.5967625200888","10","2.6816991689219436","Review & Catalogue","1"
"605","2","THE_TOWER_OF_LONDON_(NOVEL)_Q2414713","0.0477757206414661","1","209","1","154.14008855261653","2","1.1725557733123568","Review & Catalogue","1"
"346","2","THE_ADVENTURES_OF_HAJJI_BABA_noWikiID","0.049863479389024","2","21","1","755.9870785735997","2","1.8242007597048233","Review & Catalogue","1"
"114","2","DEERBROOK_noWikiID","0.117501066676145","1","210","1","21873.40986960931","5","2.270263279854622","Review & Catalogue","1"
"100","1","CONFESSIONS_OF_A_THUG_(NOVEL)_Q5160036","0.0566567958260902","1","211","1","8213.067255074408","4","1.3980382896036434","Review & Catalogue","1"
"545","2","THE_PIRATE_(NOVEL)_Q3225628","0.127152048513252","0","212","1","0","0","0.15","No Review, Catalogue","0"
"512","3","THE_MONASTERY_Q3224650","0.122244604531682","2","213","1","49.890291220576444","4","1.0840255590368755","Review & Catalogue","1"
"341","3","THE_ABBOT_Q2717772","0.122244604531682","2","214","1","1010.9874104491563","6","2.1142748760170353","Review & Catalogue","1"
"372","2","THE_BRIDE_OF_LAMMERMOOR_Q2659725","0.384640372733741","0","215","1","461.6621555581965","5","2.104578714138871","No Review, Catalogue","0"
"298","0","ROXANA_Q3825485","0.68764997588443","1","216","0","1105.4036957100013","3","1.7885586822921957","Review, No Catalogue","1"
"239","0","MOLL_FLANDERS_Q612523","0.605736576985184","0","217","0","3329.791490076873","2","1.591544075982414","No Review & No Catalogue","0"
"449","0","THE_HISTORY_AND_REMARKABLE_LIFE_OF_THE_TRULY_HONOURABLE_COL_noWikiID","0.11291791638611","0","218","0","3339.390092351791","4","1.7291643586963956","No Review & No Catalogue","0"
"11","0","A_JOURNAL_OF_THE_PLAGUE_YEAR_Q1215399","0.374053924716987","0","219","0","448.59427037441856","1","0.6567582933161221","No Review & No Catalogue","0"
"656","0","VALPERGA_noWikiID","0.0477757206414661","2","22","0","786.0089948487548","3","1.262362235858239","Review, No Catalogue","1"
"465","0","THE_HOUSE_ON_THE_BORDERLAND_Q740473","0.117501066676145","0","220","0","0","0","0.15","No Review & No Catalogue","0"
"422","1","THE_FIRST_MEN_IN_THE_MOON_Q1218232","0.30372380755444","1","221","1","2644.013850777546","6","0.853264088188333","Review & Catalogue","1"
"448","0","THE_HILL_OF_DREAMS_Q1394147","0.117501066676145","0","222","0","357.2119345751388","2","0.235","No Review & No Catalogue","0"
"136","2","EVELINA_Q1635110","0.57979506909561","2","223","1","16577.19231021654","8","3.8422528047019684","Review & Catalogue","1"
"607","0","THE_TRIUMPH_OF_PRUDENCE_OVER_PASSION_noWikiID","0.049863479389024","0","224","0","1906.50351972981","4","1.4860697952288506","No Review & No Catalogue","0"
"380","1","THE_CAXTONS_Q16385244","0.0477757206414661","1","225","1","1968.728759874895","2","0.48330608175203144","Review & Catalogue","1"
"183","2","JANE_EYRE_Q182961","0.993700367636865","1","226","1","21646.987231714942","8","3.5742617877962304","Review & Catalogue","1"
"377","4","THE_CASTLE_OF_OTRANTO_Q548576","0.913959841960442","0","227","1","8403.81656302282","1","0.500947516821908","No Review, Catalogue","0"
"208","0","LONGSWORD_(NOVEL)_Q104859091","0.0520374856859669","0","228","0","7814.034381607749","1","0.2919351297662073","No Review & No Catalogue","0"
"458","0","THE_HISTORY_OF_THE_COUNTESS_OF_DELLWYN_Q19902681","0.0543008598413405","0","229","0","300.3728745059889","1","0.8545735701118033","No Review & No Catalogue","0"
"286","3","QUENTIN_DURWARD_Q2469230","0.117501066676145","2","23","1","8189.981984003352","6","2.972479575245259","Review & Catalogue","1"
"445","1","THE_HERO_noWikiID","0.0477757206414661","0","230","1","2076.086452339737","5","0.9300917678898772","No Review, Catalogue","0"
"645","1","TOMMY_AND_GRIZEL_Q124090899","0.122244604531682","1","231","1","82.01515063883485","5","0.75011506563188","Review & Catalogue","1"
"291","2","RINGAN_GILHAIZE_noWikiID","0.154263355437284","0","232","1","39.34877573126442","1","0.1925","No Review, Catalogue","0"
"602","1","THE_THREE_PERILS_OF_MAN_Q96409659","0.142891468333576","2","233","1","55.91428571428572","4","0.6592526334931677","Review & Catalogue","1"
"260","3","OLD_MORTALITY_Q3234969","0.450141038132134","3","234","1","8069.7106375988715","6","1.027765368387998","Review & Catalogue","1"
"374","1","THE_BROWNIE_OF_BODSBECK_Q96408508","0.148487553986026","0","235","1","101.0176943063206","3","0.28954166666666664","No Review, Catalogue","0"
"80","2","CARMILLA_Q1043792","0.137472234822425","0","236","1","0","0","0.15","No Review, Catalogue","0"
"325","1","ST_MARTIN'S_EVE_noWikiID","0.049863479389024","1","237","1","99.88743531795002","4","0.44487021698654533","Review & Catalogue","1"
"652","2","UNCLE_SILAS_Q3835925","0.11291791638611","1","238","1","784.4253251601145","3","0.7164827294312226","Review & Catalogue","1"
"623","0","THE_WELL_AT_THE_WORLD'S_END_Q2384134","0.11291791638611","0","239","0","1816.0437169329375","3","0.3781010449459877","No Review & No Catalogue","0"
"301","2","SAINT_RONAN'S_WELL_Q3232270","0.11291791638611","2","24","1","2654.397672607004","5","1.9286902701598347","Review & Catalogue","1"
"625","1","THE_WHITE_COMPANY_noWikiID","0.11291791638611","1","240","1","1005.6236450602898","4","0.4396189071791409","Review & Catalogue","1"
"8","1","A_DREAM_OF_JOHN_BALL_noWikiID","0.117501066676145","0","241","1","1481.1475033595343","3","0.5622236776177811","No Review, Catalogue","0"
"367","1","THE_BLACK_ARROW_noWikiID","0.11291791638611","0","242","1","5312.76413578329","4","0.6924037504589868","No Review, Catalogue","0"
"535","0","THE_OLD_WIVES'_TALE_noWikiID","0.127152048513252","0","243","0","690.6525217642636","8","0.9323244269418723","No Review & No Catalogue","0"
"386","0","THE_CLAYHANGER_noWikiID","0.137472234822425","1","244","0","183.2201196270963","4","0.4231569444444444","Review, No Catalogue","1"
"276","0","PETER_THE_WHALER_noWikiID","0.117501066676145","1","245","0","15768.969583319118","3","0.5419214584571973","Review, No Catalogue","1"
"227","1","MASTERMAN_READY_OR_THE_WRECK_OF_THE_PACIFIC_Q6785376","0.0477757206414661","0","246","1","14388.788150190969","3","0.40058607989620587","No Review, Catalogue","0"
"66","0","AYESHA_(NOVEL)_Q2604590","0.142891468333576","1","247","0","23.5070353690515","1","0.1925","Review, No Catalogue","1"
"122","1","DRACULA_Q41542","0.964677124546833","1","248","1","2702.7720622822185","6","1.0635422239270418","Review & Catalogue","1"
"72","1","BLIND_LOVE_noWikiID","0.11291791638611","0","249","1","57.51851840969488","2","0.398907984353996","No Review, Catalogue","0"
"520","1","THE_MYSTERY_OF_A_HANSOM_CAB_noWikiID","0.0477757206414661","0","25","1","0","0","0.15","No Review, Catalogue","0"
"115","1","DEMOS_noWikiID","0.0543008598413405","1","250","1","1752.840906147253","12","2.329771829236548","Review & Catalogue","1"
"642","1","THYRZA_noWikiID","0.127152048513252","0","251","1","393.989239254026","5","3.467132081515385","No Review, Catalogue","0"
"593","0","THE_TAILOR_OF_GLOUCESTER_noWikiID","0.11291791638611","0","252","0","76.6755772005772","2","0.235","No Review & No Catalogue","0"
"595","1","THE_TALE_OF_PETER_RABBIT_Q580463","0.137472234822425","0","253","1","785.9338203463203","3","0.3015833333333333","No Review, Catalogue","0"
"257","1","NOUGHTS_&_CROSSES_noWikiID","0.0477757206414661","0","254","1","465.3690267612933","4","0.4561898647873809","No Review, Catalogue","0"
"504","1","THE_MARTIAN_noWikiID","0.11291791638611","0","255","1","162.33983975445543","2","0.3165682274093382","No Review, Catalogue","0"
"427","3","THE_FORTUNES_OF_NIGEL_Q3230799","0.117501066676145","2","256","1","76.29313636174763","3","1.0024615356232114","Review & Catalogue","1"
"292","2","ROB_ROY_Q2156104","0.605736576985184","2","257","1","1676.4296699666827","7","3.034149141449292","Review & Catalogue","1"
"295","3","ROBINSON_CRUSOE_Q483034","0.930072496067797","0","258","1","3529.210551137365","6","2.0699012196405935","No Review, Catalogue","0"
"172","0","HISTORY_OF_JOHN_BULL_noWikiID","0.11291791638611","0","259","0","243.5855700592643","4","1.727246214571485","No Review & No Catalogue","0"
"278","1","PHILISTIA_noWikiID","0.0477757206414661","0","26","1","5.681818181818182","1","0.1925","No Review, Catalogue","0"
"138","0","EXILUS_noWikiID","0.11291791638611","0","260","0","102.7500486612482","4","1.4365735760394505","No Review & No Catalogue","0"
"33","0","A_TALE_OF_A_TUB_Q2353123","0.46129393099787","0","261","0","1912.203505886402","4","1.7310640481150348","No Review & No Catalogue","0"
"401","2","THE_DOCTOR'S_WIFE_(MOORE_NOVEL)_Q7730467","0.204901193890185","1","262","1","505.1909232090225","3","0.3880951454689531","Review & Catalogue","1"
"264","1","ORLEY_FARM_(NOVEL)_Q16962094","0.117501066676145","1","263","1","6056.32172192189","9","3.9201449068514966","Review & Catalogue","1"
"509","2","THE_MILL_ON_THE_FLOSS_Q1215018","0.7830931596165","1","264","1","1911.1487993988012","5","1.5786577266529123","Review & Catalogue","1"
"229","1","MAX_noWikiID","0.0477757206414661","0","265","1","0","0","0.15","No Review, Catalogue","0"
"269","4","PAMELA_OR_VIRTUE_REWARDED_Q2048624","0.84402409531542","0","266","1","8753.338002824285","7","3.299243938822207","No Review, Catalogue","0"
"190","2","JOSEPH_ANDREWS_Q784226","0.294299317623214","0","267","1","1291.9124572109279","7","2.333904351620837","No Review, Catalogue","0"
"664","1","WAVERLEY_Q678251","0.999388623975874","2","268","1","689.2987249922044","5","2.469527624336463","Review & Catalogue","1"
"155","2","GUY_MANNERING_Q2288976","0.172694745758032","3","269","1","252.18844738565824","6","2.5472930946481966","Review & Catalogue","1"
"516","1","THE_MUMMER'S_WIFE_Q42186018","0.11291791638611","0","27","1","1243.0459409259688","12","1.6125264089831473","No Review, Catalogue","0"
"571","1","THE_SCOTTISH_CHIEFS_noWikiID","0.132226821715085","0","270","1","7813.544571899514","3","1.1833996812719305","No Review, Catalogue","0"
"357","1","THE_ASPERN_PAPERS_Q2362409","0.285047546124646","0","271","1","509.9671031959213","2","0.41222733695195435","No Review, Catalogue","0"
"355","1","THE_ANTI-PAMELA_Q7713932","0.127152048513252","0","272","1","5712.767544951276","5","1.7038690679573212","No Review, Catalogue","0"
"562","0","THE_REFORM'D_COQUET_Q7760024","0.049863479389024","0","273","0","3397.260913565109","3","0.8665873916544815","No Review & No Catalogue","0"
"140","0","FANTOMINA_Q5434405","0.11291791638611","0","274","0","1031.7873572392666","1","0.6327629025879077","No Review & No Catalogue","0"
"606","1","THE_TRAIL_OF_THE_SERPENT_Q24971199","0.0477757206414661","1","275","1","0","0","0.15","Review & Catalogue","1"
"477","1","THE_KING_AND_QUEEN_OF_HEARTS_noWikiID","0.11291791638611","0","276","1","388.597345149254","3","0.3015833333333333","No Review, Catalogue","0"
"287","0","RECOLLECTIONS_OF_A_DETECTIVE_POLICE_OFFICER_noWikiID","0.049863479389024","0","277","0","159.82250953614152","2","0.24704166666666666","No Review & No Catalogue","0"
"632","2","THE_WOMAN_IN_WHITE_(NOVEL)_Q1212672","0.964677124546833","0","278","1","990.8800371265497","3","1.505478350222125","No Review, Catalogue","0"
"347","2","THE_ADVENTURES_OF_HUGH_TREVOR_noWikiID","0.11291791638611","2","279","1","163.0385521182708","2","0.7979729602827002","Review & Catalogue","1"
"482","1","THE_LANDLEAGUERS_noWikiID","0.122244604531682","0","28","1","1639.848418174971","7","2.378665541786889","No Review, Catalogue","0"
"307","2","SECRESY_noWikiID","0.117501066676145","2","280","1","33.568124275599494","5","1.2916944943404323","Review & Catalogue","1"
"324","0","ST_LEON_Q7589523","0.137472234822425","0","281","0","6668.119389187636","7","1.7183087100233294","No Review & No Catalogue","0"
"362","1","THE_BATTLE_OF_THE_BOOKS_Q7715895","0.132226821715085","0","282","1","86.05764370681888","6","2.1757484825246665","No Review, Catalogue","0"
"414","0","THE_FAIR_JILT_Q18393398","0.122244604531682","0","283","0","0","4","2.001206120392312","No Review & No Catalogue","0"
"660","0","VERTUE_REWARDED_Q104811485","0.0477757206414661","0","284","0","677.202380952381","4","1.6855130733813741","No Review & No Catalogue","0"
"265","0","OROONOKO_Q2453934","0.818855815935781","0","285","0","0","5","2.4060818588628825","No Review & No Catalogue","0"
"354","1","THE_AMERICAN_Q3080503","0.285047546124646","0","286","1","866.1454519471733","5","2.092496389514285","No Review, Catalogue","0"
"288","0","RECORDS_OF_A_GIRLHOOD_noWikiID","0.0543008598413405","0","287","0","231.96278752890666","4","1.090278095463442","No Review & No Catalogue","0"
"78","0","CAPTAIN_SINGLETON_Q1728631","0.122244604531682","0","288","0","746.0193161388582","4","1.3720691889792125","No Review & No Catalogue","0"
"232","0","MEMOIRS_OF_A_CAVALIER_Q6815274","0.137472234822425","0","289","0","705.2831710417521","2","1.0908673898256627","No Review & No Catalogue","0"
"26","3","A_SENTIMENTAL_JOURNEY_THROUGH_FRANCE_AND_ITALY_Q768792","0.185923994154683","0","29","1","0","0","0.15","No Review, Catalogue","0"
"500","1","THE_MAN_WHO_COULD_WORK_MIRACLES_(SHORT_STORY)_Q7749926","0.0477757206414661","0","290","1","0","0","0.15","No Review, Catalogue","0"
"470","1","THE_INVISIBLE_MAN_Q1539509","0.164415364683147","0","291","1","185.41372030213265","2","0.35185529250304903","No Review, Catalogue","0"
"281","1","PLATTNER_STORY_noWikiID","0.0477757206414661","0","292","1","1743.4860946421268","9","1.5228882945503275","No Review, Catalogue","0"
"538","0","THE_PARASITE_Q5295669","0.117501066676145","0","293","0","273.75634099582163","2","0.36929575475695686","No Review & No Catalogue","0"
"103","2","CONINGSBY_Q5161083","0.122244604531682","0","294","1","798.5692223854359","4","0.9273212074746096","No Review, Catalogue","0"
"555","1","THE_PROVOST_noWikiID","0.11291791638611","1","295","1","0","0","0.15","Review & Catalogue","1"
"360","0","THE_AYRSHIRE_LEGATEES_noWikiID","0.11291791638611","1","296","0","72.2657201253005","1","0.1925","Review, No Catalogue","1"
"672","0","WINTER_EVENING_TALES_Q96415343","0.0543008598413405","0","297","0","0","0","0.15","No Review & No Catalogue","0"
"582","0","THE_SILVERADO_SQUATTERS_noWikiID","0.11291791638611","1","298","0","397.2247312056135","3","0.42202474799202805","Review, No Catalogue","1"
"13","0","A_LADY'S_LIFE_IN_THE_ROCKY_MOUNTAINS_noWikiID","0.117501066676145","0","299","0","218.53230418818654","1","0.2695736785977413","No Review & No Catalogue","0"
"584","2","THE_SMALL_HOUSE_AT_ALLINGTON_Q7764868","0.294299317623214","1","3","1","1007.4913630679453","5","3.2718712789078492","Review & Catalogue","1"
"486","2","THE_LIFE_AND_OPINIONS_OF_TRISTRAM_SHANDY_GENTLEMAN_Q1164083","0.733799591996489","0","30","1","773.2457733406529","2","0.5566646860571379","No Review, Catalogue","0"
"130","1","EREWHON_Q1350048","0.0699415703280632","1","300","1","10467.91217673673","4","0.6139820743372247","Review & Catalogue","1"
"133","0","ESTHER_noWikiID","0.0477757206414661","0","301","0","413.64275174758586","6","0.5280059015045726","No Review & No Catalogue","0"
"633","1","THE_WOODLANDERS_Q2254480","0.332981899154278","0","302","1","3255.578449820199","4","1.1034734510715292","No Review, Catalogue","0"
"640","0","THREE_WEEKS_noWikiID","0.0520374856859669","0","303","0","368.24275077991047","2","0.235","No Review & No Catalogue","0"
"79","1","CAPTAINS_COURAGEOUS_Q1035138","0.0477757206414661","0","304","1","337.00000000000006","1","0.1925","No Review, Catalogue","0"
"404","1","THE_EBB-TIDE_Q4674957","0.0477757206414661","1","305","1","10166.08514436265","6","0.7527713871879804","Review & Catalogue","1"
"96","1","CLEG_KELLY_noWikiID","0.0477757206414661","1","306","1","169.64890179650334","1","0.20454166666666668","Review & Catalogue","1"
"356","2","THE_ANTIQUARY_Q1157183","0.323070787610778","2","307","1","1045.0141810950627","3","1.68766131976144","Review & Catalogue","1"
"446","0","THE_HEROINE_noWikiID","0.0520374856859669","2","308","0","14619.001258139217","5","2.227043085563518","Review, No Catalogue","1"
"474","1","THE_JUNGLE_BOOK_Q189509","0.374053924716987","1","309","1","577.3420911240098","2","0.27891528935185184","Review & Catalogue","1"
"203","0","LIFE_AND_ADVENTURES_OF_PETER_WILKINS_noWikiID","0.0477757206414661","0","31","0","1378.8466901346392","4","1.2852871272604869","No Review & No Catalogue","0"
"502","0","THE_MAN_WHO_WOULD_BE_KING_Q1129936","0.294299317623214","0","310","0","792.6559078628266","1","0.22902599864969136","No Review & No Catalogue","0"
"284","1","PRINCE_RICARDO_OF_PANTOUFLIA_noWikiID","0.11291791638611","0","311","1","28.135606060606058","1","0.22902599864969136","No Review, Catalogue","0"
"638","2","THE_YOUNG_DUKE_Q45028402","0.11291791638611","1","312","1","30043.79987426381","2","2.733931483524417","Review & Catalogue","1"
"662","2","VIVIAN_GREY_Q7937713","0.11291791638611","4","313","1","3801.888016468317","4","3.223532102937212","Review & Catalogue","1"
"484","0","THE_LAST_MAN_noWikiID","0.235758887377866","4","314","0","4843.021543824763","3","1.9092836021477844","Review, No Catalogue","1"
"242","2","MR_MIDSHIPMAN_EASY_Q1936382","0.0477757206414661","0","315","1","6206.738322630349","2","0.6596102380249573","No Review, Catalogue","0"
"173","0","HOLIDAY_HOUSE_noWikiID","0.0566567958260902","2","316","0","1773.6872990129539","1","0.26349938930392497","Review, No Catalogue","1"
"314","2","SILAS_MARNER_Q638327","0.427995724732536","1","317","1","283.1174587623948","2","0.28540259991115824","Review & Catalogue","1"
"39","2","ADAM_BEDE_Q2611046","0.733799591996489","1","318","1","1193.0966581451394","4","0.9565625688223272","Review & Catalogue","1"
"206","2","LITTLE_DORRIT_Q565638","0.677911265542429","1","319","1","2144.562422725592","13","3.9306932363006086","Review & Catalogue","1"
"182","0","JACK_SHEPPARD_noWikiID","0.049863479389024","1","32","0","199.56174426062245","2","2.871543936467199","Review, No Catalogue","1"
"101","1","CONFESSIONS_OF_A_YOUNG_MAN_Q5160039","0.137472234822425","1","320","1","180.4995184301136","3","0.39976733239821904","Review & Catalogue","1"
"7","1","A_DRAMA_IN_MUSLIN_noWikiID","0.207211382680442","1","321","1","485.7903755946878","5","0.6762748602869573","Review & Catalogue","1"
"375","0","THE_CANTERVILLE_GHOST_Q288020","0.117501066676145","0","322","0","180.53034101620898","3","0.45849307657771443","No Review & No Catalogue","0"
"216","0","LOVE_IN_EXCESS;_OR_THE_FATAL_ENQUIRY_Q1588738","0.23024672621441","0","323","0","739.6325675396579","3","0.7651755653231354","No Review & No Catalogue","0"
"21","0","A_PATCH-WORK_SCREEN_FOR_THE_LADIES_noWikiID","0.137472234822425","0","324","0","60.575541322256285","4","0.671857583368677","No Review & No Catalogue","0"
"217","0","LOVE_INTRIGUES_noWikiID","0.127152048513252","0","325","0","1746.5132388655213","5","1.428973194602013","No Review & No Catalogue","0"
"635","1","THE_WOULDBEGOODS_noWikiID","0.0477757206414661","1","326","1","2307.7612602150307","4","0.5660748050990226","Review & Catalogue","1"
"255","3","NORTHANGER_ABBEY_Q477508","0.573104135313384","0","327","1","0","0","0.15","No Review, Catalogue","0"
"273","2","PERSUASION_(NOVEL)_Q333179","0.417024677521532","0","328","1","5.333333333333333","2","0.24704166666666666","No Review, Catalogue","0"
"326","1","STALKY_&_CO._Q4439259","0.30372380755444","0","329","1","2831.5969754525163","2","0.35288786144472306","No Review, Catalogue","0"
"261","2","OLIVER_TWIST_Q164974","0.910357373663103","0","33","1","11975.131621585699","9","5.043450217153023","No Review, Catalogue","0"
"262","0","ON_THE_FACE_OF_THE_WATERS_Q59151630","0.0520374856859669","0","330","0","2536.8740836956586","7","0.9558567287861461","No Review & No Catalogue","0"
"222","1","MARIUS_THE_EPICUREAN_Q5477441","0.148487553986026","0","331","1","933.1364752455515","2","0.3517967086583713","No Review, Catalogue","0"
"532","2","THE_OLD_CURIOSITY_SHOP_Q2700616","0.46129393099787","0","332","1","568.8607786697347","7","3.0789443793804647","No Review, Catalogue","0"
"596","3","THE_TALISMAN_(SCOTT_NOVEL)_Q952340","0.132226821715085","0","333","1","3167.6540632550937","3","0.7362822802527926","No Review, Catalogue","0"
"181","2","IVANHOE_Q840974","0.706633180000831","3","334","1","8909.945052843063","3","1.6215224035116824","Review & Catalogue","1"
"193","2","KENILWORTH_Q2600597","0.117501066676145","1","335","1","525.0692775924349","3","1.4848466274843577","Review & Catalogue","1"
"674","2","WIVES_AND_DAUGHTERS_Q2453239","0.152429981210903","1","336","1","1549.6032593482032","6","3.891645083574977","Review & Catalogue","1"
"580","2","THE_SHADOW_OF_ASHLYDYAT_noWikiID","0.0520374856859669","1","337","1","546.2059338394212","8","3.5848824840406244","Review & Catalogue","1"
"5","1","A_CRYSTAL_AGE_Q4656205","0.11291791638611","0","338","1","0","0","0.15","No Review, Catalogue","0"
"48","1","ALL_SORTS_AND_CONDITIONS_OF_MEN_noWikiID","0.0520374856859669","0","339","1","1144.414203180201","8","4.338419688275464","No Review, Catalogue","0"
"543","2","THE_PICKWICK_PAPERS_Q460583","0.724924183340321","0","34","1","670.066345608112","9","4.891861684643654","No Review, Catalogue","0"
"441","0","THE_HAUNTED_MAN_AND_THE_GHOST'S_BARGAIN_Q3795070","0.127152048513252","1","340","0","0","0","0.15","Review, No Catalogue","1"
"675","2","WUTHERING_HEIGHTS_Q202975","0.84402409531542","1","341","1","21.289271839271834","4","0.8224983503704693","Review & Catalogue","1"
"471","1","THE_ISLAND_OF_DOCTOR_MOREAU_Q718268","0.243956771125803","1","342","1","6551.975431648891","4","0.8221034078675207","Review & Catalogue","1"
"121","1","DR_JEKYLL_AND_MR_HYDE_Q217352","0.790633780314419","0","343","1","0","0","0.15","No Review, Catalogue","0"
"403","1","THE_DYNAMITER_noWikiID","0.0543008598413405","1","344","1","313.4310808904988","3","0.518861135471252","Review & Catalogue","1"
"267","1","OUR_VILLAGE_Q7111226","0.0792421570318606","1","345","1","0","0","0.15","Review & Catalogue","1"
"416","0","THE_FAIRCHILD_FAMILY_noWikiID","0.0543008598413405","0","346","0","82.4236374521712","1","0.1925","No Review & No Catalogue","0"
"251","1","NIGHTMARE_ABBEY_Q4054406","0.0616594855735503","2","347","1","6510.394231625696","2","0.2553554379588156","Review & Catalogue","1"
"447","1","THE_HILL_noWikiID","0.0477757206414661","0","348","1","0","0","0.15","No Review, Catalogue","0"
"451","1","THE_HISTORY_OF_JACK_CONNOR_noWikiID","0.0591085593605752","0","349","1","120.20035966180059","3","0.5886693604190238","No Review, Catalogue","0"
"614","0","THE_VICAR_OF_WREXHILL_noWikiID","0.11291791638611","0","35","0","362.53786482564317","8","3.7520019531733197","No Review & No Catalogue","0"
"85","0","CATHERINE,_A_STORY_noWikiID","0.11291791638611","0","350","0","1471.3279860151918","2","0.3482533806383013","No Review & No Catalogue","0"
"189","1","JORROCK'S_JAUNTS_AND_JOLLITIES_noWikiID","0.117501066676145","0","351","1","397","1","0.24867179118085203","No Review, Catalogue","0"
"171","2","HIDE_AND_SEEK_noWikiID","0.285047546124646","0","352","1","27129.907093563816","7","2.4301460391001393","No Review, Catalogue","0"
"541","0","THE_PHANTOM_COACH_noWikiID","0.049863479389024","0","353","0","505.83469043224017","2","0.26959182279855015","No Review & No Catalogue","0"
"296","2","ROMOLA_Q7363279","0.11291791638611","1","354","1","526.2029776741897","2","0.2986787359551414","Review & Catalogue","1"
"376","1","THE_CARVED_LIONS_Q7721468","0.0477757206414661","0","355","1","178.58652202419742","1","0.21915556712962964","No Review, Catalogue","0"
"561","0","THE_RECOLLECTIONS_OF_GEOFFREY_HAMLYN_Q121356927","0.11291791638611","1","356","0","7228.462328153825","3","0.5184706236437983","Review, No Catalogue","1"
"667","2","WESTWARD_HO_noWikiID","0.122244604531682","1","357","1","14740.315651705361","8","0.9388517564162961","Review & Catalogue","1"
"639","0","THE_YOUNG_FUR_TRADERS_noWikiID","0.0477757206414661","0","358","0","4326.295734577553","6","0.7218110772067969","No Review & No Catalogue","0"
"634","0","THE_WORLD_SET_FREE_Q5051290","0.049863479389024","1","359","0","0","0","0.15","Review, No Catalogue","1"
"676","0","YEAST_noWikiID","0.117501066676145","0","36","0","16397.864601866993","4","0.7606407483896307","No Review & No Catalogue","0"
"524","0","THE_NEW_MACHIAVELLI_Q10381652","0.049863479389024","1","360","0","67.30732155772385","4","0.3320416666666666","Review, No Catalogue","1"
"617","0","THE_WAR_IN_THE_AIR_Q964055","0.049863479389024","0","361","0","478.2543023462295","4","0.3320416666666666","No Review & No Catalogue","0"
"1","1","A_BELEAGUERED_CITY_noWikiID","0.0520374856859669","0","362","1","0","0","0.15","No Review, Catalogue","0"
"364","1","THE_BEETLE_(NOVEL)_Q7716299","0.122244604531682","0","363","1","1315.8247942840349","3","0.5280747013938789","No Review, Catalogue","0"
"98","2","COELEBS_IN_SEARCH_OF_A_WIFE_Q5140605","0.0699415703280632","3","364","1","1951.2520115131006","2","0.6782953862520065","Review & Catalogue","1"
"308","2","SELF-CONTROL_(NOVEL)_Q3478102","0.0699415703280632","2","365","1","3274.5069931966236","9","4.0375857226463205","Review & Catalogue","1"
"336","2","TALES_OF_FASHIONABLE_LIFE_noWikiID","0.122244604531682","5","366","1","24065.624484496173","8","3.6462749681578845","Review & Catalogue","1"
"514","2","THE_MOONSTONE_Q2362563","0.724924183340321","1","367","1","1288.239489633642","3","1.4035531180243803","Review & Catalogue","1"
"60","2","ARMADALE_Q4792516","0.395337204568379","1","368","1","1353.9125070876119","5","3.144594082163137","Review & Catalogue","1"
"554","0","THE_PROFESSOR_(NOVEL)_Q762203","0.30372380755444","1","369","0","0","0","0.15","Review, No Catalogue","1"
"330","0","SUSPIRIA_DE_PROFUNDIS_Q3978307","0.117501066676145","0","37","0","15971.745830569667","1","0.36551487871039534","No Review & No Catalogue","0"
"661","1","VILLETTE_(NOVEL)_Q2449570","0.733799591996489","1","370","1","1306.82131873154","8","1.053030683831111","Review & Catalogue","1"
"423","1","THE_FIXED_PERIOD_Q7734312","0.11291791638611","0","371","1","104.48690289211656","1","0.8239552368396186","No Review, Catalogue","0"
"496","0","THE_LUCK_OF_BARRY_LYNDON_Q2124771","0.285047546124646","0","372","0","2038.8888451971472","2","0.5072178140175342","No Review & No Catalogue","0"
"565","0","THE_RIDDLE_OF_THE_SANDS_Q1170204","0.158330619297716","1","373","0","425.44586973581505","6","0.5457767278163579","Review, No Catalogue","1"
"583","0","THE_SLEEPER_AWAKES_Q650949","0.0566567958260902","0","374","0","1320.9082581142416","4","0.5862538592253014","No Review & No Catalogue","0"
"44","0","AFTER_LONDON;_OR,_WILD_ENGLAND_noWikiID","0.11291791638611","0","375","0","2424.276132222119","2","0.4582906371958455","No Review & No Catalogue","0"
"89","1","CELIBATES_noWikiID","0.117501066676145","0","376","1","1069.3952229494123","3","0.6787791852385137","No Review, Catalogue","0"
"131","1","EREWHON_REVISITED_Q5385740","0.0477757206414661","0","377","1","1320.5616272755074","3","0.5981274398119184","No Review, Catalogue","0"
"387","1","THE_CLEVER_WOMAN_OF_THE_FAMILY_noWikiID","0.0477757206414661","0","378","1","473.7567073664249","2","2.1158852875854257","No Review, Catalogue","0"
"41","1","ADELINE_MOWBRAY_Q65083334","0.0520374856859669","5","379","1","2117.386406969247","4","2.7902697865972974","Review & Catalogue","1"
"592","0","THE_STRING_OF_PEARLS_Q7767037","0.0477757206414661","0","38","0","1179.562111752568","10","2.2422524362452396","No Review & No Catalogue","0"
"418","4","THE_FATHER_AND_DAUGHTER_Q65052285","0.0520374856859669","4","380","1","571.5892772207397","1","0.940576439535901","Review & Catalogue","1"
"282","1","POPULAR_TALES_noWikiID","0.127152048513252","2","381","1","3085.710393385135","7","3.629798618208681","Review & Catalogue","1"
"398","2","THE_DEAD_SECRET_Q16934313","0.30372380755444","1","382","1","355.3452943414358","4","0.7590424770073799","Review & Catalogue","1"
"585","1","THE_SORROWS_OF_SATAN_Q13424700","0.0566567958260902","0","383","1","4642.71724545831","4","0.7289067399520386","No Review, Catalogue","0"
"459","0","THE_HISTORY_OF_THE_FAIRCHILD_FAMILY_Q7739822","0.0520374856859669","1","384","0","149.40697078550454","1","0.20454166666666668","Review, No Catalogue","1"
"615","0","THE_VILLAGE_IN_THE_JUNGLE_Q19902832","0.0477757206414661","0","385","0","9.665910254848875","1","0.1925","No Review & No Catalogue","0"
"600","0","THE_THREE_BROTHERS_noWikiID","0.0477757206414661","1","386","0","605.6679367347543","4","0.3870319444444444","Review, No Catalogue","1"
"334","0","TALE_OF_TWO_BAD_MICE_noWikiID","0.11291791638611","0","387","0","0","0","0.15","No Review & No Catalogue","0"
"591","1","THE_STORY_OF_THE_TREASURE_SEEKERS_Q7766848","0.0477757206414661","1","388","1","97.02934988987622","2","0.35288786144472306","Review & Catalogue","1"
"399","0","THE_DEMI-GODS_noWikiID","0.0477757206414661","0","389","0","0","0","0.15","No Review & No Catalogue","0"
"658","0","VARNEY_THE_VAMPIRE_Q1987925","0.0477757206414661","0","39","0","1344.9445882329328","9","2.9759459426037553","No Review & No Catalogue","0"
"479","0","THE_KING_OF_THE_PIRATES_noWikiID","0.117501066676145","0","390","0","660.3044195945643","3","1.0339135471009493","No Review & No Catalogue","0"
"246","1","NATURE_AND_ART_Q48770862","0.0543008598413405","2","391","1","48.814479554637764","1","0.4164966578685053","Review & Catalogue","1"
"432","0","THE_GORILLA_HUNTERS_Q17015740","0.0477757206414661","1","392","0","11765.83103206435","3","0.4532449903262916","Review, No Catalogue","1"
"104","1","CORAL_ISLAND_Q4232653","0.0566567958260902","1","393","1","11650.904871934134","3","0.43434930631417296","Review & Catalogue","1"
"467","1","THE_INHERITORS_(CONRAD_AND_FORD_NOVEL)_Q7742035","0.049863479389024","0","394","1","799.9582123217058","3","0.6514427753317644","No Review, Catalogue","0"
"215","1","LOVE_AND_MR_LEWISHAM_Q4271834","0.117501066676145","0","395","1","686.4740361266936","2","0.5624304441284085","No Review, Catalogue","0"
"359","1","THE_AWKWARD_AGE_noWikiID","0.11291791638611","0","396","1","424.3018789939006","6","1.1098026119261672","No Review, Catalogue","0"
"648","0","TRILBY_(NOVEL)_Q1691967","0.313316107488017","1","397","0","258.98114088942197","1","0.23969433109931249","Review, No Catalogue","1"
"92","1","CHILDREN_OF_THE_GHETTO_noWikiID","0.0520374856859669","0","398","1","528.113433329491","3","0.4831628983908435","No Review, Catalogue","0"
"15","2","A_LEGEND_OF_MONTROSE_Q3549611","0.11291791638611","0","399","1","258.0398724348846","2","0.6519313476616433","No Review, Catalogue","0"
"125","2","EAST_LYNNE_Q5328900","0.498261873505709","0","4","1","2530.252470384127","8","3.534124085246971","No Review, Catalogue","0"
"344","3","THE_ADVENTURES_OF_ANTHONY_VARNISH_noWikiID","0.049863479389024","2","40","1","848.4339839138617","3","1.4870286388558922","Review & Catalogue","1"
"55","1","AN_OUTCAST_OF_THE_ISLANDS_Q1090444","0.11291791638611","0","400","1","3078.783555275697","3","0.7641499356452985","No Review, Catalogue","0"
"539","1","THE_PARENT'S_ASSISTANT_Q3522169","0.137472234822425","0","401","1","1819.2047894258544","5","2.0944633892330593","No Review, Catalogue","0"
"378","0","THE_CASTLE_OF_WOLFENBACH_Q3520218","0.049863479389024","1","402","0","213.20981415533834","2","0.7859312936160334","Review, No Catalogue","1"
"487","1","THE_LIFE_OF_HARRIOT_STUART_noWikiID","0.0477757206414661","0","403","1","328.4257223303366","1","0.8709758155080178","No Review, Catalogue","0"
"434","1","THE_GREAT_GOD_PAN_Q1394704","0.137472234822425","0","404","1","0","0","0.15","No Review, Catalogue","0"
"548","0","THE_PORTRAIT_OF_MR._W._H._noWikiID","0.122244604531682","0","405","0","241.6747431366481","1","0.1925","No Review & No Catalogue","0"
"339","0","TANCRED_(NOVEL)_Q7682378","0.137472234822425","1","406","0","0","0","0.15","Review, No Catalogue","1"
"415","3","THE_FAIR_MAID_OF_PERTH_Q3209885","0.11291791638611","0","407","1","648.9473188232856","4","1.2467363397675144","No Review, Catalogue","0"
"290","3","REDGAUNTLET_Q3422871","0.562068477362731","2","408","1","105.58465275539389","3","0.6636944846847173","Review & Catalogue","1"
"18","0","A_MODERN_UTOPIA_Q1249074","0.122244604531682","1","409","0","0","0","0.15","Review, No Catalogue","1"
"456","2","THE_HISTORY_OF_SANDFORD_AND_MERTON_Q7739806","0.127152048513252","0","41","1","292.57101998784754","5","1.0623627025982856","No Review, Catalogue","0"
"553","1","THE_PRIVATE_PAPERS_OF_HENRY_RYECROFT_Q17027661","0.117501066676145","0","410","1","722.4725075589947","3","0.3015833333333333","No Review, Catalogue","0"
"353","1","THE_AMBASSADORS_Q650571","0.353247063375283","1","411","1","397.15457533316373","6","0.8156039442847853","Review & Catalogue","1"
"417","0","THE_FALLEN_LEAVES_(BOOK)_Q85807134","0.11291791638611","0","412","0","1565.042549451833","3","1.0544847335123737","No Review & No Catalogue","0"
"485","1","THE_LAW_AND_THE_LADY_(NOVEL)_Q3480742","0.395337204568379","1","413","1","390.0304976012997","3","0.7747475039350478","Review & Catalogue","1"
"243","0","MY_KALULU_PRINCE,_KING,_AND_SLAVE_noWikiID","0.0477757206414661","0","414","0","0","0","0.15","No Review & No Catalogue","0"
"210","2","LORNA_DOONE_Q3400981","0.135806373618849","2","415","1","1266.7887560962886","4","0.5108859307460797","Review & Catalogue","1"
"268","2","OUT_ON_THE_PAMPAS_noWikiID","0.0477757206414661","1","416","1","1215.1072081148043","4","0.48937483757106204","Review & Catalogue","1"
"631","1","THE_WINGS_OF_A_DOVE_Q1557588","0.285047546124646","1","417","1","702.6120348620509","5","0.825037940666091","Review & Catalogue","1"
"586","1","THE_SPOILS_OF_POYNTON_Q3809486","0.285047546124646","0","418","1","775.9088250722523","3","0.7407048232344731","No Review, Catalogue","0"
"275","0","PETER_AND_WENDY_Q3435337","0.374053924716987","0","419","0","0","0","0.15","No Review & No Catalogue","0"
"87","2","CECILIA_Q3233990","0.177146178958168","2","42","1","18159.458090479347","9","4.125998787082218","Review & Catalogue","1"
"318","2","SKETCHES_BY_BOZ_Q2609480","0.11291791638611","1","420","1","12486.419083782583","6","5.206574402731288","Review & Catalogue","1"
"135","2","EUGENE_ARAM_(NOVEL)_Q16385636","0.0477757206414661","1","421","1","4851.757873912418","4","2.2584458982550517","Review & Catalogue","1"
"503","1","THE_MANXMAN_noWikiID","0.0477757206414661","0","422","1","325.6744574546947","4","0.9038830896125093","No Review, Catalogue","0"
"191","1","JUDE_THE_OBSCURE_Q1248773","0.573104135313384","1","423","1","1545.739444974414","6","1.2237321187696926","Review & Catalogue","1"
"450","0","THE_HISTORY_OF_EMILY_MONTAGUE_Q42191035","0.0591085593605752","0","424","0","417.8435352970317","1","0.5710531086481744","No Review & No Catalogue","0"
"233","0","MEMOIRS_OF_A_MAGDALEN_Q6815279","0.0520374856859669","0","425","0","25.61533926952015","2","0.4735967615672988","No Review & No Catalogue","0"
"151","1","GOING_TO_MAYNOOTH_noWikiID","0.0477757206414661","0","426","1","0","0","0.15","No Review, Catalogue","0"
"408","2","THE_ENTAIL_noWikiID","0.148487553986026","0","427","1","58.98260238397523","1","0.1925","No Review, Catalogue","0"
"425","1","THE_FOOL_OF_QUALITY_Q7734703","0.0792421570318606","2","428","1","574.9968675508377","2","0.8415801154217699","Review & Catalogue","1"
"143","2","FELIX_HOLT_THE_RADICAL_Q5442230","0.154263355437284","1","429","1","4968.856679911932","4","2.816770377628448","Review & Catalogue","1"
"457","2","THE_HISTORY_OF_SIR_CHARLES_GRANDISON_Q3521260","0.117501066676145","0","43","1","4158.539352727201","3","1.399147930807983","No Review, Catalogue","0"
"636","0","THE_WRECKER_Q2753955","0.0477757206414661","0","430","0","1844.3566317458171","4","0.5916026137641489","No Review & No Catalogue","0"
"410","1","THE_EVIL_GUEST_noWikiID","0.11291791638611","0","431","1","0","0","0.15","No Review, Catalogue","0"
"97","1","COCK_AND_ANCHOR_noWikiID","0.11291791638611","1","432","1","790.4022243242524","2","1.3480913723221088","Review & Catalogue","1"
"118","1","DISCIPLINE_noWikiID","0.0543008598413405","1","433","1","1323.3000559604586","6","2.632989774551689","Review & Catalogue","1"
"651","1","TYPHOON_Q1329329","0.285047546124646","1","434","1","1580.472835621093","1","0.2707340393518518","Review & Catalogue","1"
"528","1","THE_NIGGER_OF_THE_NARCISSUS_Q478537","0.148487553986026","0","435","1","39.01388888888888","1","0.226707977816358","No Review, Catalogue","0"
"164","0","HEART_OF_DARKNESS_Q129778","0.75930721969968","0","436","0","5605.093083092772","3","0.891282700817098","No Review & No Catalogue","0"
"70","0","BLACK_BEAUTY_Q880092","0.363586690277014","0","437","0","935.0068036314942","1","0.21489069961741253","No Review & No Catalogue","0"
"522","1","THE_NETHER_WORLD_Q7753436","0.332981899154278","1","438","1","3601.7698145891777","4","2.242670196833725","Review & Catalogue","1"
"566","1","THE_ROMANCE_OF_A_SHOP_Q17019147","0.0543008598413405","0","439","1","68.57282364408762","1","0.1925","No Review, Catalogue","0"
"453","1","THE_HISTORY_OF_MISS_BETSY_THOUGHTLESS_noWikiID","0.127152048513252","0","44","1","9282.017351196822","3","2.2529576890473875","No Review, Catalogue","0"
"36","1","A_WORLD_OF_GIRLS_noWikiID","0.049863479389024","0","440","1","266.4629768820213","5","0.5932601502714627","No Review, Catalogue","0"
"256","1","NOSTROMO_Q430248","0.46129393099787","1","441","1","586.0808133651265","3","0.32823890046296295","Review & Catalogue","1"
"154","3","GULLIVER'S_TRAVELS_Q181488","0.971587266152791","1","442","1","226.57972897275997","3","0.3357186448728767","Review & Catalogue","1"
"25","0","A_ROOM_WITH_A_VIEW_Q120288","0.117501066676145","0","443","0","334.255400639319","2","0.37720695633359047","No Review & No Catalogue","0"
"549","1","THE_PRIME_MINISTER_noWikiID","0.294299317623214","1","444","1","1431.9966466340604","7","3.0438752719233007","Review & Catalogue","1"
"515","1","THE_MUDFOG_PAPERS_Q7752595","0.11291791638611","0","445","1","32.61887786963638","1","0.22045700750124142","No Review, Catalogue","0"
"123","1","DREAMERS_OF_THE_GHETTO_noWikiID","0.0477757206414661","0","446","1","185.149018952839","3","0.3596367658179012","No Review, Catalogue","0"
"552","0","THE_PRIVATE_MEMOIRS_AND_CONFESSIONS_OF_A_JUSTIFIED_SINNER_Q2992437","0.733799591996489","1","447","0","0","0","0.15","Review, No Catalogue","1"
"489","0","THE_LIFTED_VEIL_(NOVELLA)_Q6763446","0.132226821715085","0","448","0","0","0","0.15","No Review & No Catalogue","0"
"277","1","PHANTASTES_Q1616808","0.137472234822425","1","449","1","49.327263317353776","1","0.1925","Review & Catalogue","1"
"419","1","THE_FEMALE_QUIXOTE_Q1404172","0.27863497027921","0","45","1","1511.377839447906","5","2.544620525322416","No Review, Catalogue","0"
"476","2","THE_KING'S_OWN_noWikiID","0.0543008598413405","0","450","1","5096.253825896364","3","2.6854117548445173","No Review, Catalogue","0"
"245","3","MY_NEW_CURATE_noWikiID","0.0477757206414661","0","451","1","401.9836497879521","3","0.4670121297445497","No Review, Catalogue","0"
"139","0","FANNY_HILL_Q1395765","0.049863479389024","0","452","0","0","0","0.15","No Review & No Catalogue","0"
"438","0","THE_GRIM_SMILE_OF_THE_FIVE_TOWNS_Q24255934","0.11291791638611","0","453","0","169.8683021570799","2","0.4566585876335305","No Review & No Catalogue","0"
"180","2","IT_IS_NEVER_TOO_LATE_TO_MEND_(NOVEL)_Q6091852","0.0616594855735503","1","454","1","244.9988755667122","5","0.5277560991780681","Review & Catalogue","1"
"197","1","KIPPS_Q1249082","0.142891468333576","0","455","1","704.1421879670502","5","0.8041940862979127","No Review, Catalogue","0"
"490","1","THE_LIGHT_PRINCESS_noWikiID","0.11291791638611","0","456","1","81.22319902319904","1","0.2551566570431254","No Review, Catalogue","0"
"619","2","THE_WATER-BABIES_A_FAIRY_TALE_FOR_A_LAND_BABY_Q14914646","0.417024677521532","0","457","1","3524.8888620040825","5","0.6547395637106436","No Review, Catalogue","0"
"647","1","TREASURE_ISLAND_Q185118","0.483705206701587","1","458","1","18255.949434195703","2","0.5894161619165955","Review & Catalogue","1"
"601","1","THE_THREE_MIDSHIPMEN_noWikiID","0.11291791638611","0","459","1","18496.99052802025","2","0.43090159887467316","No Review, Catalogue","0"
"304","0","SANDITON_Q3180417","0.323070787610778","0","46","0","0","0","0.15","No Review & No Catalogue","0"
"637","1","THE_YOUNG_BUGLERS_noWikiID","0.0477757206414661","0","460","1","622.2198760167719","3","0.40200124587636865","No Review, Catalogue","0"
"165","1","HELBECK_OF_BANNISDALE_Q19572074","0.0477757206414661","0","461","1","64.56326801927825","1","0.28232010342762237","No Review, Catalogue","0"
"149","1","GHETTO_TRAGEDIES_noWikiID","0.0477757206414661","0","462","1","1003.7481698373239","3","0.5765379562269399","No Review, Catalogue","0"
"241","1","MORAL_TALES_noWikiID","0.132226821715085","0","463","1","478.55949650295383","2","1.2420313914410301","No Review, Catalogue","0"
"69","3","BELINDA_noWikiID","0.384640372733741","5","464","1","21779.182761019943","4","1.6364402856826554","Review & Catalogue","1"
"320","1","SON_OF_MARS_noWikiID","0.0477757206414661","0","465","1","0","0","0.15","No Review, Catalogue","0"
"200","2","LEVER'S_LORD_KILGOBBIN_noWikiID","0.0477757206414661","0","466","1","778.4920538790103","3","1.4648090062092696","No Review, Catalogue","0"
"64","0","AULD_LICHT_IDYLLS_noWikiID","0.117501066676145","1","467","0","731.2805955444871","4","0.5211981702461107","Review, No Catalogue","1"
"579","1","THE_SHADOW_OF_A_CRIME_1885_noWikiID","0.0477757206414661","0","468","1","4077.1598226084043","7","1.8218935685362727","No Review, Catalogue","0"
"316","1","SIR_GIBBIE_noWikiID","0.11291791638611","1","469","1","5965.685811904239","5","1.175165419795833","Review & Catalogue","1"
"126","3","EMMA_(NOVEL)_Q223880","0.677911265542429","0","47","1","2979.607323853656","4","0.5988427056681175","No Review, Catalogue","0"
"506","1","THE_MAYOR_OF_CASTERBRIDGE_Q2343169","0.332981899154278","1","470","1","4790.396075044867","3","1.2185665421661538","Review & Catalogue","1"
"624","1","THE_WHIRLPOOL_noWikiID","0.11291791638611","0","471","1","1166.281964076335","4","0.8709760575137917","No Review, Catalogue","0"
"192","1","JUST_SO_STORIES_Q1247723","0.294299317623214","0","472","1","74.38167388167389","1","0.1925","No Review, Catalogue","0"
"573","1","THE_SECOND_JUNGLE_BOOK_Q1101819","0.117501066676145","0","473","1","145.151824531109","2","0.2624951388888889","No Review, Catalogue","0"
"497","0","THE_MACDERMOTS_OF_BALLYCORAN_noWikiID","0.11291791638611","1","474","0","14.802708061604497","1","0.26570895931355254","Review, No Catalogue","1"
"59","0","ANTAR_noWikiID","0.0477757206414661","0","475","0","0","0","0.15","No Review & No Catalogue","0"
"279","1","PHINEAS_REDUX_Q7186370","0.30372380755444","0","476","1","6226.974783133112","4","4.08503067692405","No Review, Catalogue","0"
"671","1","WILLING_TO_DIE_noWikiID","0.11291791638611","0","477","1","844.6070316433807","4","2.369059925608138","No Review, Catalogue","0"
"481","0","THE_LAND_IRONCLADS_Q7745355","0.11291791638611","0","478","0","0","0","0.15","No Review & No Catalogue","0"
"523","0","THE_NEW_ACCELERATOR_Q7753474","0.117501066676145","0","479","0","29.36507936507936","1","0.1925","No Review & No Catalogue","0"
"309","3","SENSE_AND_SENSIBILITY_Q274744","0.339096257423352","1","48","1","2050.856711355412","6","1.149441979649406","Review & Catalogue","1"
"498","1","THE_MAN_noWikiID","0.127152048513252","0","480","1","260.8775926558822","1","0.6724359738232925","No Review, Catalogue","0"
"431","1","THE_GOLDEN_BOWL_Q1248585","0.323070787610778","0","481","1","7.9866626794258355","1","0.3405235259165995","No Review, Catalogue","0"
"319","1","SOME_EXPERIENCES_OF_AN_IRISH_R.M._noWikiID","0.0477757206414661","0","482","1","408.7845838022163","2","0.46819496063511334","No Review, Catalogue","0"
"162","2","HEADLONG_HALL_Q5689829","0.049863479389024","3","483","1","7298.374763785013","2","0.28520614538048","Review & Catalogue","1"
"397","1","THE_DAYS_OF_AULD_LANGSYNE_noWikiID","0.0477757206414661","1","484","1","170.74170982119176","1","0.21136527777777778","Review & Catalogue","1"
"35","1","A_WINDOW_IN_THRUMS_noWikiID","0.11291791638611","1","485","1","505.2000805665956","3","0.39408677768095207","Review & Catalogue","1"
"400","0","THE_DIARY_OF_A_NOBODY_Q864150","0.164415364683147","0","486","0","0","0","0.15","No Review & No Catalogue","0"
"117","1","DIANA_OF_THE_CROSSWAYS_Q5271362","0.11291791638611","0","487","1","1886.1785933793512","4","1.3605326015074017","No Review, Catalogue","0"
"77","0","CAMILLA_Q2934813","0.550971056761127","2","488","0","20800.289931183666","2","0.6561580809434191","Review, No Catalogue","1"
"67","2","BARCHESTER_TOWERS_Q4859885","0.30372380755444","1","489","1","2324.504400710146","2","2.6892194609662843","Review & Catalogue","1"
"283","3","PRIDE_AND_PREJUDICE_Q170583","0.594948283367066","1","49","1","273.22391003615957","8","2.0464323366192447","Review & Catalogue","1"
"34","2","A_TALE_OF_TWO_CITIES_Q308918","0.517417033796863","0","490","1","3287.6985575397002","4","2.819962242380441","No Review, Catalogue","0"
"93","2","CHRONICLES_OF_THE_CANONGATE_Q17352486","0.142891468333576","0","491","1","37.576464205769","2","0.41630301794325275","No Review, Catalogue","0"
"42","0","ADVENTURES_OF_A_PINCUSHION_noWikiID","0.0477757206414661","0","492","0","55.44047619047619","1","0.1925","No Review & No Catalogue","0"
"204","0","LIFE_AND_PERAMBULATIONS_OF_A_MOUSE_noWikiID","0.049863479389024","0","493","0","8.49026341305753","2","0.24704166666666666","No Review & No Catalogue","0"
"352","0","THE_ALTAR_OF_THE_DEAD_Q7713242","0.11291791638611","0","494","0","0","0","0.15","No Review & No Catalogue","0"
"30","1","A_SPORTSMAN'S_SKETCHES_noWikiID","0.11291791638611","1","495","1","0","0","0.15","Review & Catalogue","1"
"568","0","THE_ROMANY_RYE_Q7761435","0.0477757206414661","1","496","0","134.27310258629785","1","0.1925","Review, No Catalogue","1"
"644","2","TOM_BROWN'S_SCHOOL_DAYS_Q7815084","0.384640372733741","0","497","1","31.632500864654165","1","0.1925","No Review, Catalogue","0"
"299","1","RUJUB_THE_JUGGLER_noWikiID","0.0477757206414661","0","498","1","2284.8436764225125","2","0.46332607315607466","No Review, Catalogue","0"
"559","0","THE_RAGGED-TROUSERED_PHILANTHROPISTS_Q7759270","0.141170686071351","0","499","0","0","0","0.15","No Review & No Catalogue","0"
"127","1","EMMA_OR_THE_UNFORTUNATE_ATTACHMENT_noWikiID","0.049863479389024","1","5","1","18120.092546691634","6","3.00541718194441","Review & Catalogue","1"
"444","2","THE_HEIR_OF_REDCLYFFE_Q7739314","0.0591085593605752","0","50","1","541.6121843611522","5","2.490915284668612","No Review, Catalogue","0"
"537","0","THE_OUTCAST_noWikiID","0.0477757206414661","0","500","0","38.923720130429004","1","0.1925","No Review & No Catalogue","0"
"439","0","THE_HAPPY_PRINCE_AND_OTHER_TALES_Q797466","0.142891468333576","0","501","0","0","0","0.15","No Review & No Catalogue","0"
"312","1","SHE_A_HISTORY_OF_ADVENTURE_Q640513","0.23024672621441","0","502","1","15.333333333333332","1","0.1925","No Review, Catalogue","0"
"455","3","THE_HISTORY_OF_RASSELAS,_PRINCE_OF_ABYSSINIA_Q3419875","0.668015506032498","1","503","1","7.326923076923077","1","0.23271495343375873","Review & Catalogue","1"
"258","0","ODD_MAN_OUT_noWikiID","0.0520374856859669","0","504","0","0","0","0.15","No Review & No Catalogue","0"
"436","1","THE_GREAT_WAR_IN_ENGLAND_IN_1897_Q7737983","0.0477757206414661","0","505","1","0","0","0.15","No Review, Catalogue","0"
"371","0","THE_BOOK_OF_WONDER_Q7719322","0.0477757206414661","0","506","0","0","0","0.15","No Review & No Catalogue","0"
"618","2","THE_WARDEN_Q3818437","0.294299317623214","1","507","1","1453.2889609678814","1","0.9119455139404472","Review & Catalogue","1"
"475","2","THE_KELLYS_AND_THE_O'KELLYS_Q7744082","0.11291791638611","1","508","1","816.8506761776949","1","0.4083845622831267","Review & Catalogue","1"
"294","2","ROBERT_FALCONER_noWikiID","0.122244604531682","1","509","1","5990.649304726255","2","0.6277145493202085","Review & Catalogue","1"
"597","2","THE_TENANT_OF_WILDFELL_HALL_Q44701","0.197672587097148","1","51","1","1486.4440167266132","4","1.9235235895428326","Review & Catalogue","1"
"112","2","DAVID_ELGINBROD_Q5233331","0.117501066676145","1","510","1","3311.8996657119037","4","0.5824547804149619","Review & Catalogue","1"
"46","2","ALEC_FORBES_OF_HOWGLEN_noWikiID","0.11291791638611","1","511","1","1214.4487690060237","1","0.32785245564072574","Review & Catalogue","1"
"40","1","ADELA_CATHCART_noWikiID","0.11291791638611","1","512","1","931.4671609549107","2","0.4207439847389314","Review & Catalogue","1"
"99","2","COMETH_UP_AS_A_FLOWER_Q19571321","0.0520374856859669","1","513","1","817.8931018658122","4","0.5907184128936895","Review & Catalogue","1"
"116","2","DESPERATE_REMEDIES_Q2846293","0.30372380755444","1","514","1","867.2657428215616","5","1.4097739068585682","Review & Catalogue","1"
"225","2","MARY_A_FICTION_Q2900963","0.132226821715085","2","515","1","394.04413800801746","4","1.1816548669103883","Review & Catalogue","1"
"349","0","THE_ADVENTURES_OF_RIVELLA_Q85806338","0.0477757206414661","0","516","0","88.40810237212884","2","0.773828923386066","No Review & No Catalogue","0"
"177","0","IMPRESSIONS_OF_THEOPHRASTUS_SUCH_Q6007633","0.117501066676145","0","517","0","7176.013153545247","2","0.4054716979321955","No Review & No Catalogue","0"
"629","2","THE_WILD_IRISH_GIRL_Q7774872","0.619558723877394","5","518","1","14399.701925108991","4","1.2962928139054848","Review & Catalogue","1"
"406","1","THE_EMIGRANTS_OF_AHADARRA_noWikiID","0.0477757206414661","1","519","1","176.47646648246698","1","0.26570895931355254","Review & Catalogue","1"
"111","2","DAVID_COPPERFIELD_Q189811","0.46129393099787","0","52","1","19124.155628869416","7","4.150706713937051","No Review, Catalogue","0"
"45","1","AGNES_GREY_Q517172","0.325982643945805","1","520","1","850.9746127529344","2","0.749540017037136","Review & Catalogue","1"
"527","1","THE_NEWCOMES_Q3522018","0.122244604531682","0","521","1","5443.194316081798","5","1.7571927163887093","No Review, Catalogue","0"
"499","3","THE_MAN_OF_FEELING_Q7750109","0.616422785736394","2","522","1","0","0","0.15","Review & Catalogue","1"
"73","1","BORN_IN_EXILE_Q4945890","0.11291791638611","0","523","1","38.92565653263595","1","0.2868961545440723","No Review, Catalogue","0"
"463","1","THE_HOUND_OF_THE_BASKERVILLES_Q45192","0.353247063375283","0","524","1","58.76417443144618","1","0.20454166666666668","No Review, Catalogue","0"
"587","0","THE_STICKIT_MINISTER_noWikiID","0.0477757206414661","0","525","0","67.81704200510981","1","0.21658333333333332","No Review & No Catalogue","0"
"666","1","WEIR_OF_HERMISTON_Q1213386","0.11291791638611","1","526","1","174.7212203869936","2","0.2779486111111111","Review & Catalogue","1"
"391","0","THE_CONSOLIDATOR_Q60753482","0.11291791638611","0","527","0","7.5427350427350435","2","0.7388164520261414","No Review & No Catalogue","0"
"650","0","TWO_ON_A_TOWER_Q7859431","0.11291791638611","0","528","0","0","0","0.15","No Review & No Catalogue","0"
"563","1","THE_RETURN_OF_THE_NATIVE_Q141568","0.363586690277014","1","529","1","8574.048892373878","7","2.077956598308077","Review & Catalogue","1"
"68","1","BASIL_noWikiID","0.294299317623214","1","53","1","8349.648085243018","3","1.8426594021532945","Review & Catalogue","1"
"620","1","THE_WAY_OF_ALL_FLESH_Q255074","0.0860571657090285","1","530","1","328.86794041406614","2","0.3218865998295003","Review & Catalogue","1"
"469","1","THE_INTERPRETERS_noWikiID","0.0566567958260902","0","531","1","0","0","0.15","No Review, Catalogue","0"
"43","1","AFTER_DARK_noWikiID","0.132226821715085","1","532","1","504.49852759711695","3","1.0460309686744582","Review & Catalogue","1"
"370","0","THE_BODY-SNATCHER_noWikiID","0.11291791638611","0","533","0","0","0","0.15","No Review & No Catalogue","0"
"433","1","THE_GOVERNESS;_OR,_THE_LITTLE_FEMALE_ACADEMY_Q7737400","0.076022748805838","0","534","1","14.25952380952381","1","0.1925","No Review, Catalogue","0"
"604","0","THE_TITHE_PROCTOR_noWikiID","0.0477757206414661","1","535","0","0","0","0.15","Review, No Catalogue","1"
"609","1","THE_TURN_OF_THE_SCREW_Q625923","0.427995724732536","0","536","1","0","0","0.15","No Review, Catalogue","0"
"540","0","THE_PERILS_OF_CERTAIN_ENGLISH_PRISONERS_noWikiID","0.11291791638611","0","537","0","6944.989365755606","1","0.22709182279855014","No Review & No Catalogue","0"
"311","1","SEVEN_LITTLE_AUSTRALIANS_Q7457323","0.0477757206414661","0","538","1","0","0","0.15","No Review, Catalogue","0"
"340","1","TESS_OF_THE_D'URBERVILLES_Q649409","0.616422785736394","1","539","1","2598.957437552558","6","1.0075429582124718","Review & Catalogue","1"
"435","1","THE_GREAT_TABOO_noWikiID","0.0477757206414661","0","54","1","1446.8144268109545","2","0.318734958340049","No Review, Catalogue","0"
"83","3","CASTLE_RACKRENT_Q5050238","0.86626658311391","1","540","1","0","0","0.15","Review & Catalogue","1"
"163","1","HEART_AND_SCIENCE_noWikiID","0.127152048513252","0","541","1","9682.012143435615","1","2.0417926026088185","No Review, Catalogue","0"
"47","2","ALICE'S_ADVENTURES_IN_WONDERLAND_Q92640","0.384640372733741","1","542","1","312.0877968774521","2","0.3711411425051484","Review & Catalogue","1"
"526","0","THE_NEW_ROAD_noWikiID","0.0477757206414661","1","543","0","0","0","0.15","Review, No Catalogue","1"
"430","1","THE_GOLDEN_AGE_noWikiID","0.11291791638611","0","544","1","0","0","0.15","No Review, Catalogue","0"
"272","0","PENDENNIS_Q7162382","0.137472234822425","0","545","0","2091.638312543973","2","0.6903712696434676","No Review & No Catalogue","0"
"657","2","VANITY_FAIR_(NOVEL)_Q612836","0.812090070563247","1","546","1","2731.214276058166","5","1.0682687553560029","Review & Catalogue","1"
"150","1","GLENARVON_Q3771960","0.0566567958260902","1","547","1","506.8498392255177","5","1.2804815117934756","Review & Catalogue","1"
"76","1","CALLISTA_(NOVEL)_Q2934238","0.11291791638611","0","548","1","261.22103753926535","2","0.24704166666666666","No Review, Catalogue","0"
"51","2","ALTON_LOCKE_Q4736895","0.148487553986026","1","549","1","218.28604136086378","2","0.4860031365401728","Review & Catalogue","1"
"608","0","THE_TRUMPET_noWikiID","0.0477757206414661","0","55","0","6769.363204113527","10","1.6286024113746311","No Review & No Catalogue","0"
"483","2","THE_LAST_DAYS_OF_POMPEII_Q1218985","0.0591085593605752","1","550","1","129.92857142857144","1","0.1925","Review & Catalogue","1"
"105","1","COUNT_ROBERT_OF_PARIS_noWikiID","0.117501066676145","0","551","1","7945.535056707028","3","0.6724952375952834","No Review, Catalogue","0"
"581","0","THE_SIGNAL-MAN_Q1002362","0.127152048513252","0","552","0","0","0","0.15","No Review & No Catalogue","0"
"468","1","THE_INTERESTING_NARRATIVE_OF_THE_LIFE_OF_OLAUDAH_EQUIANO_Q7742270","0.132226821715085","0","553","1","0","0","0.15","No Review, Catalogue","0"
"249","1","NEWS_FROM_NOWHERE_Q7019506","0.384640372733741","0","554","1","0","0","0.15","No Review, Catalogue","0"
"437","1","THE_GREEN_CARNATION_Q7738140","0.049863479389024","0","555","1","0","0","0.15","No Review, Catalogue","0"
"175","0","HYMNS_IN_PROSE_FOR_CHILDREN_Q9005648","0.0543008598413405","1","556","0","0","0","0.15","Review, No Catalogue","1"
"379","2","THE_CASTLES_OF_ATHLIN_AND_DUNBAYNE_Q7721600","0.049863479389024","2","557","1","724.1539549535757","2","1.4556222782242019","Review & Catalogue","1"
"389","1","THE_COMING_OF_CUCULAIN_noWikiID","0.0477757206414661","0","558","1","92.5177631559254","1","0.21658333333333332","No Review, Catalogue","0"
"226","2","MARY_BARTON_Q2607078","0.619558723877394","1","559","1","1693.0675420751384","2","1.4361495424752548","Review & Catalogue","1"
"49","1","ALLAN_QUATERMAIN_(NOVEL)_Q4062545","0.142891468333576","0","56","1","1677.354710427659","4","0.5258609242499088","No Review, Catalogue","0"
"385","0","THE_CHIMES_Q3828573","0.11291791638611","0","560","0","27.55144961493068","1","0.1925","No Review & No Catalogue","0"
"464","2","THE_HOUSE_BY_THE_CHURCHYARD_Q4165605","0.122244604531682","1","561","1","42.32059903741004","1","0.1925","Review & Catalogue","1"
"382","1","THE_CHANNINGS_(NOVEL)_Q7722115","0.0477757206414661","1","562","1","491.23975164358467","3","1.3131609703893352","Review & Catalogue","1"
"536","1","THE_ORDEAL_OF_RICHARD_FEVEREL_Q14476502","0.122244604531682","1","563","1","131.17070948604348","2","0.33562163572316994","Review & Catalogue","1"
"19","0","A_MODEST_PROPOSAL_Q264143","0.172694745758032","0","564","0","0","0","0.15","No Review & No Catalogue","0"
"480","1","THE_LANCASHIRE_WITCHES_Q7745322","0.0477757206414661","1","565","1","0","0","0.15","Review & Catalogue","1"
"20","1","A_PAIR_OF_BLUE_EYES_Q2931240","0.332981899154278","1","566","1","6196.7514090062605","4","1.7540713372322931","Review & Catalogue","1"
"315","1","SING_A_SONG_OF_SIXPENCE_noWikiID","0.0477757206414661","0","567","1","0","0","0.15","No Review, Catalogue","0"
"211","0","LOSS_AND_GAIN_Q3259809","0.122244604531682","0","568","0","0","0","0.15","No Review & No Catalogue","0"
"230","0","MAZEPPA_noWikiID","0.0477757206414661","0","569","0","0","0","0.15","No Review & No Catalogue","0"
"236","1","MICAH_CLARKE_Q3050442","0.117501066676145","1","57","1","1762.7599670444968","6","0.6371871453493929","Review & Catalogue","1"
"323","0","ST_IVES_Q4675044","0.11291791638611","0","570","0","298.6851370851371","1","0.1925","No Review & No Catalogue","0"
"452","0","THE_HISTORY_OF_LITTLE_GOODY_TWO-SHOES_Q12060236","0.0896602762528474","0","571","0","0","0","0.15","No Review & No Catalogue","0"
"178","1","IN_A_GLASS_DARKLY_Q6011356","0.30372380755444","0","572","1","66.2532625216182","1","0.8212336455889725","No Review, Catalogue","0"
"53","0","AN_APOLOGY_FOR_THE_LIFE_OF_MRS._SHAMELA_ANDREWS_Q2743569","0.137472234822425","0","573","0","0","0","0.15","No Review & No Catalogue","0"
"4","0","A_COMPLETE_COLLECTION_OF_GENTEEL_AND_INGENIOUS_CONVERSATION_Q4656050","0.117501066676145","0","574","0","12.13901458019105","1","0.1925","No Review & No Catalogue","0"
"184","1","JESSICA'S_FIRST_PRAYER_noWikiID","0.0591085593605752","0","575","1","0","0","0.15","No Review, Catalogue","0"
"302","2","SALEM_CHAPEL_noWikiID","0.0566567958260902","0","576","1","38.53809523809524","2","0.235","No Review, Catalogue","0"
"557","1","THE_QUADROON_noWikiID","0.0477757206414661","1","577","1","1183.8058269268947","3","0.37010730345568227","Review & Catalogue","1"
"212","0","LOST_DIARIES_noWikiID","0.0477757206414661","0","578","0","0","0","0.15","No Review & No Catalogue","0"
"81","0","CARNIVAL_noWikiID","0.11291791638611","0","579","0","3","2","0.235","No Review & No Catalogue","0"
"220","3","MANSFIELD_PARK_Q469690","0.637452560360192","0","58","1","8.12313704274286","2","0.38966723882818877","No Review, Catalogue","0"
"678","0","ZOE_noWikiID","0.0477757206414661","2","580","0","33.05548340548341","1","0.2354486111111111","Review, No Catalogue","1"
"50","1","ALMAYER'S_FOLLY_Q2404359","0.122244604531682","1","581","1","1286.239950606297","1","0.36650914843283455","Review & Catalogue","1"
"31","1","A_STORY_OF_THE_STONE_AGE_Q4659835","0.11291791638611","0","582","1","1245.1439182136696","3","1.1758315772352408","No Review, Catalogue","0"
"627","1","THE_WHITE_ROOM_noWikiID","0.0520374856859669","0","583","1","0","0","0.15","No Review, Catalogue","0"
"594","0","THE_TALE_OF_MR_JEREMY_FISHER_noWikiID","0.11291791638611","0","584","0","0","0","0.15","No Review & No Catalogue","0"
"132","2","ERIC_OR_LITTLE_BY_LITTLE_Q5385958","0.0543008598413405","0","585","1","0","0","0.15","No Review, Catalogue","0"
"198","0","KNOCKNAGOW_noWikiID","0.0643129761992644","0","586","0","243.0491691470728","1","0.1925","No Review & No Catalogue","0"
"61","1","ARTHUR_MERVYN_Q4799713","0.0477757206414661","1","587","1","1381.6790626638435","3","1.5882259057656802","Review & Catalogue","1"
"75","3","CALEB_WILLIAMS_Q7784409","0.616422785736394","2","588","1","157.14093406898587","3","0.7137330492647822","Review & Catalogue","1"
"221","0","MARIA_OR_THE_WRONGS_OF_WOMAN_Q890170","0.616422785736394","1","589","0","19.532992697535306","1","0.5999973399669427","Review, No Catalogue","1"
"345","2","THE_ADVENTURES_OF_DAVID_SIMPLE_noWikiID","0.0566567958260902","0","59","1","824.2893515104022","7","2.369646894066974","No Review, Catalogue","0"
"366","0","THE_BICKERSTAFF_PAPERS_noWikiID","0.11291791638611","0","590","0","27.120683951131614","2","1.044262165932491","No Review & No Catalogue","0"
"201","1","LIBER_AMORIS_noWikiID","0.117501066676145","0","591","1","0","0","0.15","No Review, Catalogue","0"
"228","0","MATHILDA_Q3851863","0.0477757206414661","2","592","0","4.06545709192768","1","0.1925","Review, No Catalogue","1"
"176","0","IMAGINARY_PORTRAITS_noWikiID","0.127152048513252","0","593","0","0","0","0.15","No Review & No Catalogue","0"
"603","1","THE_TIME_MACHINE_Q627333","0.838012426793004","0","594","1","308.354775869292","2","0.6239850167892594","No Review, Catalogue","0"
"160","1","HAUNTINGS_noWikiID","0.049863479389024","0","595","1","708.6139052556864","3","0.539031761405479","No Review, Catalogue","0"
"653","2","UNDER_THE_GREENWOOD_TREE_Q2251594","0.30372380755444","1","596","1","1190.4073732399083","2","0.44184021212098396","Review & Catalogue","1"
"218","0","MADAM_HOW_AND_LADY_WHY_noWikiID","0.11291791638611","0","597","0","10534.242202227188","2","0.4003407966649071","No Review & No Catalogue","0"
"141","1","FAR_FROM_THE_MADDING_CROWD_Q5642996","0.323070787610778","1","598","1","1540.3837379778795","2","0.8151335784566486","Review & Catalogue","1"
"599","0","THE_THORN_IN_THE_FLESH_noWikiID","0.0477757206414661","0","599","0","0","0","0.15","No Review & No Catalogue","0"
"412","3","THE_EXPEDITION_OF_HUMPHRY_CLINKER_Q3203413","0.335938753528388","2","6","1","4122.260452459562","6","3.205948226450399","Review & Catalogue","1"
"52","0","AMY_FOSTER_Q4749187","0.11291791638611","0","60","0","0","0","0.15","No Review & No Catalogue","0"
"396","0","THE_DARK_FLOWER_noWikiID","0.0477757206414661","0","600","0","35.85747389865037","1","0.1925","No Review & No Catalogue","0"
"395","0","THE_CROWN_OF_SUCCESS_noWikiID","0.049863479389024","1","601","0","0","0","0.15","Review, No Catalogue","1"
"22","1","A_POLITICAL_ROMANCE_Q4658949","0.122244604531682","0","602","1","0","0","0.15","No Review, Catalogue","0"
"491","0","THE_LIGHTHOUSE_noWikiID","0.049863479389024","1","603","0","0","0","0.15","Review, No Catalogue","1"
"616","1","THE_VIRGINIANS_Q7772832","0.323070787610778","0","604","1","22.14405302010558","1","0.1925","No Review, Catalogue","0"
"569","0","THE_ROSARY_noWikiID","0.049863479389024","0","605","0","0","0","0.15","No Review & No Catalogue","0"
"168","1","HEREWARD_THE_WAKE_(NOVEL)_Q5738318","0.122244604531682","1","606","1","0","0","0.15","Review & Catalogue","1"
"388","2","THE_CLOISTER_AND_THE_HEARTH_Q7723455","0.0543008598413405","1","607","1","1924.3348429561418","3","0.46263518490530575","Review & Catalogue","1"
"179","1","IN_THE_YEAR_OF_JUBILEE_Q19572195","0.117501066676145","0","608","1","24.29092903757226","2","0.7441232070749491","No Review, Catalogue","0"
"564","1","THE_REVOLUTION_IN_TANNER'S_LANE_noWikiID","0.049863479389024","0","609","1","220.1166915120375","1","0.20454166666666668","No Review, Catalogue","0"
"202","1","LIFE'S_LITTLE_IRONIES_noWikiID","0.11291791638611","0","61","1","6.416666666666666","1","0.1925","No Review, Catalogue","0"
"270","0","PANDORA_noWikiID","0.11291791638611","0","610","0","0","0","0.15","No Review & No Catalogue","0"
"529","0","THE_NOTTING_HILL_MYSTERY_Q7754437","0.0477757206414661","1","611","0","0","0","0.15","Review, No Catalogue","1"
"91","0","CHARLOTTE_TEMPLE_noWikiID","0.0477757206414661","0","612","0","0","0","0.15","No Review & No Catalogue","0"
"342","1","THE_ABSENTEE_Q7712149","0.263655687664613","0","613","1","0","0","0.15","No Review, Catalogue","0"
"575","0","THE_SECRET_GARDEN_Q472194","0.353247063375283","1","614","0","45.21837754446556","1","0.1925","Review, No Catalogue","1"
"460","0","THE_HISTORY_OF_THE_NUN_Q7739821","0.11291791638611","0","615","0","0","1","0.6275620374580559","No Review & No Catalogue","0"
"577","0","THE_SECRET_SHARER_noWikiID","0.122244604531682","0","616","0","0","0","0.15","No Review & No Catalogue","0"
"654","0","UNDER_WESTERN_EYES_(NOVEL)_Q3685905","0.353247063375283","1","617","0","416.2097612951661","3","0.28954166666666664","Review, No Catalogue","1"
"322","0","SPIES_OF_THE_KAISER_noWikiID","0.0477757206414661","0","618","0","71.5483251008771","1","0.1925","No Review & No Catalogue","0"
"655","0","UNKNOWN_TO_HISTORY_noWikiID","0.0477757206414661","0","619","0","0","0","0.15","No Review & No Catalogue","0"
"622","1","THE_WELL-BELOVED_Q2906193","0.137472234822425","0","62","1","322.0194295491508","2","0.27286518117208935","No Review, Catalogue","0"
"673","0","WITH_THE_NIGHT_MAIL_noWikiID","0.122244604531682","0","620","0","0","0","0.15","No Review & No Catalogue","0"
"169","0","HERMSPRONG_Q5742104","0.0477757206414661","2","621","0","0","0","0.15","Review, No Catalogue","1"
"90","0","CHANCE_Q793748","0.294299317623214","0","622","0","0","0","0.15","No Review & No Catalogue","0"
"373","1","THE_BRITISH_BARBARIANS_noWikiID","0.0477757206414661","0","623","1","0","0","0.15","No Review, Catalogue","0"
"510","0","THE_MIRROR_OF_THE_SEA_noWikiID","0.11291791638611","0","624","0","65.6056365474238","1","0.2440784722222222","No Review & No Catalogue","0"
"643","1","TIME_AND_THE_GODS_Q7805268","0.0477757206414661","0","625","1","0","0","0.15","No Review, Catalogue","0"
"110","1","DAUGHTERS_OF_MEN_noWikiID","0.0477757206414661","0","626","1","509.2470316308595","1","0.31335242093096627","No Review, Catalogue","0"
"501","0","THE_MAN_WHO_WAS_THURSDAY_Q959816","0.0477757206414661","1","627","0","0","0","0.15","Review, No Catalogue","1"
"517","0","THE_MURDERED_COUSIN_noWikiID","0.11291791638611","0","628","0","0","0","0.15","No Review & No Catalogue","0"
"107","2","CRANFORD_(NOVEL)_Q265100","0.227753497177042","1","629","1","119.48507434498387","1","0.1925","Review & Catalogue","1"
"572","1","THE_SEAFARER_noWikiID","0.0477757206414661","0","63","1","13","1","0.1925","No Review, Catalogue","0"
"518","2","THE_MYSTERIES_OF_LONDON_Q7752831","0.0825857148766979","0","630","1","0","0","0.15","No Review, Catalogue","0"
"670","1","WILD_ANIMALS_I_HAVE_KNOWN_Q8000500","0.0477757206414661","0","631","1","617.8495010026627","1","0.20454166666666668","No Review, Catalogue","0"
"305","0","SARTOR_RESARTUS_Q1134140","0.605736576985184","0","632","0","15665.738425108757","1","0.25356254896794533","No Review & No Catalogue","0"
"3","1","A_CHRISTMAS_CAROL_Q62879","0.374053924716987","0","633","1","47.31930916491237","1","0.1925","No Review, Catalogue","0"
"6","1","A_DARK_NIGHT'S_WORK_Q16385401","0.049863479389024","1","634","1","0","0","0.15","Review & Catalogue","1"
"63","0","AT_THE_END_OF_THE_PASSAGE_noWikiID","0.117501066676145","0","635","0","0","0","0.15","No Review & No Catalogue","0"
"9","0","A_HOLIDAY_ROMANCE_noWikiID","0.122244604531682","0","636","0","0","0","0.15","No Review & No Catalogue","0"
"570","0","THE_ROSE_AND_THE_RING_Q7761552","0.127152048513252","1","637","0","164","1","0.1925","Review, No Catalogue","1"
"488","2","THE_LIFE_OF_JOHN_BUNCLE_noWikiID","0.0566567958260902","0","638","1","8.68277685176662","2","0.3736575645224207","No Review, Catalogue","0"
"207","1","LITTLE_LORD_FAUNTLEROY_Q387480","0.122244604531682","0","639","1","0","0","0.15","No Review, Catalogue","0"
"525","1","THE_NEW_MAGDALEN_noWikiID","0.117501066676145","0","64","1","41.25239980315526","1","0.36951179278159685","No Review, Catalogue","0"
"263","0","ORIGINAL_STORIES_FROM_REAL_LIFE_Q2705647","0.160221548263055","0","640","0","0","0","0.15","No Review & No Catalogue","0"
"29","1","A_SON_OF_THE_SOIL_Q106040512","0.049863479389024","1","641","1","0","0","0.15","Review & Catalogue","1"
"10","0","A_HOUSE_TO_LET_Q4657430","0.0477757206414661","0","642","0","4.833333333333333","1","0.1925","No Review & No Catalogue","0"
"428","1","THE_FROZEN_DEEP_Q7735382","0.117501066676145","0","643","1","0","0","0.15","No Review, Catalogue","0"
"146","1","FOR_THE_TERM_OF_HIS_NATURAL_LIFE_noWikiID","0.0477757206414661","0","644","1","181.12492916440286","1","0.22709182279855014","No Review, Catalogue","0"
"167","1","HENRY_DUNBAR_noWikiID","0.0477757206414661","0","645","1","23.100112314586","1","0.21434268312625587","No Review, Catalogue","0"
"550","2","THE_PRINCESS_AND_THE_GOBLIN_Q466505","0.11291791638611","1","646","1","0","0","0.15","Review & Catalogue","1"
"250","1","NIGHT_AND_MORNING_noWikiID","0.0477757206414661","1","647","1","0","0","0.15","Review & Catalogue","1"
"108","2","CROTCHET_CASTLE_Q5188976","0.0477757206414661","1","648","1","14587.831285191894","1","0.2218427222075845","Review & Catalogue","1"
"234","0","MEMOIRS_OF_CARWIN_THE_BILOQUIST_Q6815263","0.11291791638611","0","649","0","0","0","0.15","No Review & No Catalogue","0"
"219","2","MAN_AND_WIFE_(NOVEL)_Q16386863","0.313316107488017","1","65","1","188.23590798753102","5","2.5950728849915676","Review & Catalogue","1"
"129","0","ENNUI_Q117149111","0.117501066676145","0","650","0","118.83589276269387","1","0.2079534722222222","No Review & No Catalogue","0"
"32","1","A_STUDY_IN_SCARLET_Q223131","0.353247063375283","0","651","1","0","0","0.15","No Review, Catalogue","0"
"472","0","THE_ITALIAN_(RADCLIFFE_NOVEL)_Q3204370","0.204901193890185","0","652","0","5765.161734783339","1","0.48529657636038026","No Review & No Catalogue","0"
"546","0","THE_POINT_OF_VIEW_noWikiID","0.11291791638611","0","653","0","0","0","0.15","No Review & No Catalogue","0"
"668","0","WET_MAGIC_noWikiID","0.0477757206414661","0","654","0","0","0","0.15","No Review & No Catalogue","0"
"440","0","THE_HAUNTED_HOUSE_Q6073289","0.11291791638611","1","655","0","0","0","0.15","Review, No Catalogue","1"
"454","0","THE_HISTORY_OF_MR_POLLY_Q2507552","0.0520374856859669","0","656","0","0","0","0.15","No Review & No Catalogue","0"
"214","0","LOVE_AND_MADNESS_Q6691643","0.0477757206414661","1","657","0","306.48571428571427","1","0.5710531086481744","Review, No Catalogue","1"
"495","1","THE_LOUGH_DERG_PILGRIM_noWikiID","0.0477757206414661","0","658","1","566.4213054756102","1","0.789893004505598","No Review, Catalogue","0"
"327","0","STELLA_MARIS_noWikiID","0.0543008598413405","0","659","0","0","0","0.15","No Review & No Catalogue","0"
"409","2","THE_EUSTACE_DIAMONDS_Q7732627","0.294299317623214","1","66","1","1865.4874970795943","8","5.020246584327938","Review & Catalogue","1"
"145","0","FLATLAND_noWikiID","0.141170686071351","0","660","0","0","0","0.15","No Review & No Catalogue","0"
"113","0","DE_PROFUNDIS_(LETTER)_Q1249459","0.154263355437284","0","661","0","0","0","0.15","No Review & No Catalogue","0"
"23","0","A_RIDE_ACROSS_PALESTINE_noWikiID","0.11291791638611","0","662","0","0","0","0.15","No Review & No Catalogue","0"
"411","1","THE_EXECUTOR_noWikiID","0.0477757206414661","0","663","1","0","0","0.15","No Review, Catalogue","0"
"361","1","THE_BATTLE_OF_DORKING_Q7715857","0.0520374856859669","0","664","1","7792.674156515928","1","0.2720887863478241","No Review, Catalogue","0"
"124","0","DUBLINERS_Q459592","0.797979883708377","0","665","0","0","0","0.15","No Review & No Catalogue","0"
"574","0","THE_SECRET_AGENT_Q1247666","0.384640372733741","0","666","0","644.0601645838894","1","0.23203680555555556","No Review & No Catalogue","0"
"533","3","THE_OLD_ENGLISH_BARON_Q3796165","0.27863497027921","0","667","1","8978.84581403497","1","1.2386382946655576","No Review, Catalogue","0"
"335","0","TALES_FROM_SHAKESPEARE_Q589197","0.0591085593605752","0","668","0","52.1728678433014","1","0.48529657636038026","No Review & No Catalogue","0"
"473","0","THE_JOLLY_CORNER_Q15240001","0.11291791638611","0","669","0","0","0","0.15","No Review & No Catalogue","0"
"237","2","MIDDLEMARCH_Q313129","0.976152943083648","1","67","1","1456.9723416084005","3","1.0089030762955158","Review & Catalogue","1"
"152","0","GRANNY'S_WONDERFUL_CHAIR_noWikiID","0.117501066676145","1","670","0","0","0","0.15","Review, No Catalogue","1"
"511","0","THE_MISFORTUNES_OF_ELPHIN_Q7751712","0.049863479389024","2","671","0","0","0","0.15","Review, No Catalogue","1"
"137","1","EVENINGS_AT_HOME_Q5416654","0.0543008598413405","0","672","1","196.04303561983676","2","0.25142015046296295","No Review, Catalogue","0"
"478","1","THE_KING_OF_THE_GOLDEN_RIVER_Q14476439","0.122244604531682","1","673","1","0","0","0.15","Review & Catalogue","1"
"94","0","CITY_SCENES_noWikiID","0.0477757206414661","0","674","0","0","0","0.15","No Review & No Catalogue","0"
"421","0","THE_FIGURE_IN_THE_CARPET_Q3224800","0.11291791638611","0","675","0","0","0","0.15","No Review & No Catalogue","0"
"677","1","ZASTROZZI_Q8067086","0.127152048513252","1","676","1","0","0","0.15","Review & Catalogue","1"
"393","0","THE_CRICKET_ON_THE_HEARTH_Q825220","0.11291791638611","1","677","0","0","0","0.15","Review, No Catalogue","1"
"82","0","CARROTS_noWikiID","0.0477757206414661","0","678","0","0","0","0.15","No Review & No Catalogue","0"
"665","0","WAYFARERS_noWikiID","0.049863479389024","1","679","0","0","0","0.15","Review, No Catalogue","1"
"158","1","HARD_TIMES_(NOVEL)_Q1340493","0.706633180000831","1","68","1","391.76091629951355","2","1.3336915558407278","Review & Catalogue","1"
"71","2","BLEAK_HOUSE_Q883305","0.958008839727505","1","69","1","4668.261820310135","7","3.350222439031114","Review & Catalogue","1"
"613","4","THE_VICAR_OF_WAKEFIELD_Q1196205","0.332981899154278","1","7","1","1216.7306343501955","6","2.2908709956062467","Review & Catalogue","1"
"300","2","RUTH_Q80038","0.212324186920024","1","70","1","4815.379934346694","7","2.480006622513351","Review & Catalogue","1"
"259","0","ODOUR_OF_CHRYSANTHEMUMS_Q7078330","0.049863479389024","0","71","0","0","0","0.15","No Review & No Catalogue","0"
"38","0","ACTIONS_AND_REACTIONS_noWikiID","0.117501066676145","0","72","0","2.3761904761904757","1","0.1925","No Review & No Catalogue","0"
"144","1","FIVE_CHILDREN_AND_IT_noWikiID","0.0477757206414661","0","73","1","526.0681689925239","6","0.5404479000771605","No Review, Catalogue","0"
"429","0","THE_GENTLEMAN_noWikiID","0.049863479389024","0","74","0","1366.4046447676228","5","0.42612013888888883","No Review & No Catalogue","0"
"74","1","BROKEN_TO_HARNESS_noWikiID","0.049863479389024","1","75","1","472.21886083329446","3","0.4650268740296707","Review & Catalogue","1"
"119","1","DOCTOR_THORNE_noWikiID","0.294299317623214","1","76","1","7184.1617207470845","8","4.987444881371916","Review & Catalogue","1"
"333","1","SYLVIE_AND_BRUNO_Q1632505","0.11291791638611","0","77","1","288.5615411677474","2","0.29713379718113775","No Review, Catalogue","0"
"551","1","THE_PRINCESS_CASAMASSIMA_Q3211932","0.122244604531682","0","78","1","8745.13103076058","9","3.767474933923574","No Review, Catalogue","0"
"293","1","ROBERT_ELSMERE_Q7344052","0.0643129761992644","1","79","1","4104.921195052623","10","3.343241800561127","Review & Catalogue","1"
"507","1","THE_MEMOIRS_OF_MISS_SIDNEY_BIDULPH_Q124661412","0.154263355437284","0","8","1","16284.865689790104","9","3.4784351522721457","No Review, Catalogue","0"
"659","2","VATHEK_Q54548","0.353247063375283","2","80","1","0","0","0.15","Review & Catalogue","1"
"88","2","CELESTINA_Q583705","0.11291791638611","2","81","1","15451.564841942016","7","3.102772315369645","Review & Catalogue","1"
"128","1","EMMELINE_Q5373421","0.137472234822425","1","82","1","4617.23878860812","7","3.38726974081629","Review & Catalogue","1"
"27","2","A_SICILIAN_ROMANCE_Q979649","0.190637850864638","0","83","1","645.6987319447842","4","1.8855125461654036","No Review, Catalogue","0"
"102","1","CONFESSIONS_OF_AN_ENGLISH_OPIUM-EATER_Q1610128","0.353247063375283","1","84","1","0","0","0.15","Review & Catalogue","1"
"231","0","MELMOTH_THE_WANDERER_Q1475956","0.356287748913087","1","85","0","425.5960864760264","4","1.13363298743504","Review, No Catalogue","1"
"148","1","FRANKENSTEIN_Q150827","0.985957888404111","1","86","1","3483.2261617961717","7","1.57936580609719","Review & Catalogue","1"
"612","1","THE_VAMPYRE_Q509070","0.313316107488017","2","87","1","27.075292252710806","2","0.24704166666666666","Review & Catalogue","1"
"630","0","THE_WIND_IN_THE_WILLOWS_Q936276","0.384640372733741","0","88","0","0","0","0.15","No Review & No Catalogue","0"
"424","1","THE_FOOD_OF_THE_GODS_AND_HOW_IT_CAME_TO_EARTH_Q1215802","0.0520374856859669","0","89","1","5531.3851053043245","9","1.154290152064033","No Review, Catalogue","0"
"392","0","THE_COUNTRY_OF_THE_BLIND_Q823691","0.154263355437284","0","9","0","0","0","0.15","No Review & No Catalogue","0"
"649","1","TWO_LITTLE_SAVAGES_noWikiID","0.0477757206414661","0","90","1","315.5755801960136","1","0.1925","No Review, Catalogue","0"
"534","3","THE_OLD_MANOR_HOUSE_Q96409526","0.160221548263055","2","91","1","1447.8343059500735","9","3.1674947832732556","Review & Catalogue","1"
"57","3","ANNA_ST_IVES_noWikiID","0.122244604531682","2","92","1","35.48363661184778","3","1.4757735579658757","Review & Catalogue","1"
"28","3","A_SIMPLE_STORY_Q4659531","0.177146178958168","2","93","1","17451.02552165836","6","1.9591846861429318","Review & Catalogue","1"
"544","0","THE_PICTURE_OF_DORIAN_GRAY_Q82464","0.605736576985184","1","94","0","905.9125572585178","2","0.656984227572061","Review, No Catalogue","1"
"17","0","A_MERE_ACCIDENT_noWikiID","0.11291791638611","0","95","0","1258.5320306010733","4","0.6566802743897984","No Review & No Catalogue","0"
"24","1","A_ROMANCE_OF_TWO_WORLDS_Q4659270","0.049863479389024","0","96","1","7023.441531340319","6","0.8682701852089377","No Review, Catalogue","0"
"247","1","NEW_ARABIAN_NIGHTS_noWikiID","0.11291791638611","0","97","1","577.0011206276951","5","0.8099948921439519","No Review, Catalogue","0"
"329","1","SUNRISE_noWikiID","0.11291791638611","0","98","1","492.15253873655666","5","1.8631188191197685","No Review, Catalogue","0"
"556","0","THE_PURCELL_PAPERS_Q7758781","0.11291791638611","0","99","0","738.3923837790741","4","1.2097136314526205","No Review & No Catalogue","0"
